This version of µWS is not compatible with your Node.js build:

Error: Cannot find module '../binaries/uws_win32_x64_137.node'
Require stack:
- C:\Users\yerta\AppData\Roaming\npm\node_modules\ganache\node_modules\@trufflesuite\uws-js-unofficial\src\uws.js
- C:\Users\yerta\AppData\Roaming\npm\node_modules\ganache\dist\node\cli.js
Falling back to a NodeJS implementation; performance may be degraded.


ganache v7.9.2 (@ganache/cli: 0.10.2, @ganache/core: 0.10.2)
Starting RPC server

Available Accounts
==================
(0) 0x90F8bf6A479f320ead074411a4B0e7944Ea8c9C1 (100 ETH)
(1) 0xFFcf8FDEE72ac11b5c542428B35EEF5769C409f0 (100 ETH)
(2) 0x22d491Bde2303f2f43325b2108D26f1eAbA1e32b (100 ETH)
(3) 0xE11BA2b4D45Eaed5996Cd0823791E0C93114882d (100 ETH)
(4) 0xd03ea8624C8C5987235048901fB614fDcA89b117 (100 ETH)
(5) 0x95cED938F7991cd0dFcb48F0a06a40FA1aF46EBC (100 ETH)
(6) 0x3E5e9111Ae8eB78Fe1CC3bb8915d5D461F3Ef9A9 (100 ETH)
(7) 0x28a8746e75304c0780E011BEd21C72cD78cd535E (100 ETH)
(8) 0xACa94ef8bD5ffEE41947b4585a84BdA5a3d3DA6E (100 ETH)
(9) 0x1dF62f291b2E969fB0849d99D9Ce41e2F137006e (100 ETH)

Private Keys
==================
(0) 0x4f3edf983ac636a65a842ce7c78d9aa706d3b113bce9c46f30d7d21715b23b1d
(1) 0x6cbed15c793ce57650b9877cf6fa156fbef513c4e6134f022a85b1ffdd59b2a1
(2) 0x6370fd033278c143179d81c5526140625662b8daa446c22ee2d73db3707e620c
(3) 0x646f1ce2fdad0e6deeeb5c7e8e5543bdde65e86029e2fd9fc169899c440a7913
(4) 0xadd53f9a7e588d003326d1cbf9e4a43c061aadd9bc938c843a79e7b4fd2ad743
(5) 0x395df67f0c2d2d9fe1ad08d1bc8b6627011959b79c53d7dd6a3536a33ab8a4fd
(6) 0xe485d098507f54e7733a205420dfddbe58db035fa577fc294ebd14db90767a52
(7) 0xa453611d9419d0e56f499079478fd72c37b251a94bfde4d19872c44cf65386e3
(8) 0x829e924fdf021ba3dbbc4225edfece9aca04b929d6e75613329ca6f1d31c0bb4
(9) 0xb0057716d5917badaf911b193b12b910811c1497b5bada8d7711f758981c3773

HD Wallet
==================
Mnemonic:      [38;2;228;166;99mmyth like bonus scare over problem client lizard pioneer submit female collect[39m
Base HD Path:  [38;2;228;166;99mm/44'/60'/0'/0/{account_index}[39m

Default Gas Price
==================
[38;2;228;166;99m2000000000[39m

BlockGas Limit
==================
[38;2;228;166;99m30000000[39m

Call Gas Limit
==================
[38;2;228;166;99m50000000[39m

Chain
==================
Hardfork: [38;2;228;166;99mshanghai[39m
Id:       [38;2;228;166;99m1337[39m

RPC Listening on 127.0.0.1:8545
web3_clientVersion
eth_blockNumber
web3_clientVersion
eth_accounts
eth_accounts
eth_accounts
eth_accounts
eth_accounts
eth_accounts
eth_accounts
eth_accounts
eth_accounts
eth_getBlockByNumber
eth_chainId
eth_sendTransaction

  Transaction: 0x0ceb3544b09f1d6318cc3fe10442ced6324457e43ee3126d7742c46ceac0b628
  Contract created: 0xe78a0f7e598cc8b0bb87894b0f60dd2a88d6a8ab
  Gas usage: 2048469
  Block number: 1
  Block time: Wed Jun 10 2026 05:53:29 GMT+0900 (Korean Standard Time)

eth_chainId
eth_getTransactionReceipt
eth_getBlockByNumber
eth_chainId
eth_sendTransaction

  Transaction: 0x67c46cfc258d62cb2a5c855324724d4adc968cd672a6cfdc2c03d60f6c7ede13
  Gas usage: 48811
  Block number: 2
  Block time: Wed Jun 10 2026 05:53:29 GMT+0900 (Korean Standard Time)

eth_chainId
eth_getBlockByNumber
eth_chainId
eth_sendTransaction

  Transaction: 0x0e6e622a5f2361523d6df51e0d3355110bf3d48bf1828fd05c38f8ff80d9c3b2
  Gas usage: 48799
  Block number: 3
  Block time: Wed Jun 10 2026 05:53:29 GMT+0900 (Korean Standard Time)

eth_chainId
eth_getBlockByNumber
eth_chainId
eth_sendTransaction

  Transaction: 0xcf1fc1722b6f18cd74912ef2d157784822e3cc33046107d014625e7852c43ffd
  Gas usage: 48811
  Block number: 4
  Block time: Wed Jun 10 2026 05:53:29 GMT+0900 (Korean Standard Time)

eth_chainId
eth_getBlockByNumber
eth_chainId
eth_sendTransaction

  Transaction: 0xfa06a098e749b4b2f9f1b4ea4a43c413778fccbda0774384ea423485b9d8c075
  Gas usage: 48811
  Block number: 5
  Block time: Wed Jun 10 2026 05:53:29 GMT+0900 (Korean Standard Time)

eth_chainId
eth_chainId
eth_call
eth_chainId
eth_chainId
eth_call
eth_chainId
eth_chainId
eth_call
eth_chainId
eth_chainId
eth_call
eth_chainId
eth_chainId
eth_call
eth_chainId
eth_getBlockByNumber
eth_chainId
eth_sendTransaction

  Transaction: 0x5a678daf5c4e884b54cc8bf4370736f6882acc0fe0fd2c04ed46de49a780a2bf
  Contract created: 0xd833215cbcc3f914bd1c9ece3ee7bf8b14f841bb
  Gas usage: 1289187
  Block number: 6
  Block time: Wed Jun 10 2026 05:53:51 GMT+0900 (Korean Standard Time)

eth_chainId
eth_getTransactionReceipt
eth_getBlockByNumber
eth_chainId
eth_sendTransaction

  Transaction: 0xcefb0ee650ce0f12dea45e30a8eae78a0dd7c6535d2942f8971bc416579edae7
  Contract created: 0x9561c133dd8580860b6b7e504bc5aa500f0f06a7
  Gas usage: 1223602
  Block number: 7
  Block time: Wed Jun 10 2026 05:53:51 GMT+0900 (Korean Standard Time)

eth_chainId
eth_getTransactionReceipt
eth_getBlockByNumber
eth_chainId
eth_sendTransaction

  Transaction: 0xebca03a8d143f2f7b169baeed759d0889713d525cca0554fba696b14b600f4a2
  Gas usage: 265754
  Block number: 8
  Block time: Wed Jun 10 2026 05:54:08 GMT+0900 (Korean Standard Time)

eth_chainId
eth_getTransactionReceipt
eth_getBlockByNumber
eth_chainId
eth_sendTransaction

  Transaction: 0x312637236ad1571755ab59e157e074dfc2bfde97ffb75c3f927db2065aac8a64
  Gas usage: 228622
  Block number: 9
  Block time: Wed Jun 10 2026 05:54:08 GMT+0900 (Korean Standard Time)

eth_chainId
eth_getTransactionReceipt
eth_getBlockByNumber
eth_chainId
eth_sendTransaction

  Transaction: 0xb5fc631b9b9da525758ae19824062d0e178c873715565c871df7a99fe4c0f700
  Gas usage: 228646
  Block number: 10
  Block time: Wed Jun 10 2026 05:54:08 GMT+0900 (Korean Standard Time)

eth_chainId
eth_getTransactionReceipt
eth_getBlockByNumber
eth_chainId
eth_sendTransaction

  Transaction: 0x31468163eb841558f08bf2210a08f48c03238df463d53b8e23bbc2d109732d93
  Gas usage: 228778
  Block number: 11
  Block time: Wed Jun 10 2026 05:54:08 GMT+0900 (Korean Standard Time)

eth_chainId
eth_getTransactionReceipt
eth_getBlockByNumber
eth_chainId
eth_sendTransaction

  Transaction: 0xe9d5a5f6cee870f0c963f01941a8358e3b808ee249e1bca32d387244829e90a2
  Gas usage: 228694
  Block number: 12
  Block time: Wed Jun 10 2026 05:54:08 GMT+0900 (Korean Standard Time)

eth_chainId
eth_getTransactionReceipt
eth_getBlockByNumber
eth_chainId
eth_sendTransaction

  Transaction: 0x1cba21b4a52996e0242d20f7463ae93ae4dbb654a254f8d017076a4eb7fdd93d
  Gas usage: 228754
  Block number: 13
  Block time: Wed Jun 10 2026 05:54:08 GMT+0900 (Korean Standard Time)

eth_chainId
eth_getTransactionReceipt
eth_getBlockByNumber
eth_chainId
eth_sendTransaction

  Transaction: 0xe62ed32b1b6994ee4114576d9dc215a1f7d5cd696943eed9047e159284f5f66b
  Gas usage: 228742
  Block number: 14
  Block time: Wed Jun 10 2026 05:54:08 GMT+0900 (Korean Standard Time)

eth_chainId
eth_getTransactionReceipt
eth_getBlockByNumber
eth_chainId
eth_sendTransaction

  Transaction: 0xecc816e9a17eb369e5dcb72bdf66a2a0c6b8afa28ef1886b8db05af9ab0794fe
  Gas usage: 248666
  Block number: 15
  Block time: Wed Jun 10 2026 05:54:08 GMT+0900 (Korean Standard Time)

eth_chainId
eth_getTransactionReceipt
eth_getBlockByNumber
eth_chainId
eth_sendTransaction

  Transaction: 0x6c16f8dcbd918350c9a18446ecfeee8e99be1715af2c42eea65376d758e7aaca
  Gas usage: 228730
  Block number: 16
  Block time: Wed Jun 10 2026 05:54:08 GMT+0900 (Korean Standard Time)

eth_chainId
eth_getTransactionReceipt
eth_getBlockByNumber
eth_chainId
eth_sendTransaction

  Transaction: 0x1dfb2947b4f2ae8b93beef83ef5e90bed7bc3a0235d0cd44c632c807f75c57a9
  Gas usage: 228670
  Block number: 17
  Block time: Wed Jun 10 2026 05:54:08 GMT+0900 (Korean Standard Time)

eth_chainId
eth_getTransactionReceipt
eth_getBlockByNumber
eth_chainId
eth_sendTransaction

  Transaction: 0xad2c61ef5e96bd2024b42c23a5da588f94b5beef28c07cbd0e74be5dfee2c494
  Gas usage: 228802
  Block number: 18
  Block time: Wed Jun 10 2026 05:54:08 GMT+0900 (Korean Standard Time)

eth_chainId
eth_getTransactionReceipt
eth_getBlockByNumber
eth_chainId
eth_sendTransaction

  Transaction: 0x37bed2f0794a2f0c3892e2cd793b3fea1bbed6399bded42428dd68512409be9d
  Gas usage: 228718
  Block number: 19
  Block time: Wed Jun 10 2026 05:54:08 GMT+0900 (Korean Standard Time)

eth_chainId
eth_getTransactionReceipt
eth_getBlockByNumber
eth_chainId
eth_sendTransaction

  Transaction: 0x8df47a2ee33209ce9a58b576be72002d78d3c5eb1e47d70a066dd919720e4307
  Gas usage: 228778
  Block number: 20
  Block time: Wed Jun 10 2026 05:54:08 GMT+0900 (Korean Standard Time)

eth_chainId
eth_getTransactionReceipt
eth_getBlockByNumber
eth_chainId
eth_sendTransaction

  Transaction: 0xb1869d696d31131e577a1a3ee55fc54be27fe59ddf734515b0e63693053323e5
  Gas usage: 228766
  Block number: 21
  Block time: Wed Jun 10 2026 05:54:08 GMT+0900 (Korean Standard Time)

eth_chainId
eth_getTransactionReceipt
eth_getBlockByNumber
eth_chainId
eth_sendTransaction

  Transaction: 0xbb9372c37de518130c41dc1ca51f826a34d0a807be6c9a09c880e21a8141c5fe
  Gas usage: 248570
  Block number: 22
  Block time: Wed Jun 10 2026 05:54:08 GMT+0900 (Korean Standard Time)

eth_chainId
eth_getTransactionReceipt
eth_getBlockByNumber
eth_chainId
eth_sendTransaction

  Transaction: 0x082fd762514c8910943d83f37d8f3542641ca8dd09efa3361d09d12204e1b259
  Gas usage: 228730
  Block number: 23
  Block time: Wed Jun 10 2026 05:54:08 GMT+0900 (Korean Standard Time)

eth_chainId
eth_getTransactionReceipt
eth_getBlockByNumber
eth_chainId
eth_sendTransaction

  Transaction: 0x99f0aab06c8e13467523c40c8fa91db7ad77b306edc7c0acf5e0930ca910c633
  Gas usage: 228670
  Block number: 24
  Block time: Wed Jun 10 2026 05:54:08 GMT+0900 (Korean Standard Time)

eth_chainId
eth_getTransactionReceipt
eth_getBlockByNumber
eth_chainId
eth_sendTransaction

  Transaction: 0xcb332cf97caa86b7251d670e114721cff796d34d36efcfe3c913accedba57496
  Gas usage: 228742
  Block number: 25
  Block time: Wed Jun 10 2026 05:54:08 GMT+0900 (Korean Standard Time)

eth_chainId
eth_getTransactionReceipt
eth_getBlockByNumber
eth_chainId
eth_sendTransaction

  Transaction: 0x92aab2305634e9fb4d70daa3c330086888df61a213c7127a5f9e5edc75362b50
  Gas usage: 228754
  Block number: 26
  Block time: Wed Jun 10 2026 05:54:08 GMT+0900 (Korean Standard Time)

eth_chainId
eth_getTransactionReceipt
eth_getBlockByNumber
eth_chainId
eth_sendTransaction

  Transaction: 0xa824d5d6a90003945fb9ffc9c18bf203423245dca8e2248a6a22f1b0cacc8658
  Gas usage: 228802
  Block number: 27
  Block time: Wed Jun 10 2026 05:54:08 GMT+0900 (Korean Standard Time)

eth_chainId
eth_getTransactionReceipt
eth_getBlockByNumber
eth_chainId
eth_sendTransaction

  Transaction: 0x40693a1e4c86630c92a972396883334a5cdceee5efc8e8221bd963ddb0d9553a
  Gas usage: 228742
  Block number: 28
  Block time: Wed Jun 10 2026 05:54:08 GMT+0900 (Korean Standard Time)

eth_chainId
eth_getTransactionReceipt
eth_getBlockByNumber
eth_chainId
eth_sendTransaction

  Transaction: 0xff615f2e794f548fd79e86be8636166e1bac2ccbc77c358a3aed6c932657c2bb
  Gas usage: 228718
  Block number: 29
  Block time: Wed Jun 10 2026 05:54:08 GMT+0900 (Korean Standard Time)

eth_chainId
eth_getTransactionReceipt
eth_getBlockByNumber
eth_chainId
eth_sendTransaction

  Transaction: 0x0a3161d9558cda0d2301064ededd9b7f0db36a4b38bd9241b0e20013358a3fc0
  Gas usage: 228718
  Block number: 30
  Block time: Wed Jun 10 2026 05:54:08 GMT+0900 (Korean Standard Time)

eth_chainId
eth_getTransactionReceipt
eth_getBlockByNumber
eth_chainId
eth_sendTransaction

  Transaction: 0x7c5b35ca4f2c58ff3e1b4b2f98fccfee38552d2cd92722b18cc9e43da74f6d64
  Gas usage: 228706
  Block number: 31
  Block time: Wed Jun 10 2026 05:54:08 GMT+0900 (Korean Standard Time)

eth_chainId
eth_getTransactionReceipt
eth_getBlockByNumber
eth_chainId
eth_sendTransaction

  Transaction: 0x552dab24b01f1e142685b835939445027f789d319ab9f814e5668008998b5033
  Gas usage: 228706
  Block number: 32
  Block time: Wed Jun 10 2026 05:54:08 GMT+0900 (Korean Standard Time)

eth_chainId
eth_getTransactionReceipt
eth_getBlockByNumber
eth_chainId
eth_sendTransaction

  Transaction: 0x0a237110acfe9bfa35815c8ae2c21e2bd777c9f4af8fd28c2ab77d6a2c7fc511
  Gas usage: 228742
  Block number: 33
  Block time: Wed Jun 10 2026 05:54:08 GMT+0900 (Korean Standard Time)

eth_chainId
eth_getTransactionReceipt
eth_getBlockByNumber
eth_chainId
eth_sendTransaction

  Transaction: 0x4d952fa5caada3a21b608ae72c9812f334bee9c463db3805f4fd8638223d724b
  Gas usage: 228730
  Block number: 34
  Block time: Wed Jun 10 2026 05:54:08 GMT+0900 (Korean Standard Time)

eth_chainId
eth_getTransactionReceipt
eth_getBlockByNumber
eth_chainId
eth_sendTransaction

  Transaction: 0x72d9e529d06179aae9ff2834de1f4faad66cb0fab0925e19aa5d116130543856
  Gas usage: 228670
  Block number: 35
  Block time: Wed Jun 10 2026 05:54:08 GMT+0900 (Korean Standard Time)

eth_chainId
eth_getTransactionReceipt
eth_getBlockByNumber
eth_chainId
eth_sendTransaction

  Transaction: 0xdfaeb5fef5cbbfc404baaeb4f7ae459f2ab67bec0f48c9e74f237c088f99131b
  Gas usage: 228646
  Block number: 36
  Block time: Wed Jun 10 2026 05:54:08 GMT+0900 (Korean Standard Time)

eth_chainId
eth_getTransactionReceipt
eth_getBlockByNumber
eth_chainId
eth_sendTransaction

  Transaction: 0x058c5a1486b3754941f9d4e57728ec76270e58bd9f9973f9e715da42e85dcf28
  Gas usage: 228694
  Block number: 37
  Block time: Wed Jun 10 2026 05:54:08 GMT+0900 (Korean Standard Time)

eth_chainId
eth_getTransactionReceipt
eth_getBlockByNumber
eth_chainId
eth_sendTransaction

  Transaction: 0xcd84a5bf3c2870e42efa3e5ff1d6a1add1c74e723ee3d9d537d022ea57967cb4
  Gas usage: 228790
  Block number: 38
  Block time: Wed Jun 10 2026 05:54:08 GMT+0900 (Korean Standard Time)

eth_chainId
eth_getTransactionReceipt
eth_getBlockByNumber
eth_chainId
eth_sendTransaction

  Transaction: 0x47199beeca8ece2a6d7c28b00e838855642ca31d9f9a0805b51b1674bd749f36
  Gas usage: 228742
  Block number: 39
  Block time: Wed Jun 10 2026 05:54:08 GMT+0900 (Korean Standard Time)

eth_chainId
eth_getTransactionReceipt
eth_getBlockByNumber
eth_chainId
eth_sendTransaction

  Transaction: 0x9cdf49690cedb9deedcf30dc0130ffbddfa80d1c230b20df2779af6804996a9a
  Gas usage: 228754
  Block number: 40
  Block time: Wed Jun 10 2026 05:54:08 GMT+0900 (Korean Standard Time)

eth_chainId
eth_getTransactionReceipt
eth_getBlockByNumber
eth_chainId
eth_sendTransaction

  Transaction: 0xabf679282f424a1ddfb57a9ee080de994e5f7ba4cc7d60bc6d4c7a5f03fa4794
  Gas usage: 228778
  Block number: 41
  Block time: Wed Jun 10 2026 05:54:08 GMT+0900 (Korean Standard Time)

eth_chainId
eth_getTransactionReceipt
eth_getBlockByNumber
eth_chainId
eth_sendTransaction

  Transaction: 0xabb40f500d30252fd0021f66a53453b5a990867bd2fac788b9da0e986935aa57
  Gas usage: 228766
  Block number: 42
  Block time: Wed Jun 10 2026 05:54:09 GMT+0900 (Korean Standard Time)

eth_chainId
eth_getTransactionReceipt
eth_getBlockByNumber
eth_chainId
eth_sendTransaction

  Transaction: 0xb6b3eb3b1b7a7d14a444d9003ea0b820ce389dd1db9ef97523facda74eb8ea3c
  Gas usage: 228898
  Block number: 43
  Block time: Wed Jun 10 2026 05:54:09 GMT+0900 (Korean Standard Time)

eth_chainId
eth_getTransactionReceipt
eth_getBlockByNumber
eth_chainId
eth_sendTransaction

  Transaction: 0x9664a19b8edb1cde0e87b2f8c6f6eb2fe1c1ae4ab6c266be3dd3c380d8266219
  Gas usage: 228706
  Block number: 44
  Block time: Wed Jun 10 2026 05:54:09 GMT+0900 (Korean Standard Time)

eth_chainId
eth_getTransactionReceipt
eth_getBlockByNumber
eth_chainId
eth_sendTransaction

  Transaction: 0xd9af61dc5b32319264adccb81bbc215b5293661289b1970d1a3d7b6728d6739a
  Gas usage: 228658
  Block number: 45
  Block time: Wed Jun 10 2026 05:54:09 GMT+0900 (Korean Standard Time)

eth_chainId
eth_getTransactionReceipt
eth_getBlockByNumber
eth_chainId
eth_sendTransaction

  Transaction: 0x0e839ec72b54ac230fe8c16b7b74ff1c05bd20038651598b299758a3868e7768
  Gas usage: 228778
  Block number: 46
  Block time: Wed Jun 10 2026 05:54:09 GMT+0900 (Korean Standard Time)

eth_chainId
eth_getTransactionReceipt
eth_getBlockByNumber
eth_chainId
eth_sendTransaction

  Transaction: 0x27d7b67f266408732fde8be4e9c63ba30380787bdbde5a7b32caeec0d8ca59a7
  Gas usage: 228706
  Block number: 47
  Block time: Wed Jun 10 2026 05:54:09 GMT+0900 (Korean Standard Time)

eth_chainId
eth_getTransactionReceipt
eth_getBlockByNumber
eth_chainId
eth_sendTransaction

  Transaction: 0x9cb0a397493cd4fdc0aa7f22db29fa82ee5a4d42999e89883c7d3127f9d2a4a6
  Gas usage: 228766
  Block number: 48
  Block time: Wed Jun 10 2026 05:54:09 GMT+0900 (Korean Standard Time)

eth_chainId
eth_getTransactionReceipt
eth_getBlockByNumber
eth_chainId
eth_sendTransaction

  Transaction: 0x68d8d026b9942cda34c6e2f83eb71fd1e1d8fbe187bb00bd7f17f8d6224d0ec9
  Gas usage: 228778
  Block number: 49
  Block time: Wed Jun 10 2026 05:54:09 GMT+0900 (Korean Standard Time)

eth_chainId
eth_getTransactionReceipt
eth_getBlockByNumber
eth_chainId
eth_sendTransaction

  Transaction: 0x6467bf33de9fca98314bad1324f3b003749ee941d90619841c9a3ff6918a370b
  Gas usage: 228742
  Block number: 50
  Block time: Wed Jun 10 2026 05:54:09 GMT+0900 (Korean Standard Time)

eth_chainId
eth_getTransactionReceipt
eth_getBlockByNumber
eth_chainId
eth_sendTransaction

  Transaction: 0x7af25826fc43bb8b22446a672cbdbace7a73b84efb9c9e8445f511aa5f0dd42b
  Gas usage: 228766
  Block number: 51
  Block time: Wed Jun 10 2026 05:54:09 GMT+0900 (Korean Standard Time)

eth_chainId
eth_getTransactionReceipt
eth_getBlockByNumber
eth_chainId
eth_sendTransaction

  Transaction: 0x4219915696e1805641d4f63139902a7716c8d3eaf18fff9b5eddfb95621b1690
  Gas usage: 228742
  Block number: 52
  Block time: Wed Jun 10 2026 05:54:09 GMT+0900 (Korean Standard Time)

eth_chainId
eth_getTransactionReceipt
eth_getBlockByNumber
eth_chainId
eth_sendTransaction

  Transaction: 0xa4c47150f05cdf22033892cb57b1e29faef930232c2e9e7c69607327adcc1c10
  Gas usage: 228790
  Block number: 53
  Block time: Wed Jun 10 2026 05:54:09 GMT+0900 (Korean Standard Time)

eth_chainId
eth_getTransactionReceipt
eth_getBlockByNumber
eth_chainId
eth_sendTransaction

  Transaction: 0x34530f3036624650d0a818a6389c02220270176b48ff3a11df62cf11c87458e0
  Gas usage: 228730
  Block number: 54
  Block time: Wed Jun 10 2026 05:54:09 GMT+0900 (Korean Standard Time)

eth_chainId
eth_getTransactionReceipt
eth_getBlockByNumber
eth_chainId
eth_sendTransaction

  Transaction: 0xdff330aedf0949da1d593ad4c1e909cd947aedc86d974990d3de5bd5c7fb36eb
  Gas usage: 228898
  Block number: 55
  Block time: Wed Jun 10 2026 05:54:09 GMT+0900 (Korean Standard Time)

eth_chainId
eth_getTransactionReceipt
eth_getBlockByNumber
eth_chainId
eth_sendTransaction

  Transaction: 0xdfbbe77512280533a97ea69bc510d1e8b38478c1f39e43a9af2fed155d14b01b
  Gas usage: 228802
  Block number: 56
  Block time: Wed Jun 10 2026 05:54:09 GMT+0900 (Korean Standard Time)

eth_chainId
eth_getTransactionReceipt
eth_getBlockByNumber
eth_chainId
eth_sendTransaction

  Transaction: 0x3594f345a2ae2efc0eb02f8b9a598f095b4d821d61683886680dde720992b74a
  Gas usage: 228706
  Block number: 57
  Block time: Wed Jun 10 2026 05:54:09 GMT+0900 (Korean Standard Time)

eth_chainId
eth_getTransactionReceipt
eth_getBlockByNumber
eth_chainId
eth_sendTransaction

  Transaction: 0x7dbec9f4415f1402707804efd0a1194cc290d8a955e9c3c52b5517ba480adb3e
  Gas usage: 228802
  Block number: 58
  Block time: Wed Jun 10 2026 05:54:09 GMT+0900 (Korean Standard Time)

eth_chainId
eth_getTransactionReceipt
eth_getBlockByNumber
eth_chainId
eth_sendTransaction

  Transaction: 0x4b1eb2b18967acd04c68fcda2e3b3bcb69922e266bcd43cfb704777bb0f75d31
  Gas usage: 228682
  Block number: 59
  Block time: Wed Jun 10 2026 05:54:09 GMT+0900 (Korean Standard Time)

eth_chainId
eth_getTransactionReceipt
eth_getBlockByNumber
eth_chainId
eth_sendTransaction

  Transaction: 0xd90a74296d1dbbcc64ba1218cd314ddf7a7ff21d85cac1746051def09faea3a4
  Gas usage: 228718
  Block number: 60
  Block time: Wed Jun 10 2026 05:54:09 GMT+0900 (Korean Standard Time)

eth_chainId
eth_getTransactionReceipt
eth_getBlockByNumber
eth_chainId
eth_sendTransaction

  Transaction: 0x04b8ae9ec99a1198554b779e72913fd7104823aee897f9d233cb923a3c6dd771
  Gas usage: 228778
  Block number: 61
  Block time: Wed Jun 10 2026 05:54:09 GMT+0900 (Korean Standard Time)

eth_chainId
eth_getTransactionReceipt
eth_getBlockByNumber
eth_chainId
eth_sendTransaction

  Transaction: 0xc7d7c4bc65311cbdd3958fba889e979a78e64cd9c68a5a5f6a719e30b28103a3
  Gas usage: 228766
  Block number: 62
  Block time: Wed Jun 10 2026 05:54:09 GMT+0900 (Korean Standard Time)

eth_chainId
eth_getTransactionReceipt
eth_getBlockByNumber
eth_chainId
eth_sendTransaction

  Transaction: 0x2254bdc9b6fb102950d20bd57251cf461fbe5c7707f8945cd37b3c525d161ab5
  Gas usage: 228766
  Block number: 63
  Block time: Wed Jun 10 2026 05:54:09 GMT+0900 (Korean Standard Time)

eth_chainId
eth_getTransactionReceipt
eth_getBlockByNumber
eth_chainId
eth_sendTransaction

  Transaction: 0x3edebd0922ad848902c0a959a6d77371dacc8145b9408dba9aa80c09699f8ce9
  Gas usage: 228694
  Block number: 64
  Block time: Wed Jun 10 2026 05:54:09 GMT+0900 (Korean Standard Time)

eth_chainId
eth_getTransactionReceipt
eth_getBlockByNumber
eth_chainId
eth_sendTransaction

  Transaction: 0xf3b5e6495b40a2e4bd2576450850f5ba239f6081f9458f14697f4e404eeab730
  Gas usage: 228670
  Block number: 65
  Block time: Wed Jun 10 2026 05:54:09 GMT+0900 (Korean Standard Time)

eth_chainId
eth_getTransactionReceipt
eth_getBlockByNumber
eth_chainId
eth_sendTransaction

  Transaction: 0xfa9deae25022d05dba724eaf609ddff73c66fda06a63e959f0495b0ff73739b2
  Gas usage: 228658
  Block number: 66
  Block time: Wed Jun 10 2026 05:54:09 GMT+0900 (Korean Standard Time)

eth_chainId
eth_getTransactionReceipt
eth_getBlockByNumber
eth_chainId
eth_sendTransaction

  Transaction: 0xf5431268711c1b8aa7d3eb3abe3db74c59a921d68fe17eb8cbb5e03b23592bac
  Gas usage: 228706
  Block number: 67
  Block time: Wed Jun 10 2026 05:54:09 GMT+0900 (Korean Standard Time)

eth_chainId
eth_getTransactionReceipt
eth_getBlockByNumber
eth_chainId
eth_sendTransaction

  Transaction: 0x8ecfad5315e2876507c529d653b2fbeb286a1c739fadd41ac2f0dc23e8d1ae9b
  Gas usage: 228778
  Block number: 68
  Block time: Wed Jun 10 2026 05:54:09 GMT+0900 (Korean Standard Time)

eth_chainId
eth_getTransactionReceipt
eth_getBlockByNumber
eth_chainId
eth_sendTransaction

  Transaction: 0xbbd50ed1b9fe2f3c88323a6b4d13af9fe22dfdab1816d4f2a84ebbe89e257b1d
  Gas usage: 228706
  Block number: 69
  Block time: Wed Jun 10 2026 05:54:09 GMT+0900 (Korean Standard Time)

eth_chainId
eth_getTransactionReceipt
eth_getBlockByNumber
eth_chainId
eth_sendTransaction

  Transaction: 0xba35f3610a5e32758b39440e49811e9e519940e729532f42f2061d214ea540af
  Gas usage: 228694
  Block number: 70
  Block time: Wed Jun 10 2026 05:54:09 GMT+0900 (Korean Standard Time)

eth_chainId
eth_getTransactionReceipt
eth_getBlockByNumber
eth_chainId
eth_sendTransaction

  Transaction: 0x3fc6664b1fedce83a081af8627df7767e12861b47c4cd5e2e167b9072ccb2e9b
  Gas usage: 228814
  Block number: 71
  Block time: Wed Jun 10 2026 05:54:09 GMT+0900 (Korean Standard Time)

eth_chainId
eth_getTransactionReceipt
eth_getBlockByNumber
eth_chainId
eth_sendTransaction

  Transaction: 0x0df96e87500dc4ef8a634f0a53f0c6870e542a9f8b5b62412c0a6970deae4798
  Gas usage: 228790
  Block number: 72
  Block time: Wed Jun 10 2026 05:54:09 GMT+0900 (Korean Standard Time)

eth_chainId
eth_getTransactionReceipt
eth_getBlockByNumber
eth_chainId
eth_sendTransaction

  Transaction: 0xeed15eb4acb18ce8603ceba1355d32a4bc17907c875d1a9ef8f16879d0c4b601
  Gas usage: 228706
  Block number: 73
  Block time: Wed Jun 10 2026 05:54:09 GMT+0900 (Korean Standard Time)

eth_chainId
eth_getTransactionReceipt
eth_getBlockByNumber
eth_chainId
eth_sendTransaction

  Transaction: 0xed11e156738db552988be95a43caffb650de92b7fc88b77960f56fce40d9cbf3
  Gas usage: 228718
  Block number: 74
  Block time: Wed Jun 10 2026 05:54:09 GMT+0900 (Korean Standard Time)

eth_chainId
eth_getTransactionReceipt
eth_getBlockByNumber
eth_chainId
eth_sendTransaction

  Transaction: 0x8bf5d079b4870c5febb957d2a7c2c39f2534e8d7ae27e834a61f6c3a1843d525
  Gas usage: 228778
  Block number: 75
  Block time: Wed Jun 10 2026 05:54:09 GMT+0900 (Korean Standard Time)

eth_chainId
eth_getTransactionReceipt
eth_getBlockByNumber
eth_chainId
eth_sendTransaction

  Transaction: 0xea2cd4d98afd7d3125506b09fb3a8aae24f120cc88979031a59d01159dc0d457
  Gas usage: 228694
  Block number: 76
  Block time: Wed Jun 10 2026 05:54:09 GMT+0900 (Korean Standard Time)

eth_chainId
eth_getTransactionReceipt
eth_getBlockByNumber
eth_chainId
eth_sendTransaction

  Transaction: 0x764fe3d4632b82894cb6fe0d214be3f6423bae4685096c081ce8033ce0c0ff52
  Gas usage: 228718
  Block number: 77
  Block time: Wed Jun 10 2026 05:54:10 GMT+0900 (Korean Standard Time)

eth_chainId
eth_getTransactionReceipt
eth_getBlockByNumber
eth_chainId
eth_sendTransaction

  Transaction: 0x7053c3d5ebafb293cc0210d299f05dc76e055c84b6be5e6963c15c1c8ef0a46a
  Gas usage: 273441
  Block number: 78
  Block time: Wed Jun 10 2026 05:54:10 GMT+0900 (Korean Standard Time)

eth_chainId
eth_getTransactionReceipt
eth_getBlockByNumber
eth_chainId
eth_sendTransaction

  Transaction: 0xfbc9802c5411842f16f92f02497dab14e9f4c19d4b2d8ef7d963fea7740e99e9
  Gas usage: 228790
  Block number: 79
  Block time: Wed Jun 10 2026 05:54:10 GMT+0900 (Korean Standard Time)

eth_chainId
eth_getTransactionReceipt
eth_getBlockByNumber
eth_chainId
eth_sendTransaction

  Transaction: 0x6735dce4f734ecf191321a88555985a81cbc9056cb28cd6b976b955f5281d111
  Gas usage: 228718
  Block number: 80
  Block time: Wed Jun 10 2026 05:54:10 GMT+0900 (Korean Standard Time)

eth_chainId
eth_getTransactionReceipt
eth_getBlockByNumber
eth_chainId
eth_sendTransaction

  Transaction: 0xea25f9fa316a8082ecc56a10647a017f2ae8ecfa82e5ceb4d302cd96849b120b
  Gas usage: 228814
  Block number: 81
  Block time: Wed Jun 10 2026 05:54:10 GMT+0900 (Korean Standard Time)

eth_chainId
eth_getTransactionReceipt
eth_getBlockByNumber
eth_chainId
eth_sendTransaction

  Transaction: 0x34a3658335aafdbf13ff6ef0c4bcb558b50d2f4300dbfe4d93bb2250b930ea80
  Gas usage: 228634
  Block number: 82
  Block time: Wed Jun 10 2026 05:54:10 GMT+0900 (Korean Standard Time)

eth_chainId
eth_getTransactionReceipt
eth_getBlockByNumber
eth_chainId
eth_sendTransaction

  Transaction: 0x1c0c342f6511ac772f1d081c0862c5804563971514fefcc58352e916748f5bbc
  Gas usage: 228742
  Block number: 83
  Block time: Wed Jun 10 2026 05:54:10 GMT+0900 (Korean Standard Time)

eth_chainId
eth_getTransactionReceipt
eth_getBlockByNumber
eth_chainId
eth_sendTransaction

  Transaction: 0xc4ccb0bc8fd2d339170235123e3b100c7944f59c87919c7678b7be7e882c2f0f
  Gas usage: 228826
  Block number: 84
  Block time: Wed Jun 10 2026 05:54:10 GMT+0900 (Korean Standard Time)

eth_chainId
eth_getTransactionReceipt
eth_getBlockByNumber
eth_chainId
eth_sendTransaction

  Transaction: 0xe2a8243719740da8e175c2ae7c24beda0482b3e67b400616dd35f9909df07e5b
  Gas usage: 228778
  Block number: 85
  Block time: Wed Jun 10 2026 05:54:10 GMT+0900 (Korean Standard Time)

eth_chainId
eth_getTransactionReceipt
eth_getBlockByNumber
eth_chainId
eth_sendTransaction

  Transaction: 0x33bc3fe8ecb195eaa230a4c4d49e49b085082d08e521d3932357f3cff823364e
  Gas usage: 228670
  Block number: 86
  Block time: Wed Jun 10 2026 05:54:10 GMT+0900 (Korean Standard Time)

eth_chainId
eth_getTransactionReceipt
eth_getBlockByNumber
eth_chainId
eth_sendTransaction

  Transaction: 0x94d3df1f1243f8c28c01d76adffaab5929ec198cf6c865fb28a11fb39d3c6dbb
  Gas usage: 228754
  Block number: 87
  Block time: Wed Jun 10 2026 05:54:10 GMT+0900 (Korean Standard Time)

eth_chainId
eth_getTransactionReceipt
eth_getBlockByNumber
eth_chainId
eth_sendTransaction

  Transaction: 0xd5a415c1b816287b353df64f3fa6a45288937173bc290c1e85a3020effdc6442
  Gas usage: 228778
  Block number: 88
  Block time: Wed Jun 10 2026 05:54:10 GMT+0900 (Korean Standard Time)

eth_chainId
eth_getTransactionReceipt
eth_getBlockByNumber
eth_chainId
eth_sendTransaction

  Transaction: 0x8a576936206c63b97db31cd45c6f38e651504bc69e88346cae08435a55eb55cd
  Gas usage: 228730
  Block number: 89
  Block time: Wed Jun 10 2026 05:54:10 GMT+0900 (Korean Standard Time)

eth_chainId
eth_getTransactionReceipt
eth_getBlockByNumber
eth_chainId
eth_sendTransaction

  Transaction: 0xcaf5a185244045a4782d401f451ac03ab75202905a0113f2a1ba3d82ed78fe4e
  Gas usage: 228754
  Block number: 90
  Block time: Wed Jun 10 2026 05:54:10 GMT+0900 (Korean Standard Time)

eth_chainId
eth_getTransactionReceipt
eth_getBlockByNumber
eth_chainId
eth_sendTransaction

  Transaction: 0xd1e3b4c5c9a9d415316a99225462aeb584e21d8e58a7feb17adb06d425283bc8
  Gas usage: 228754
  Block number: 91
  Block time: Wed Jun 10 2026 05:54:10 GMT+0900 (Korean Standard Time)

eth_chainId
eth_getTransactionReceipt
eth_getBlockByNumber
eth_chainId
eth_sendTransaction

  Transaction: 0x9e3f94ee5f84fe8c98b4457c6a84126b9241d4801e8cf4d1e71998e74354993a
  Gas usage: 228706
  Block number: 92
  Block time: Wed Jun 10 2026 05:54:10 GMT+0900 (Korean Standard Time)

eth_chainId
eth_getTransactionReceipt
eth_getBlockByNumber
eth_chainId
eth_sendTransaction

  Transaction: 0x6bbf70d71e16dd1fff6902f936017ba069a5d41263ccb5d3f7420de678aecc51
  Gas usage: 228694
  Block number: 93
  Block time: Wed Jun 10 2026 05:54:10 GMT+0900 (Korean Standard Time)

eth_chainId
eth_getTransactionReceipt
eth_getBlockByNumber
eth_chainId
eth_sendTransaction

  Transaction: 0xe283b63ccc357a748b000d993d3b936da2c64d331e7ed23ec643d3a12ffbce2c
  Gas usage: 228838
  Block number: 94
  Block time: Wed Jun 10 2026 05:54:10 GMT+0900 (Korean Standard Time)

eth_chainId
eth_getTransactionReceipt
eth_getBlockByNumber
eth_chainId
eth_sendTransaction

  Transaction: 0x814d1bb7e33802274852c889a46a53886be8a7aff4c99f4d3d1d826f738e9ee7
  Gas usage: 228706
  Block number: 95
  Block time: Wed Jun 10 2026 05:54:10 GMT+0900 (Korean Standard Time)

eth_chainId
eth_getTransactionReceipt
eth_getBlockByNumber
eth_chainId
eth_sendTransaction

  Transaction: 0x09a36e1401d81dcbca47e2947d2c50eb18dc3238ef304743728ab0a2be6a6885
  Gas usage: 228718
  Block number: 96
  Block time: Wed Jun 10 2026 05:54:10 GMT+0900 (Korean Standard Time)

eth_chainId
eth_getTransactionReceipt
eth_getBlockByNumber
eth_chainId
eth_sendTransaction

  Transaction: 0xc552b445a3135b760c6e646d59230187f7820072f16c4f54ca1ecbbb829138f7
  Gas usage: 228670
  Block number: 97
  Block time: Wed Jun 10 2026 05:54:10 GMT+0900 (Korean Standard Time)

eth_chainId
eth_getTransactionReceipt
eth_getBlockByNumber
eth_chainId
eth_sendTransaction

  Transaction: 0xfc3cfdf2e25a7770497bccf287170e83684a06d1c50e4ff754940ec9714d49dc
  Gas usage: 228730
  Block number: 98
  Block time: Wed Jun 10 2026 05:54:10 GMT+0900 (Korean Standard Time)

eth_chainId
eth_getTransactionReceipt
eth_getBlockByNumber
eth_chainId
eth_sendTransaction

  Transaction: 0xf2820b94631fae88b2ff9ab10a7d43d5a254a07ef65a69f3b781e8e23ac6e0ba
  Gas usage: 251077
  Block number: 99
  Block time: Wed Jun 10 2026 05:54:10 GMT+0900 (Korean Standard Time)

eth_chainId
eth_getTransactionReceipt
eth_getBlockByNumber
eth_chainId
eth_sendTransaction

  Transaction: 0xc8951f6d8bf631c90d2bb1489e5883501686bc9065f7ecbf6b5e0a052f3a4007
  Gas usage: 228634
  Block number: 100
  Block time: Wed Jun 10 2026 05:54:10 GMT+0900 (Korean Standard Time)

eth_chainId
eth_getTransactionReceipt
eth_getBlockByNumber
eth_chainId
eth_sendTransaction

  Transaction: 0x9563e80c59654aab01b1684e37bf765bddd9801b319051eb5db69b7776a7551e
  Gas usage: 228802
  Block number: 101
  Block time: Wed Jun 10 2026 05:54:10 GMT+0900 (Korean Standard Time)

eth_chainId
eth_getTransactionReceipt
eth_getBlockByNumber
eth_chainId
eth_sendTransaction

  Transaction: 0x8ac6b43b4edf19c4c77830d4855c91f7ba6de7e31ec91adb1148b5d43bdb1591
  Gas usage: 228874
  Block number: 102
  Block time: Wed Jun 10 2026 05:54:10 GMT+0900 (Korean Standard Time)

eth_chainId
eth_getTransactionReceipt
eth_getBlockByNumber
eth_chainId
eth_sendTransaction

  Transaction: 0xddaf1c8e7ffd22ff71cb89fa693f80dc4a9ec616b332a2e6ac0304b33752673b
  Gas usage: 228802
  Block number: 103
  Block time: Wed Jun 10 2026 05:54:10 GMT+0900 (Korean Standard Time)

eth_chainId
eth_getTransactionReceipt
eth_getBlockByNumber
eth_chainId
eth_sendTransaction

  Transaction: 0x87b9d130894ae55cc8037ec304e02b562bc23aae0d1b7103651dfc7ff37fe566
  Gas usage: 228766
  Block number: 104
  Block time: Wed Jun 10 2026 05:54:10 GMT+0900 (Korean Standard Time)

eth_chainId
eth_getTransactionReceipt
eth_getBlockByNumber
eth_chainId
eth_sendTransaction

  Transaction: 0x302d89a0888b5a39160b4ea0edbfed59e51335b43171a073c25f562e70b07ead
  Gas usage: 228682
  Block number: 105
  Block time: Wed Jun 10 2026 05:54:10 GMT+0900 (Korean Standard Time)

eth_chainId
eth_getTransactionReceipt
eth_getBlockByNumber
eth_chainId
eth_sendTransaction

  Transaction: 0x6d5c31319c6633f5a87d7c63c8f258c6958edb727483b6dc8633c351c31cba15
  Gas usage: 228682
  Block number: 106
  Block time: Wed Jun 10 2026 05:54:10 GMT+0900 (Korean Standard Time)

eth_chainId
eth_getTransactionReceipt
eth_getBlockByNumber
eth_chainId
eth_sendTransaction

  Transaction: 0xcbd4f432e986fc5979b2d34c2d2e8d7979e27bd8cb06e5de7be8aa0f34dd69de
  Gas usage: 228778
  Block number: 107
  Block time: Wed Jun 10 2026 05:54:10 GMT+0900 (Korean Standard Time)

eth_chainId
eth_getTransactionReceipt
eth_getBlockByNumber
eth_chainId
eth_sendTransaction

  Transaction: 0x2eb2d50948dae891076f154d7a4409a4f7b20614026e1eddc87e1d1a97f08109
  Gas usage: 228718
  Block number: 108
  Block time: Wed Jun 10 2026 05:54:10 GMT+0900 (Korean Standard Time)

eth_chainId
eth_getTransactionReceipt
eth_getBlockByNumber
eth_chainId
eth_sendTransaction

  Transaction: 0xc052e78c951e77d34c7c215ad6b5b7d8a39537983d8f25dff5535703aec62596
  Gas usage: 228826
  Block number: 109
  Block time: Wed Jun 10 2026 05:54:10 GMT+0900 (Korean Standard Time)

eth_chainId
eth_getTransactionReceipt
eth_getBlockByNumber
eth_chainId
eth_sendTransaction

  Transaction: 0x8967179df527d045f7a21a5bd32eecc9ad1dd1b5e7de62785f09c909e901e99a
  Gas usage: 228838
  Block number: 110
  Block time: Wed Jun 10 2026 05:54:10 GMT+0900 (Korean Standard Time)

eth_chainId
eth_getTransactionReceipt
eth_getBlockByNumber
eth_chainId
eth_sendTransaction

  Transaction: 0xf7f2c86e0d0e29f94e860867d256532955c380e72fa8ae1f52467e45f2220bea
  Gas usage: 228694
  Block number: 111
  Block time: Wed Jun 10 2026 05:54:10 GMT+0900 (Korean Standard Time)

eth_chainId
eth_getTransactionReceipt
eth_getBlockByNumber
eth_chainId
eth_sendTransaction

  Transaction: 0x9097f2c96457455daa8222c815ff9e6ab3b27139476cc5ff50490a17c2148254
  Gas usage: 228718
  Block number: 112
  Block time: Wed Jun 10 2026 05:54:10 GMT+0900 (Korean Standard Time)

eth_chainId
eth_getTransactionReceipt
eth_getBlockByNumber
eth_chainId
eth_sendTransaction

  Transaction: 0x94f3f0bd344e7b73128f105c7017ab2634fcf6a170e89089e48adfc2181889d6
  Gas usage: 228730
  Block number: 113
  Block time: Wed Jun 10 2026 05:54:10 GMT+0900 (Korean Standard Time)

eth_chainId
eth_getTransactionReceipt
eth_getBlockByNumber
eth_chainId
eth_sendTransaction

  Transaction: 0xedc0cf49a5f373476a52f1f1cf078836047ed5df86d14749108d3367461cf7f1
  Gas usage: 228706
  Block number: 114
  Block time: Wed Jun 10 2026 05:54:11 GMT+0900 (Korean Standard Time)

eth_chainId
eth_getTransactionReceipt
eth_getBlockByNumber
eth_chainId
eth_sendTransaction

  Transaction: 0x9047de589d72306a33837d847b853f659acf5bd18066e0ff26464f5401eb8612
  Gas usage: 273441
  Block number: 115
  Block time: Wed Jun 10 2026 05:54:11 GMT+0900 (Korean Standard Time)

eth_chainId
eth_getTransactionReceipt
eth_getBlockByNumber
eth_chainId
eth_sendTransaction

  Transaction: 0x9c6542dc53fe72654319d0b73e35f1dc166878f8fd3f37ac47c9d741c739b72b
  Gas usage: 228646
  Block number: 116
  Block time: Wed Jun 10 2026 05:54:11 GMT+0900 (Korean Standard Time)

eth_chainId
eth_getTransactionReceipt
eth_getBlockByNumber
eth_chainId
eth_sendTransaction

  Transaction: 0xaf0bfb8e39bc67443344165803b4260387d12dcf96cbbc0486030733a988ec30
  Gas usage: 228766
  Block number: 117
  Block time: Wed Jun 10 2026 05:54:11 GMT+0900 (Korean Standard Time)

eth_chainId
eth_getTransactionReceipt
eth_getBlockByNumber
eth_chainId
eth_sendTransaction

  Transaction: 0x394aad3b13c86d150ba0a703a5455c7b9bb2ff5a625c56790dc4e27c0a8bb1d0
  Gas usage: 228730
  Block number: 118
  Block time: Wed Jun 10 2026 05:54:11 GMT+0900 (Korean Standard Time)

eth_chainId
eth_getTransactionReceipt
eth_getBlockByNumber
eth_chainId
eth_sendTransaction

  Transaction: 0xb015703db0b6c6d7bdefb7978ac2763bc640d657632440497b2cc413c2312ab9
  Gas usage: 228778
  Block number: 119
  Block time: Wed Jun 10 2026 05:54:11 GMT+0900 (Korean Standard Time)

eth_chainId
eth_getTransactionReceipt
eth_getBlockByNumber
eth_chainId
eth_sendTransaction

  Transaction: 0xe3c10dfa4bb5473463cfef62d59f0b7095f88ea94d63fa483113799a3c69ca29
  Gas usage: 228850
  Block number: 120
  Block time: Wed Jun 10 2026 05:54:11 GMT+0900 (Korean Standard Time)

eth_chainId
eth_getTransactionReceipt
eth_getBlockByNumber
eth_chainId
eth_sendTransaction

  Transaction: 0x960a0fb09fd808ccd139890468914911681f58b9d71b47d0ccbaaf222ce0cbfb
  Gas usage: 228754
  Block number: 121
  Block time: Wed Jun 10 2026 05:54:11 GMT+0900 (Korean Standard Time)

eth_chainId
eth_getTransactionReceipt
eth_getBlockByNumber
eth_chainId
eth_sendTransaction

  Transaction: 0xde785a9eaf67f205e7fd8beda566ab096fe2b091f1cb115435475feceefc8d9b
  Gas usage: 228778
  Block number: 122
  Block time: Wed Jun 10 2026 05:54:11 GMT+0900 (Korean Standard Time)

eth_chainId
eth_getTransactionReceipt
eth_getBlockByNumber
eth_chainId
eth_sendTransaction

  Transaction: 0xbd0ae6bfff03f9779b824b287c6d7735bd47a8261e4696fe6833184cb8ada26c
  Gas usage: 228682
  Block number: 123
  Block time: Wed Jun 10 2026 05:54:11 GMT+0900 (Korean Standard Time)

eth_chainId
eth_getTransactionReceipt
eth_getBlockByNumber
eth_chainId
eth_sendTransaction

  Transaction: 0xb40ebe26fcff020f243aac82898077e1a73f3222bb121f9c5189ecba8e6269ba
  Gas usage: 228730
  Block number: 124
  Block time: Wed Jun 10 2026 05:54:11 GMT+0900 (Korean Standard Time)

eth_chainId
eth_getTransactionReceipt
eth_getBlockByNumber
eth_chainId
eth_sendTransaction

  Transaction: 0xcb66055c732f41220ba87457fd45903469f0a6d5044c304ccbed73e834ecb0f0
  Gas usage: 228814
  Block number: 125
  Block time: Wed Jun 10 2026 05:54:11 GMT+0900 (Korean Standard Time)

eth_chainId
eth_getTransactionReceipt
eth_getBlockByNumber
eth_chainId
eth_sendTransaction

  Transaction: 0x6f70ef9ab88fe1a7a794ada7fafdd97893b25f7ea32c9bf92a8765825c56d38a
  Gas usage: 228730
  Block number: 126
  Block time: Wed Jun 10 2026 05:54:11 GMT+0900 (Korean Standard Time)

eth_chainId
eth_getTransactionReceipt
eth_getBlockByNumber
eth_chainId
eth_sendTransaction

  Transaction: 0x06dec46fb688f9b5ea09c24a4f146e1f4f2a6829c88d63479d66d1f3f663951b
  Gas usage: 228814
  Block number: 127
  Block time: Wed Jun 10 2026 05:54:11 GMT+0900 (Korean Standard Time)

eth_chainId
eth_getTransactionReceipt
eth_getBlockByNumber
eth_chainId
eth_sendTransaction

  Transaction: 0xfd7fb13b0096a52a35bbc63731e683b1ad9af235dfc1b4997d77f46a06efd544
  Gas usage: 228790
  Block number: 128
  Block time: Wed Jun 10 2026 05:54:11 GMT+0900 (Korean Standard Time)

eth_chainId
eth_getTransactionReceipt
eth_getBlockByNumber
eth_chainId
eth_sendTransaction

  Transaction: 0xc28818f6c12cf8ef0888ce23309f8be86f0ed3eb0608a920cf160b9bc0e041b4
  Gas usage: 228766
  Block number: 129
  Block time: Wed Jun 10 2026 05:54:11 GMT+0900 (Korean Standard Time)

eth_chainId
eth_getTransactionReceipt
eth_getBlockByNumber
eth_chainId
eth_sendTransaction

  Transaction: 0xaa35362633e7acda388fddd43f35546a47d5bd63b2c2fde8245b4cea1aa0b8ee
  Gas usage: 228754
  Block number: 130
  Block time: Wed Jun 10 2026 05:54:11 GMT+0900 (Korean Standard Time)

eth_chainId
eth_getTransactionReceipt
eth_getBlockByNumber
eth_chainId
eth_sendTransaction

  Transaction: 0xd3d01fc80384c04c396ca3bc88c704df1791efe1b8e7f0a1afd3a10ee29daa9d
  Gas usage: 228682
  Block number: 131
  Block time: Wed Jun 10 2026 05:54:11 GMT+0900 (Korean Standard Time)

eth_chainId
eth_getTransactionReceipt
eth_getBlockByNumber
eth_chainId
eth_sendTransaction

  Transaction: 0xf2bd651dd27118b2611f44a9ced5505aceffab8a4595f340041236316ec54b60
  Gas usage: 228742
  Block number: 132
  Block time: Wed Jun 10 2026 05:54:11 GMT+0900 (Korean Standard Time)

eth_chainId
eth_getTransactionReceipt
eth_getBlockByNumber
eth_chainId
eth_sendTransaction

  Transaction: 0xf36be125cc1ae70b15db698af98056b4ebddd88bb9952dcd1d4a5abfa8578b95
  Gas usage: 228706
  Block number: 133
  Block time: Wed Jun 10 2026 05:54:11 GMT+0900 (Korean Standard Time)

eth_chainId
eth_getTransactionReceipt
eth_getBlockByNumber
eth_chainId
eth_sendTransaction

  Transaction: 0x6a061154276f6731ac227c7955d15c8d516093dde32f20acae47a02e0cab77cd
  Gas usage: 228790
  Block number: 134
  Block time: Wed Jun 10 2026 05:54:11 GMT+0900 (Korean Standard Time)

eth_chainId
eth_getTransactionReceipt
eth_getBlockByNumber
eth_chainId
eth_sendTransaction

  Transaction: 0x04e9d0164d642d111c54e3facc03af4782f4596cc66ef16ee5fbd6bfd89179f3
  Gas usage: 228706
  Block number: 135
  Block time: Wed Jun 10 2026 05:54:11 GMT+0900 (Korean Standard Time)

eth_chainId
eth_getTransactionReceipt
eth_getBlockByNumber
eth_chainId
eth_sendTransaction

  Transaction: 0xf8e407629c392742b273cdf53f38bc5ad91beb548781ba77aaf1833a30c52979
  Gas usage: 228718
  Block number: 136
  Block time: Wed Jun 10 2026 05:54:11 GMT+0900 (Korean Standard Time)

eth_chainId
eth_getTransactionReceipt
eth_getBlockByNumber
eth_chainId
eth_sendTransaction

  Transaction: 0x5e4c78e78f071fca68c3b2eab32a31c95ecb277dad4c7be9ba5e4fab5fe71538
  Gas usage: 228778
  Block number: 137
  Block time: Wed Jun 10 2026 05:54:11 GMT+0900 (Korean Standard Time)

eth_chainId
eth_getTransactionReceipt
eth_getBlockByNumber
eth_chainId
eth_sendTransaction

  Transaction: 0xb5f860bf5629902709be126a7ada6f38bc5df49b21f37c9ed6bf2b64afe70139
  Gas usage: 228790
  Block number: 138
  Block time: Wed Jun 10 2026 05:54:11 GMT+0900 (Korean Standard Time)

eth_chainId
eth_getTransactionReceipt
eth_getBlockByNumber
eth_chainId
eth_sendTransaction

  Transaction: 0x2f7ceca592040798ced2fcc0499113c881da4137d3694657999c91f245c86bc5
  Gas usage: 228730
  Block number: 139
  Block time: Wed Jun 10 2026 05:54:11 GMT+0900 (Korean Standard Time)

eth_chainId
eth_getTransactionReceipt
eth_getBlockByNumber
eth_chainId
eth_sendTransaction

  Transaction: 0xa2414b0c71bba818ad30ce92145fb2ea55c983ec36cb370f1f82e8ff168ff42e
  Gas usage: 228742
  Block number: 140
  Block time: Wed Jun 10 2026 05:54:11 GMT+0900 (Korean Standard Time)

eth_chainId
eth_getTransactionReceipt
eth_getBlockByNumber
eth_chainId
eth_sendTransaction

  Transaction: 0x012f738b0c2aa7d09cf6aef290c4e12e61b2e18bdccf7cf9f3026acc1a6cb2d1
  Gas usage: 228826
  Block number: 141
  Block time: Wed Jun 10 2026 05:54:11 GMT+0900 (Korean Standard Time)

eth_chainId
eth_getTransactionReceipt
eth_getBlockByNumber
eth_chainId
eth_sendTransaction

  Transaction: 0xbbc9c8b51c1051836371ae02802d685aa499d786eeb5d1bea9d563fa9acb0f2f
  Gas usage: 228754
  Block number: 142
  Block time: Wed Jun 10 2026 05:54:11 GMT+0900 (Korean Standard Time)

eth_chainId
eth_getTransactionReceipt
eth_getBlockByNumber
eth_chainId
eth_sendTransaction

  Transaction: 0x2e3f6b6947113aaaaddfaf4f5691f4008992688a2829f26e4497d55a65003f33
  Gas usage: 228754
  Block number: 143
  Block time: Wed Jun 10 2026 05:54:11 GMT+0900 (Korean Standard Time)

eth_chainId
eth_getTransactionReceipt
eth_getBlockByNumber
eth_chainId
eth_sendTransaction

  Transaction: 0x7242922a049934da98a28cb5f21c08db30cbe5880ccda436390daf0db2f2d5f2
  Gas usage: 228646
  Block number: 144
  Block time: Wed Jun 10 2026 05:54:11 GMT+0900 (Korean Standard Time)

eth_chainId
eth_getTransactionReceipt
eth_getBlockByNumber
eth_chainId
eth_sendTransaction

  Transaction: 0xebaab21f47bd8cb66ad94ff803e5d5d6a8c10c2232dadc444862febef5bfeede
  Gas usage: 228646
  Block number: 145
  Block time: Wed Jun 10 2026 05:54:11 GMT+0900 (Korean Standard Time)

eth_chainId
eth_getTransactionReceipt
eth_getBlockByNumber
eth_chainId
eth_sendTransaction

  Transaction: 0xb5081eafb10e8468560e8f0d7cbf9e6fc12322a59b769b4d6cdc4f0a4c961b8d
  Gas usage: 228802
  Block number: 146
  Block time: Wed Jun 10 2026 05:54:11 GMT+0900 (Korean Standard Time)

eth_chainId
eth_getTransactionReceipt
eth_getBlockByNumber
eth_chainId
eth_sendTransaction

  Transaction: 0xcde608ad32232bee5e63df697c56b3e06c6eb884f707eb00d43955008d1a1357
  Gas usage: 228658
  Block number: 147
  Block time: Wed Jun 10 2026 05:54:11 GMT+0900 (Korean Standard Time)

eth_chainId
eth_getTransactionReceipt
eth_getBlockByNumber
eth_chainId
eth_sendTransaction

  Transaction: 0xc1ca6bde1ca06cb6ae6538668bf092d5b9f872df8e4ef1f3d009b9a82ddc6f0b
  Gas usage: 228682
  Block number: 148
  Block time: Wed Jun 10 2026 05:54:11 GMT+0900 (Korean Standard Time)

eth_chainId
eth_getTransactionReceipt
eth_getBlockByNumber
eth_chainId
eth_sendTransaction

  Transaction: 0x8b53678b3d1d118091f250e4a08c5295413e44a3c063e357de13c4a766abf5b4
  Gas usage: 228706
  Block number: 149
  Block time: Wed Jun 10 2026 05:54:11 GMT+0900 (Korean Standard Time)

eth_chainId
eth_getTransactionReceipt
eth_getBlockByNumber
eth_chainId
eth_sendTransaction

  Transaction: 0x4209f756d5b75c86ae97d355e9c78e7a58d24506ed0ce452cca3f428a1e63dc7
  Gas usage: 228706
  Block number: 150
  Block time: Wed Jun 10 2026 05:54:11 GMT+0900 (Korean Standard Time)

eth_chainId
eth_getTransactionReceipt
eth_getBlockByNumber
eth_chainId
eth_sendTransaction

  Transaction: 0x4c5380bf541f2eb6e7d916898a7b3a16f41ef438c48b0a6f123912d0baae1e38
  Gas usage: 228766
  Block number: 151
  Block time: Wed Jun 10 2026 05:54:12 GMT+0900 (Korean Standard Time)

eth_chainId
eth_getTransactionReceipt
eth_getBlockByNumber
eth_chainId
eth_sendTransaction

  Transaction: 0xf412b8493a53981509e79ce1e3648cc9bc9c1c2a493acdaba21d3cbbf102d889
  Gas usage: 228706
  Block number: 152
  Block time: Wed Jun 10 2026 05:54:12 GMT+0900 (Korean Standard Time)

eth_chainId
eth_getTransactionReceipt
eth_getBlockByNumber
eth_chainId
eth_sendTransaction

  Transaction: 0x92a3168ed13a5903ed34ffae2e66c1114f7ed93d561aa28435cbbbaa599009cb
  Gas usage: 228862
  Block number: 153
  Block time: Wed Jun 10 2026 05:54:12 GMT+0900 (Korean Standard Time)

eth_chainId
eth_getTransactionReceipt
eth_getBlockByNumber
eth_chainId
eth_sendTransaction

  Transaction: 0xa2df3b128e557ce7b8c54c1b27c881f8f9a70de2484b6fb2b9ad36456ebc18ee
  Gas usage: 228802
  Block number: 154
  Block time: Wed Jun 10 2026 05:54:12 GMT+0900 (Korean Standard Time)

eth_chainId
eth_getTransactionReceipt
eth_getBlockByNumber
eth_chainId
eth_sendTransaction

  Transaction: 0x77f9bdde0b28bb92f5b8f6a73c819318a65a21f71dadd9d9f747af3c42f4854a
  Gas usage: 228634
  Block number: 155
  Block time: Wed Jun 10 2026 05:54:12 GMT+0900 (Korean Standard Time)

eth_chainId
eth_getTransactionReceipt
eth_getBlockByNumber
eth_chainId
eth_sendTransaction

  Transaction: 0xc45872b2af376a4ae131909a235884430b52366c30e0a46129be6c6aa29d389e
  Gas usage: 228682
  Block number: 156
  Block time: Wed Jun 10 2026 05:54:12 GMT+0900 (Korean Standard Time)

eth_chainId
eth_getTransactionReceipt
eth_getBlockByNumber
eth_chainId
eth_sendTransaction

  Transaction: 0x5c1ea78f42a8988dc8a2b793e276571ea8043e4cbab8207d33bbd2d06f5cd163
  Gas usage: 228766
  Block number: 157
  Block time: Wed Jun 10 2026 05:54:12 GMT+0900 (Korean Standard Time)

eth_chainId
eth_getTransactionReceipt
eth_getBlockByNumber
eth_chainId
eth_sendTransaction

  Transaction: 0x284b07337f4aaf8d22c41c93bd6bbf1e50c6a710171b2fdcc27d17b50ab90719
  Gas usage: 228766
  Block number: 158
  Block time: Wed Jun 10 2026 05:54:12 GMT+0900 (Korean Standard Time)

eth_chainId
eth_getTransactionReceipt
eth_getBlockByNumber
eth_chainId
eth_sendTransaction

  Transaction: 0x1c2874bda1a2ba2b0809aa43fcad27e52ac50cdc302e2f3a9b53f398bc452fb8
  Gas usage: 228706
  Block number: 159
  Block time: Wed Jun 10 2026 05:54:12 GMT+0900 (Korean Standard Time)

eth_chainId
eth_getTransactionReceipt
eth_getBlockByNumber
eth_chainId
eth_sendTransaction

  Transaction: 0xbea56e8c88e25be3da0d2f122eb07b69b8593fe04bda78aeaa0fde6a1005ba5c
  Gas usage: 228670
  Block number: 160
  Block time: Wed Jun 10 2026 05:54:12 GMT+0900 (Korean Standard Time)

eth_chainId
eth_getTransactionReceipt
eth_getBlockByNumber
eth_chainId
eth_sendTransaction

  Transaction: 0x19c7b144dccb629e5d32e27fbce0ab206fae9d47e28fe0d82bf72eb807950df8
  Gas usage: 228670
  Block number: 161
  Block time: Wed Jun 10 2026 05:54:12 GMT+0900 (Korean Standard Time)

eth_chainId
eth_getTransactionReceipt
eth_getBlockByNumber
eth_chainId
eth_sendTransaction

  Transaction: 0x472410902dcaa4a94ab1b3904a392f6716a4d71fb1d595ccc9ecf6a93900b607
  Gas usage: 228766
  Block number: 162
  Block time: Wed Jun 10 2026 05:54:12 GMT+0900 (Korean Standard Time)

eth_chainId
eth_getTransactionReceipt
eth_getBlockByNumber
eth_chainId
eth_sendTransaction

  Transaction: 0x02d7ce3e2d3b47b88772f51cd4e5877a9390f7e1b124a767ed72003ddd01ba39
  Gas usage: 228742
  Block number: 163
  Block time: Wed Jun 10 2026 05:54:12 GMT+0900 (Korean Standard Time)

eth_chainId
eth_getTransactionReceipt
eth_getBlockByNumber
eth_chainId
eth_sendTransaction

  Transaction: 0x1108ba5ecae9c57dc878a11e152bffcd204a1b2f71cfed55f570a9d063bb6d32
  Gas usage: 273441
  Block number: 164
  Block time: Wed Jun 10 2026 05:54:12 GMT+0900 (Korean Standard Time)

eth_chainId
eth_getTransactionReceipt
eth_getBlockByNumber
eth_chainId
eth_sendTransaction

  Transaction: 0x38e1eb89d33a828c449125e76e3c5cad8869142df4882d7f0eb4eaaeb714d8f1
  Gas usage: 228694
  Block number: 165
  Block time: Wed Jun 10 2026 05:54:12 GMT+0900 (Korean Standard Time)

eth_chainId
eth_getTransactionReceipt
eth_getBlockByNumber
eth_chainId
eth_sendTransaction

  Transaction: 0xd156a441ee7996f9ff4241bff205f8db58df0d7f2ab0d44c3831e300fd40a3e1
  Gas usage: 228742
  Block number: 166
  Block time: Wed Jun 10 2026 05:54:12 GMT+0900 (Korean Standard Time)

eth_chainId
eth_getTransactionReceipt
eth_getBlockByNumber
eth_chainId
eth_sendTransaction

  Transaction: 0x4eaa2b864b390d43e33963912780184d06348d4c2b043219c2628312796258ee
  Gas usage: 228754
  Block number: 167
  Block time: Wed Jun 10 2026 05:54:12 GMT+0900 (Korean Standard Time)

eth_chainId
eth_getTransactionReceipt
eth_getBlockByNumber
eth_chainId
eth_sendTransaction

  Transaction: 0xc94b213ee13f48b6d4e174a7ecf0f07c722e6a941aa9858efcf1970d4fd47717
  Gas usage: 228694
  Block number: 168
  Block time: Wed Jun 10 2026 05:54:12 GMT+0900 (Korean Standard Time)

eth_chainId
eth_getTransactionReceipt
eth_getBlockByNumber
eth_chainId
eth_sendTransaction

  Transaction: 0xd8419fbb0d84843f399a8f0b1268202547e7d6772f43f5dee5bcb260219d6669
  Gas usage: 228730
  Block number: 169
  Block time: Wed Jun 10 2026 05:54:12 GMT+0900 (Korean Standard Time)

eth_chainId
eth_getTransactionReceipt
eth_getBlockByNumber
eth_chainId
eth_sendTransaction

  Transaction: 0x49501d86ece434013374c9983507abeec0feb5524f594379bbe8c93073417ef8
  Gas usage: 228790
  Block number: 170
  Block time: Wed Jun 10 2026 05:54:12 GMT+0900 (Korean Standard Time)

eth_chainId
eth_getTransactionReceipt
eth_getBlockByNumber
eth_chainId
eth_sendTransaction

  Transaction: 0xab15903c65c504110eebaa0b070405c6deff56a43d846e04e250cd3278e2e61d
  Gas usage: 228718
  Block number: 171
  Block time: Wed Jun 10 2026 05:54:12 GMT+0900 (Korean Standard Time)

eth_chainId
eth_getTransactionReceipt
eth_getBlockByNumber
eth_chainId
eth_sendTransaction

  Transaction: 0xb2635cc6f192e2092a5466d6e1e102ae2fd997254360702e5965df16abe53e03
  Gas usage: 228694
  Block number: 172
  Block time: Wed Jun 10 2026 05:54:12 GMT+0900 (Korean Standard Time)

eth_chainId
eth_getTransactionReceipt
eth_getBlockByNumber
eth_chainId
eth_sendTransaction

  Transaction: 0xb5a2424e50467e34c93530edb6ec3e02666cb07d390a23720789057d4bbb76e1
  Gas usage: 228730
  Block number: 173
  Block time: Wed Jun 10 2026 05:54:12 GMT+0900 (Korean Standard Time)

eth_chainId
eth_getTransactionReceipt
eth_getBlockByNumber
eth_chainId
eth_sendTransaction

  Transaction: 0x7622a738ae4603b2025cc896a64672b3428239cafbbc46f4a85eaa6c628cc9f9
  Gas usage: 228706
  Block number: 174
  Block time: Wed Jun 10 2026 05:54:12 GMT+0900 (Korean Standard Time)

eth_chainId
eth_getTransactionReceipt
eth_getBlockByNumber
eth_chainId
eth_sendTransaction

  Transaction: 0x4ce0be39bdf37fb03e146e0c3608bcc9ef124c9bee403d7c370f262cd3974a0f
  Gas usage: 228766
  Block number: 175
  Block time: Wed Jun 10 2026 05:54:12 GMT+0900 (Korean Standard Time)

eth_chainId
eth_getTransactionReceipt
eth_getBlockByNumber
eth_chainId
eth_sendTransaction

  Transaction: 0x9a9f2503306f30f1cd2e93bf8bbe9e329f854c0ae9c55d8193fe4693ad37e6f8
  Gas usage: 228766
  Block number: 176
  Block time: Wed Jun 10 2026 05:54:12 GMT+0900 (Korean Standard Time)

eth_chainId
eth_getTransactionReceipt
eth_getBlockByNumber
eth_chainId
eth_sendTransaction

  Transaction: 0xac43bb65801fc38a165f8bed170bee7fad04d9be5208eb558f511365533ed00e
  Gas usage: 228706
  Block number: 177
  Block time: Wed Jun 10 2026 05:54:12 GMT+0900 (Korean Standard Time)

eth_chainId
eth_getTransactionReceipt
eth_getBlockByNumber
eth_chainId
eth_sendTransaction

  Transaction: 0x19a7dd8d5144f2883fe10da3dc9796ecab2d895c184b187f050039a074cad273
  Gas usage: 228742
  Block number: 178
  Block time: Wed Jun 10 2026 05:54:12 GMT+0900 (Korean Standard Time)

eth_chainId
eth_getTransactionReceipt
eth_getBlockByNumber
eth_chainId
eth_sendTransaction

  Transaction: 0xac0b1a025b4bfb1992e8b64d772c83affe78d53ad0a7d75605ebb6a394ee683b
  Gas usage: 228646
  Block number: 179
  Block time: Wed Jun 10 2026 05:54:12 GMT+0900 (Korean Standard Time)

eth_chainId
eth_getTransactionReceipt
eth_getBlockByNumber
eth_chainId
eth_sendTransaction

  Transaction: 0xd8c6ee37cb2cd29bf4e68aacf99a9f49f405fa2f2ae2bc155db746560c35fd3b
  Gas usage: 228826
  Block number: 180
  Block time: Wed Jun 10 2026 05:54:12 GMT+0900 (Korean Standard Time)

eth_chainId
eth_getTransactionReceipt
eth_getBlockByNumber
eth_chainId
eth_sendTransaction

  Transaction: 0x8b8be8ea7275d35906a4eedd34d128084fe03eb73bd8fcc155e5dcc2f2d31ede
  Gas usage: 228670
  Block number: 181
  Block time: Wed Jun 10 2026 05:54:12 GMT+0900 (Korean Standard Time)

eth_chainId
eth_getTransactionReceipt
eth_getBlockByNumber
eth_chainId
eth_sendTransaction

  Transaction: 0x3db3b623803e2857fcdc1434a6bebf01bfcb2c609c2ffb14b7d3cbd484e715bc
  Gas usage: 228682
  Block number: 182
  Block time: Wed Jun 10 2026 05:54:12 GMT+0900 (Korean Standard Time)

eth_chainId
eth_getTransactionReceipt
eth_getBlockByNumber
eth_chainId
eth_sendTransaction

  Transaction: 0xf4dd11be017fadc2b1093c70c90c035ebb0ea85017eefacb770d3db5d1d4dcc1
  Gas usage: 228670
  Block number: 183
  Block time: Wed Jun 10 2026 05:54:12 GMT+0900 (Korean Standard Time)

eth_chainId
eth_getTransactionReceipt
eth_getBlockByNumber
eth_chainId
eth_sendTransaction

  Transaction: 0xb9cc6284a72d8105972364ffa8b66a8342cb4acf9be0865d591842b14270bffd
  Gas usage: 228658
  Block number: 184
  Block time: Wed Jun 10 2026 05:54:12 GMT+0900 (Korean Standard Time)

eth_chainId
eth_getTransactionReceipt
eth_getBlockByNumber
eth_chainId
eth_sendTransaction

  Transaction: 0x68d4ea8dfdff764834bf9d770795db89726ba3524890ae2dfce2e56feb791172
  Gas usage: 228670
  Block number: 185
  Block time: Wed Jun 10 2026 05:54:12 GMT+0900 (Korean Standard Time)

eth_chainId
eth_getTransactionReceipt
eth_getBlockByNumber
eth_chainId
eth_sendTransaction

  Transaction: 0x3933a9d29baefb2ae24044641916bf57506cd23c36f313abffa059c834faea6d
  Gas usage: 228754
  Block number: 186
  Block time: Wed Jun 10 2026 05:54:12 GMT+0900 (Korean Standard Time)

eth_chainId
eth_getTransactionReceipt
eth_getBlockByNumber
eth_chainId
eth_sendTransaction

  Transaction: 0xdc28f52729172b6631203f09271c1f8b6a0a6f448822678bbd77d0dbade176c5
  Gas usage: 228802
  Block number: 187
  Block time: Wed Jun 10 2026 05:54:12 GMT+0900 (Korean Standard Time)

eth_chainId
eth_getTransactionReceipt
eth_getBlockByNumber
eth_chainId
eth_sendTransaction

  Transaction: 0x2abb26b3b277750f236225ca3d783ec4c36affa96f2ab8181c0bf253fc4abbe3
  Gas usage: 228754
  Block number: 188
  Block time: Wed Jun 10 2026 05:54:13 GMT+0900 (Korean Standard Time)

eth_chainId
eth_getTransactionReceipt
eth_getBlockByNumber
eth_chainId
eth_sendTransaction

  Transaction: 0x8b0a06108b4df07506794eb2b0ff33be211b0eee82e67c0bd215b30a2336a108
  Gas usage: 228742
  Block number: 189
  Block time: Wed Jun 10 2026 05:54:13 GMT+0900 (Korean Standard Time)

eth_chainId
eth_getTransactionReceipt
eth_getBlockByNumber
eth_chainId
eth_sendTransaction

  Transaction: 0xb213c8d0f8a7481e496a6c1d964499c2abd69e6a209115b2ee323fee6c5617d9
  Gas usage: 228622
  Block number: 190
  Block time: Wed Jun 10 2026 05:54:13 GMT+0900 (Korean Standard Time)

eth_chainId
eth_getTransactionReceipt
eth_getBlockByNumber
eth_chainId
eth_sendTransaction

  Transaction: 0x4614e418ee5587137659ae3c33c8c85efddcebbaa71d2d955ca57236c9bc918a
  Gas usage: 228790
  Block number: 191
  Block time: Wed Jun 10 2026 05:54:13 GMT+0900 (Korean Standard Time)

eth_chainId
eth_getTransactionReceipt
eth_getBlockByNumber
eth_chainId
eth_sendTransaction

  Transaction: 0x3e779dad31ec2686b2d8c8623f9ddb7ebeb80b1e536ba3df06446a48f84b554e
  Gas usage: 228718
  Block number: 192
  Block time: Wed Jun 10 2026 05:54:13 GMT+0900 (Korean Standard Time)

eth_chainId
eth_getTransactionReceipt
eth_getBlockByNumber
eth_chainId
eth_sendTransaction

  Transaction: 0xa4da95c36325ab050f41ff426747d049ef3690e6dda648ccadd75708a636def2
  Gas usage: 228826
  Block number: 193
  Block time: Wed Jun 10 2026 05:54:13 GMT+0900 (Korean Standard Time)

eth_chainId
eth_getTransactionReceipt
eth_getBlockByNumber
eth_chainId
eth_sendTransaction

  Transaction: 0x3c394782c81815e5d26e7ca7d5b71fc84d190aa24e7a59a64a61c2a0a83aaed3
  Gas usage: 228766
  Block number: 194
  Block time: Wed Jun 10 2026 05:54:13 GMT+0900 (Korean Standard Time)

eth_chainId
eth_getTransactionReceipt
eth_getBlockByNumber
eth_chainId
eth_sendTransaction

  Transaction: 0xad14115a4593f73efe4cc9eb2c23f7632e5e1ed3cfc577abf82a44cee0872b2d
  Gas usage: 228694
  Block number: 195
  Block time: Wed Jun 10 2026 05:54:13 GMT+0900 (Korean Standard Time)

eth_chainId
eth_getTransactionReceipt
eth_getBlockByNumber
eth_chainId
eth_sendTransaction

  Transaction: 0xfac8f413f3c69c5f8963fe48a599410d22b6140dd6b464f8f9c0ef045a4907c8
  Gas usage: 228790
  Block number: 196
  Block time: Wed Jun 10 2026 05:54:13 GMT+0900 (Korean Standard Time)

eth_chainId
eth_getTransactionReceipt
eth_getBlockByNumber
eth_chainId
eth_sendTransaction

  Transaction: 0x68b914107edf8d3300cae7b49d1377d64773222054cb182702f5a0ea01156410
  Gas usage: 228754
  Block number: 197
  Block time: Wed Jun 10 2026 05:54:13 GMT+0900 (Korean Standard Time)

eth_chainId
eth_getTransactionReceipt
eth_getBlockByNumber
eth_chainId
eth_sendTransaction

  Transaction: 0xd2cd340618a0537bf22cc25e994cfb773b959a6d8cb7ac7619581c134ff67455
  Gas usage: 228778
  Block number: 198
  Block time: Wed Jun 10 2026 05:54:13 GMT+0900 (Korean Standard Time)

eth_chainId
eth_getTransactionReceipt
eth_getBlockByNumber
eth_chainId
eth_sendTransaction

  Transaction: 0xf6a9826bb39520b097d17010ba6664e47a1e62a29e080f35d79b7d4e255af6fe
  Gas usage: 228802
  Block number: 199
  Block time: Wed Jun 10 2026 05:54:13 GMT+0900 (Korean Standard Time)

eth_chainId
eth_getTransactionReceipt
eth_getBlockByNumber
eth_chainId
eth_sendTransaction

  Transaction: 0x32b58b9706ac46cdb48d76ec62e7b8671f02ab550b1130daf7eeb1b1120ab2f5
  Gas usage: 228694
  Block number: 200
  Block time: Wed Jun 10 2026 05:54:13 GMT+0900 (Korean Standard Time)

eth_chainId
eth_getTransactionReceipt
eth_getBlockByNumber
eth_chainId
eth_sendTransaction

  Transaction: 0x4673dad60bfa3fa6d5a0aca014dbcf4475220c61bc25036b8fb5926a1c0af55f
  Gas usage: 228754
  Block number: 201
  Block time: Wed Jun 10 2026 05:54:13 GMT+0900 (Korean Standard Time)

eth_chainId
eth_getTransactionReceipt
eth_getBlockByNumber
eth_chainId
eth_sendTransaction

  Transaction: 0x28c1024e04a5abd3ae80cd29dbe200cf6f1d6fb0881e923b4a257786a9b1c1f2
  Gas usage: 228682
  Block number: 202
  Block time: Wed Jun 10 2026 05:54:13 GMT+0900 (Korean Standard Time)

eth_chainId
eth_getTransactionReceipt
eth_getBlockByNumber
eth_chainId
eth_sendTransaction

  Transaction: 0xfca42f2a353c3136751ffcb0d54367411ce7750599f6413daca7505823ebc134
  Gas usage: 228754
  Block number: 203
  Block time: Wed Jun 10 2026 05:54:13 GMT+0900 (Korean Standard Time)

eth_chainId
eth_getTransactionReceipt
eth_getBlockByNumber
eth_chainId
eth_sendTransaction

  Transaction: 0x80b0246bad3169cd0013edfec5129d1c26968965b41fcdb603c91fd13463af5b
  Gas usage: 228742
  Block number: 204
  Block time: Wed Jun 10 2026 05:54:13 GMT+0900 (Korean Standard Time)

eth_chainId
eth_getTransactionReceipt
eth_getBlockByNumber
eth_chainId
eth_sendTransaction

  Transaction: 0xc0654c7fc7507c76952e1715ae1d23d427af4f4fc7226d5bf4e45e1507a22711
  Gas usage: 228694
  Block number: 205
  Block time: Wed Jun 10 2026 05:54:13 GMT+0900 (Korean Standard Time)

eth_chainId
eth_getTransactionReceipt
eth_getBlockByNumber
eth_chainId
eth_sendTransaction

  Transaction: 0xbba808d815d1ca9c6acaeb8458a3b986509be9f05f1ac3755c913f2b76931e04
  Gas usage: 228766
  Block number: 206
  Block time: Wed Jun 10 2026 05:54:13 GMT+0900 (Korean Standard Time)

eth_chainId
eth_getTransactionReceipt
eth_getBlockByNumber
eth_chainId
eth_sendTransaction

  Transaction: 0xfc6bafd7b675db26ce1850e2390d2f2089e72e395280ff8979422a767baa56b1
  Gas usage: 228802
  Block number: 207
  Block time: Wed Jun 10 2026 05:54:13 GMT+0900 (Korean Standard Time)

eth_chainId
eth_getTransactionReceipt
eth_getBlockByNumber
eth_chainId
eth_sendTransaction

  Transaction: 0x1f55f1ffc4dcb21b4583b5aabb8154ba6c5514fc80bc1914c9081b7b4394502a
  Gas usage: 228718
  Block number: 208
  Block time: Wed Jun 10 2026 05:54:13 GMT+0900 (Korean Standard Time)

eth_chainId
eth_getTransactionReceipt
eth_getBlockByNumber
eth_chainId
eth_sendTransaction

  Transaction: 0x30ee72daa4fa0ac2c8c469553f2493be57607bcb1937a4a6c6c23583176ded7a
  Gas usage: 228694
  Block number: 209
  Block time: Wed Jun 10 2026 05:54:13 GMT+0900 (Korean Standard Time)

eth_chainId
eth_getTransactionReceipt
eth_getBlockByNumber
eth_chainId
eth_sendTransaction

  Transaction: 0x8f390f17a1457e87d5c07c5d067cc02b0594a81d1f50db4c202e3035689a4ed6
  Gas usage: 228682
  Block number: 210
  Block time: Wed Jun 10 2026 05:54:13 GMT+0900 (Korean Standard Time)

eth_chainId
eth_getTransactionReceipt
eth_getBlockByNumber
eth_chainId
eth_sendTransaction

  Transaction: 0xe42f732e24a3162c45ee89a2c79b98a9afc56332c59a85b694b6408556ac7797
  Gas usage: 228754
  Block number: 211
  Block time: Wed Jun 10 2026 05:54:13 GMT+0900 (Korean Standard Time)

eth_chainId
eth_getTransactionReceipt
eth_getBlockByNumber
eth_chainId
eth_sendTransaction

  Transaction: 0x1da73a65021e7033d21df46470609d91aff32e59d02b9b8251a68a07f1885c5f
  Gas usage: 228730
  Block number: 212
  Block time: Wed Jun 10 2026 05:54:13 GMT+0900 (Korean Standard Time)

eth_chainId
eth_getTransactionReceipt
eth_getBlockByNumber
eth_chainId
eth_sendTransaction

  Transaction: 0xff73babea185b97c481335a43e7fd01f8f682af7b5ccfe5cdf3624a509ab9f61
  Gas usage: 228754
  Block number: 213
  Block time: Wed Jun 10 2026 05:54:13 GMT+0900 (Korean Standard Time)

eth_chainId
eth_getTransactionReceipt
eth_getBlockByNumber
eth_chainId
eth_sendTransaction

  Transaction: 0x409e0336a7508292161b44acb3d38a17f15c2f9498d6e686ff516098ec6d4dad
  Gas usage: 228706
  Block number: 214
  Block time: Wed Jun 10 2026 05:54:13 GMT+0900 (Korean Standard Time)

eth_chainId
eth_getTransactionReceipt
eth_getBlockByNumber
eth_chainId
eth_sendTransaction

  Transaction: 0x941661b6e91c25d89f24990e6b28c465062394ac7577335cec5ee59176a5a749
  Gas usage: 228730
  Block number: 215
  Block time: Wed Jun 10 2026 05:54:13 GMT+0900 (Korean Standard Time)

eth_chainId
eth_getTransactionReceipt
eth_getBlockByNumber
eth_chainId
eth_sendTransaction

  Transaction: 0xce70f846368daceaea56a795353d64ada57423e630ff02e1edd5bea98a8d1c90
  Gas usage: 228682
  Block number: 216
  Block time: Wed Jun 10 2026 05:54:13 GMT+0900 (Korean Standard Time)

eth_chainId
eth_getTransactionReceipt
eth_getBlockByNumber
eth_chainId
eth_sendTransaction

  Transaction: 0xa500a47a9afd24cff6ca0ff0001a2b344d0773f1bb3a8a6e25bb8aee7e81ee0c
  Gas usage: 228706
  Block number: 217
  Block time: Wed Jun 10 2026 05:54:13 GMT+0900 (Korean Standard Time)

eth_chainId
eth_getTransactionReceipt
eth_getBlockByNumber
eth_chainId
eth_sendTransaction

  Transaction: 0x20ec72b8165321c3853ab9a383ed029780252183ab64979a46868b421fa03f03
  Gas usage: 228718
  Block number: 218
  Block time: Wed Jun 10 2026 05:54:13 GMT+0900 (Korean Standard Time)

eth_chainId
eth_getTransactionReceipt
eth_getBlockByNumber
eth_chainId
eth_sendTransaction

  Transaction: 0x4f1b42ca26acee48dab6ea0f3e0575066498219e0092addd85386a4e40a005ce
  Gas usage: 228754
  Block number: 219
  Block time: Wed Jun 10 2026 05:54:13 GMT+0900 (Korean Standard Time)

eth_chainId
eth_getTransactionReceipt
eth_getBlockByNumber
eth_chainId
eth_sendTransaction

  Transaction: 0x99a365846b17801ecfde1d56c83314382bb11dedc7f18644e111a0fbc995ec99
  Gas usage: 228814
  Block number: 220
  Block time: Wed Jun 10 2026 05:54:13 GMT+0900 (Korean Standard Time)

eth_chainId
eth_getTransactionReceipt
eth_getBlockByNumber
eth_chainId
eth_sendTransaction

  Transaction: 0x92a604e4e30f3f2747748c1d08cc05a731653fa42724eee207e0e859c64ffa56
  Gas usage: 228730
  Block number: 221
  Block time: Wed Jun 10 2026 05:54:13 GMT+0900 (Korean Standard Time)

eth_chainId
eth_getTransactionReceipt
eth_getBlockByNumber
eth_chainId
eth_sendTransaction

  Transaction: 0xde048c5e707bf0f9e620d11cc4b374412963a892053d69712eba8ef0ccd1eb1a
  Gas usage: 228790
  Block number: 222
  Block time: Wed Jun 10 2026 05:54:13 GMT+0900 (Korean Standard Time)

eth_chainId
eth_getTransactionReceipt
eth_getBlockByNumber
eth_chainId
eth_sendTransaction

  Transaction: 0xe6d07abdb1993236610029e2099fad157c5eb1ee5ce24c7c493199fb0cbbd053
  Gas usage: 228718
  Block number: 223
  Block time: Wed Jun 10 2026 05:54:13 GMT+0900 (Korean Standard Time)

eth_chainId
eth_getTransactionReceipt
eth_getBlockByNumber
eth_chainId
eth_sendTransaction

  Transaction: 0x9ccee904d558f4e7900123c436682003562facc9e6f0d535fc381196c43a57c7
  Gas usage: 228706
  Block number: 224
  Block time: Wed Jun 10 2026 05:54:13 GMT+0900 (Korean Standard Time)

eth_chainId
eth_getTransactionReceipt
eth_getBlockByNumber
eth_chainId
eth_sendTransaction

  Transaction: 0x1459a2b92df5d72cdc0116611b57ae6df2308a8dc5636d8283ab0f1bdd46fe58
  Gas usage: 228670
  Block number: 225
  Block time: Wed Jun 10 2026 05:54:14 GMT+0900 (Korean Standard Time)

eth_chainId
eth_getTransactionReceipt
eth_getBlockByNumber
eth_chainId
eth_sendTransaction

  Transaction: 0x6419ce051a095e1a2e2c834b84dac11314a5564066ef6dd894cb0b63e847b647
  Gas usage: 228730
  Block number: 226
  Block time: Wed Jun 10 2026 05:54:14 GMT+0900 (Korean Standard Time)

eth_chainId
eth_getTransactionReceipt
eth_getBlockByNumber
eth_chainId
eth_sendTransaction

  Transaction: 0xe232edf8438950c9f20f51bbfdf1de7d0e4e940198c333c38b6ac7bea09b5bed
  Gas usage: 228754
  Block number: 227
  Block time: Wed Jun 10 2026 05:54:14 GMT+0900 (Korean Standard Time)

eth_chainId
eth_getTransactionReceipt
eth_getBlockByNumber
eth_chainId
eth_sendTransaction

  Transaction: 0xf401afbf94c07d0e84ea3ea9c580bc8f3d13b67a5b5e6554f209b75400f4c95c
  Gas usage: 228754
  Block number: 228
  Block time: Wed Jun 10 2026 05:54:14 GMT+0900 (Korean Standard Time)

eth_chainId
eth_getTransactionReceipt
eth_getBlockByNumber
eth_chainId
eth_sendTransaction

  Transaction: 0x9cb34551ae976edc146846320ddd196cf67c2bdd1b283728b915cab6b5730270
  Gas usage: 228718
  Block number: 229
  Block time: Wed Jun 10 2026 05:54:14 GMT+0900 (Korean Standard Time)

eth_chainId
eth_getTransactionReceipt
eth_getBlockByNumber
eth_chainId
eth_sendTransaction

  Transaction: 0x3b305bc3ce5b86c6f2183e743ecaea8f598d31f88e7058a63046f189db48f6fe
  Gas usage: 228790
  Block number: 230
  Block time: Wed Jun 10 2026 05:54:14 GMT+0900 (Korean Standard Time)

eth_chainId
eth_getTransactionReceipt
eth_getBlockByNumber
eth_chainId
eth_sendTransaction

  Transaction: 0xc60a9de2112dc29640d1f1c6ecfc691d185d68674df9da0d2c0c68fad8b03854
  Gas usage: 228670
  Block number: 231
  Block time: Wed Jun 10 2026 05:54:14 GMT+0900 (Korean Standard Time)

eth_chainId
eth_getTransactionReceipt
eth_getBlockByNumber
eth_chainId
eth_sendTransaction

  Transaction: 0xde044cf49368e5ca9dade7aa5f300719a8398ccdf521577300ed2908d7a3c4d4
  Gas usage: 273429
  Block number: 232
  Block time: Wed Jun 10 2026 05:54:14 GMT+0900 (Korean Standard Time)

eth_chainId
eth_getTransactionReceipt
eth_getBlockByNumber
eth_chainId
eth_sendTransaction

  Transaction: 0x105c063ad500783df45878276b64330e734f2b2ca83632d3fbe2e4ee5575ae1a
  Gas usage: 228742
  Block number: 233
  Block time: Wed Jun 10 2026 05:54:14 GMT+0900 (Korean Standard Time)

eth_chainId
eth_getTransactionReceipt
eth_getBlockByNumber
eth_chainId
eth_sendTransaction

  Transaction: 0x7b87d97e229f0c94b26a9e424d3eba9b7127c4956188c38160603e1141021c70
  Gas usage: 228706
  Block number: 234
  Block time: Wed Jun 10 2026 05:54:14 GMT+0900 (Korean Standard Time)

eth_chainId
eth_getTransactionReceipt
eth_getBlockByNumber
eth_chainId
eth_sendTransaction

  Transaction: 0xb53f9929e064d4cf3c8c0effeb88b57a9d9812fb9a787e18535563ce5714725c
  Gas usage: 228694
  Block number: 235
  Block time: Wed Jun 10 2026 05:54:14 GMT+0900 (Korean Standard Time)

eth_chainId
eth_getTransactionReceipt
eth_getBlockByNumber
eth_chainId
eth_sendTransaction

  Transaction: 0xe9e126f03d57e29bfaebc20e9ec1c0b41713aab13a60f31a2a2da38601c16a38
  Gas usage: 228766
  Block number: 236
  Block time: Wed Jun 10 2026 05:54:14 GMT+0900 (Korean Standard Time)

eth_chainId
eth_getTransactionReceipt
eth_getBlockByNumber
eth_chainId
eth_sendTransaction

  Transaction: 0xd0632b1261be0585b9802d52ea4bdc25639d317d9b178bd85c6058e390874be9
  Gas usage: 228778
  Block number: 237
  Block time: Wed Jun 10 2026 05:54:14 GMT+0900 (Korean Standard Time)

eth_chainId
eth_getTransactionReceipt
eth_getBlockByNumber
eth_chainId
eth_sendTransaction

  Transaction: 0xe0d7cdb1f32eaf20c836a9779e8c126372d5f2047d63767d103e1ebc32876ea9
  Gas usage: 228718
  Block number: 238
  Block time: Wed Jun 10 2026 05:54:14 GMT+0900 (Korean Standard Time)

eth_chainId
eth_getTransactionReceipt
eth_getBlockByNumber
eth_chainId
eth_sendTransaction

  Transaction: 0x0da3a943f9156ec0567ca18a699ee685feb01995674cf32ce2205b73bebc4bc0
  Gas usage: 228646
  Block number: 239
  Block time: Wed Jun 10 2026 05:54:14 GMT+0900 (Korean Standard Time)

eth_chainId
eth_getTransactionReceipt
eth_getBlockByNumber
eth_chainId
eth_sendTransaction

  Transaction: 0xc57fd322a98cc2e1296d442ebcd8286baf5dc8ee79e9d2178a9d08404b26721f
  Gas usage: 228670
  Block number: 240
  Block time: Wed Jun 10 2026 05:54:14 GMT+0900 (Korean Standard Time)

eth_chainId
eth_getTransactionReceipt
eth_getBlockByNumber
eth_chainId
eth_sendTransaction

  Transaction: 0x02ecdc10fd256bd3a6495263531445fa350a699193310b17e6ed4cea369c4538
  Gas usage: 228790
  Block number: 241
  Block time: Wed Jun 10 2026 05:54:14 GMT+0900 (Korean Standard Time)

eth_chainId
eth_getTransactionReceipt
eth_getBlockByNumber
eth_chainId
eth_sendTransaction

  Transaction: 0x4266cbabb95c90a9c57a7b5343ba4f48663922e0d78bdf3aea0c5e04e7c72e69
  Gas usage: 228682
  Block number: 242
  Block time: Wed Jun 10 2026 05:54:14 GMT+0900 (Korean Standard Time)

eth_chainId
eth_getTransactionReceipt
eth_getBlockByNumber
eth_chainId
eth_sendTransaction

  Transaction: 0xa0731e83411fc7773b5c6ade8e4288129f81c9523665c838cc00a91789f08508
  Gas usage: 228694
  Block number: 243
  Block time: Wed Jun 10 2026 05:54:14 GMT+0900 (Korean Standard Time)

eth_chainId
eth_getTransactionReceipt
eth_getBlockByNumber
eth_chainId
eth_sendTransaction

  Transaction: 0xe75ad7617fe387c5ddb83700b50af00dae279019b896ea2f49553687992ff056
  Gas usage: 228742
  Block number: 244
  Block time: Wed Jun 10 2026 05:54:14 GMT+0900 (Korean Standard Time)

eth_chainId
eth_getTransactionReceipt
eth_getBlockByNumber
eth_chainId
eth_sendTransaction

  Transaction: 0x4a759d6d28a986b36cbc2b55f0947ef72ea6db8b51ce10751e3da97a7ae5407a
  Gas usage: 228742
  Block number: 245
  Block time: Wed Jun 10 2026 05:54:14 GMT+0900 (Korean Standard Time)

eth_chainId
eth_getTransactionReceipt
eth_getBlockByNumber
eth_chainId
eth_sendTransaction

  Transaction: 0xb6580223f79d3d96b4b7e808ee2e98656d27b59c80f0dd7e519ca6283180bf07
  Gas usage: 228694
  Block number: 246
  Block time: Wed Jun 10 2026 05:54:14 GMT+0900 (Korean Standard Time)

eth_chainId
eth_getTransactionReceipt
eth_getBlockByNumber
eth_chainId
eth_sendTransaction

  Transaction: 0xf9d4c3a836d72f9bb03f011f11da3247a3256884c0c67502acf0858863b9cea0
  Gas usage: 228730
  Block number: 247
  Block time: Wed Jun 10 2026 05:54:14 GMT+0900 (Korean Standard Time)

eth_chainId
eth_getTransactionReceipt
eth_getBlockByNumber
eth_chainId
eth_sendTransaction

  Transaction: 0xe9ec8c5e88d5f660128882f25e96684eaa4de206d85d1749f27dd3102f763667
  Gas usage: 228706
  Block number: 248
  Block time: Wed Jun 10 2026 05:54:14 GMT+0900 (Korean Standard Time)

eth_chainId
eth_getTransactionReceipt
eth_getBlockByNumber
eth_chainId
eth_sendTransaction

  Transaction: 0xc34c718b669bfe9eb5a02d92ecab1af19daba48020419d7b3fc97c3580b72ad9
  Gas usage: 228706
  Block number: 249
  Block time: Wed Jun 10 2026 05:54:14 GMT+0900 (Korean Standard Time)

eth_chainId
eth_getTransactionReceipt
eth_getBlockByNumber
eth_chainId
eth_sendTransaction

  Transaction: 0x307790b27c36032c4c503fc0b69beb7db812448e9a8400f163b17af2f93dd598
  Gas usage: 228802
  Block number: 250
  Block time: Wed Jun 10 2026 05:54:14 GMT+0900 (Korean Standard Time)

eth_chainId
eth_getTransactionReceipt
eth_getBlockByNumber
eth_chainId
eth_sendTransaction

  Transaction: 0xd81d60d2a334284bd44d1b783142de518417cdd3a010d9c85c55931e4dd0f807
  Gas usage: 228706
  Block number: 251
  Block time: Wed Jun 10 2026 05:54:14 GMT+0900 (Korean Standard Time)

eth_chainId
eth_getTransactionReceipt
eth_getBlockByNumber
eth_chainId
eth_sendTransaction

  Transaction: 0xbec054ffde7846284df54d941507d374aa7a360116c6a12f0d5ca5a03b503018
  Gas usage: 228790
  Block number: 252
  Block time: Wed Jun 10 2026 05:54:14 GMT+0900 (Korean Standard Time)

eth_chainId
eth_getTransactionReceipt
eth_getBlockByNumber
eth_chainId
eth_sendTransaction

  Transaction: 0xe61439f4d85de8b16cebf5f55d66fb733139d1baa58e7fdf6eafd1b82679de4c
  Gas usage: 228694
  Block number: 253
  Block time: Wed Jun 10 2026 05:54:14 GMT+0900 (Korean Standard Time)

eth_chainId
eth_getTransactionReceipt
eth_getBlockByNumber
eth_chainId
eth_sendTransaction

  Transaction: 0x7f1073f61da07fa50d8ebfb25321ec23475aa9989cd3c35fa57e0170acf1c0de
  Gas usage: 228850
  Block number: 254
  Block time: Wed Jun 10 2026 05:54:14 GMT+0900 (Korean Standard Time)

eth_chainId
eth_getTransactionReceipt
eth_getBlockByNumber
eth_chainId
eth_sendTransaction

  Transaction: 0x2f1b9b23b2215553be215b69279e37cacba8bcf9c15c867305986efb0f25e0bb
  Gas usage: 228754
  Block number: 255
  Block time: Wed Jun 10 2026 05:54:14 GMT+0900 (Korean Standard Time)

eth_chainId
eth_getTransactionReceipt
eth_getBlockByNumber
eth_chainId
eth_sendTransaction

  Transaction: 0x43b05dc392dc8465a8b6ccfbc2c9a55b61d839161cea5f5902034ce32b8bcd8b
  Gas usage: 228742
  Block number: 256
  Block time: Wed Jun 10 2026 05:54:14 GMT+0900 (Korean Standard Time)

eth_chainId
eth_getTransactionReceipt
eth_getBlockByNumber
eth_chainId
eth_sendTransaction

  Transaction: 0x10e25170ff7a01f7fcbe4d1e8398c9af60f48da6bb470f7701d6401c6eff40bf
  Gas usage: 228670
  Block number: 257
  Block time: Wed Jun 10 2026 05:54:14 GMT+0900 (Korean Standard Time)

eth_chainId
eth_getTransactionReceipt
eth_getBlockByNumber
eth_chainId
eth_sendTransaction

  Transaction: 0x6d721502822262a12c1d98874f72399ae4c95848836d2b1a7804cc9bcb984045
  Gas usage: 228838
  Block number: 258
  Block time: Wed Jun 10 2026 05:54:14 GMT+0900 (Korean Standard Time)

eth_chainId
eth_getTransactionReceipt
eth_getBlockByNumber
eth_chainId
eth_sendTransaction

  Transaction: 0x97aabb28a181b81ceef9381c73d5ad3dcc8716042bfd6479bbbdf740be0a2d08
  Gas usage: 228694
  Block number: 259
  Block time: Wed Jun 10 2026 05:54:14 GMT+0900 (Korean Standard Time)

eth_chainId
eth_getTransactionReceipt
eth_getBlockByNumber
eth_chainId
eth_sendTransaction

  Transaction: 0x2f05943953e392b13317a881c8fc238c2064820e5f208fa644923b22346f722d
  Gas usage: 228742
  Block number: 260
  Block time: Wed Jun 10 2026 05:54:14 GMT+0900 (Korean Standard Time)

eth_chainId
eth_getTransactionReceipt
eth_getBlockByNumber
eth_chainId
eth_sendTransaction

  Transaction: 0x7b22da507a881623e3005ec8875fbc5751058de531df76c96c709ab15c40d165
  Gas usage: 228802
  Block number: 261
  Block time: Wed Jun 10 2026 05:54:15 GMT+0900 (Korean Standard Time)

eth_chainId
eth_getTransactionReceipt
eth_getBlockByNumber
eth_chainId
eth_sendTransaction

  Transaction: 0xba86830fd3d3e52841aee427394769caef1605de2c22b0b6b6b3bb4ee41c8282
  Gas usage: 273441
  Block number: 262
  Block time: Wed Jun 10 2026 05:54:15 GMT+0900 (Korean Standard Time)

eth_chainId
eth_getTransactionReceipt
eth_getBlockByNumber
eth_chainId
eth_sendTransaction

  Transaction: 0x47c381cc654d18db4fd297c93654ab5f4c47fb74ad05ac6a4080cc3038f95aba
  Gas usage: 228670
  Block number: 263
  Block time: Wed Jun 10 2026 05:54:15 GMT+0900 (Korean Standard Time)

eth_chainId
eth_getTransactionReceipt
eth_getBlockByNumber
eth_chainId
eth_sendTransaction

  Transaction: 0x1c00023be50d7cc54092bfc34cc0920b98e5463658c1b89290d0903cd0a04d3a
  Gas usage: 228694
  Block number: 264
  Block time: Wed Jun 10 2026 05:54:15 GMT+0900 (Korean Standard Time)

eth_chainId
eth_getTransactionReceipt
eth_getBlockByNumber
eth_chainId
eth_sendTransaction

  Transaction: 0x51e8fc2581c072805b103c2c54e67921c8f9036f05ed667e995ed0031a7efc5a
  Gas usage: 228730
  Block number: 265
  Block time: Wed Jun 10 2026 05:54:15 GMT+0900 (Korean Standard Time)

eth_chainId
eth_getTransactionReceipt
eth_getBlockByNumber
eth_chainId
eth_sendTransaction

  Transaction: 0xab4858893028b134cc7784e25de665e3adca41c43acd867eea98247da26d53ac
  Gas usage: 228706
  Block number: 266
  Block time: Wed Jun 10 2026 05:54:15 GMT+0900 (Korean Standard Time)

eth_chainId
eth_getTransactionReceipt
eth_getBlockByNumber
eth_chainId
eth_sendTransaction

  Transaction: 0xa9aa95c574d8785d7db504a464aa98fa257adb272f2e91b6d507232594181d32
  Gas usage: 228814
  Block number: 267
  Block time: Wed Jun 10 2026 05:54:15 GMT+0900 (Korean Standard Time)

eth_chainId
eth_getTransactionReceipt
eth_getBlockByNumber
eth_chainId
eth_sendTransaction

  Transaction: 0x9c5ba68c591dec4aa40df903121bb688176f751ec945cd7b76ea04419cc3043b
  Gas usage: 228706
  Block number: 268
  Block time: Wed Jun 10 2026 05:54:15 GMT+0900 (Korean Standard Time)

eth_chainId
eth_getTransactionReceipt
eth_getBlockByNumber
eth_chainId
eth_sendTransaction

  Transaction: 0xb450de9d08309023c47926586b9b2c693f170d316133bc17f60d400fb2696879
  Gas usage: 228778
  Block number: 269
  Block time: Wed Jun 10 2026 05:54:15 GMT+0900 (Korean Standard Time)

eth_chainId
eth_getTransactionReceipt
eth_getBlockByNumber
eth_chainId
eth_sendTransaction

  Transaction: 0x09eb244171b847bca10215a2f65ef9c43e28ef759e01f68d65ba6a2d8513f30a
  Gas usage: 228802
  Block number: 270
  Block time: Wed Jun 10 2026 05:54:15 GMT+0900 (Korean Standard Time)

eth_chainId
eth_getTransactionReceipt
eth_getBlockByNumber
eth_chainId
eth_sendTransaction

  Transaction: 0x1a002525db31d7cf833775eb1d958e75d3e178e9fcdf47666f9949eefde09849
  Gas usage: 228706
  Block number: 271
  Block time: Wed Jun 10 2026 05:54:15 GMT+0900 (Korean Standard Time)

eth_chainId
eth_getTransactionReceipt
eth_getBlockByNumber
eth_chainId
eth_sendTransaction

  Transaction: 0x6af52d99970d65f5c0665e9f3181bf31b891ece744dcd1ca31b178d4488937d2
  Gas usage: 228646
  Block number: 272
  Block time: Wed Jun 10 2026 05:54:15 GMT+0900 (Korean Standard Time)

eth_chainId
eth_getTransactionReceipt
eth_getBlockByNumber
eth_chainId
eth_sendTransaction

  Transaction: 0x3064b004f24b5dba0f6c7a47b0be7d7e1ad4bd978a4fb26f6646e31f609ac16a
  Gas usage: 228718
  Block number: 273
  Block time: Wed Jun 10 2026 05:54:15 GMT+0900 (Korean Standard Time)

eth_chainId
eth_getTransactionReceipt
eth_getBlockByNumber
eth_chainId
eth_sendTransaction

  Transaction: 0x54e1650e82b3f19f1dd2b6b763123577d2a95ed6471d3a4be68ce827bb629c79
  Gas usage: 228826
  Block number: 274
  Block time: Wed Jun 10 2026 05:54:15 GMT+0900 (Korean Standard Time)

eth_chainId
eth_getTransactionReceipt
eth_getBlockByNumber
eth_chainId
eth_sendTransaction

  Transaction: 0x2350221e85d02d20f637447c6cd58754487139a509e4b63416b6797cd5fb768c
  Gas usage: 228754
  Block number: 275
  Block time: Wed Jun 10 2026 05:54:15 GMT+0900 (Korean Standard Time)

eth_chainId
eth_getTransactionReceipt
eth_getBlockByNumber
eth_chainId
eth_sendTransaction

  Transaction: 0x979f0a9a8467b94b605f9408f4dc15077b2c7a67a1926aadcd18365524aaa4fa
  Gas usage: 228742
  Block number: 276
  Block time: Wed Jun 10 2026 05:54:15 GMT+0900 (Korean Standard Time)

eth_chainId
eth_getTransactionReceipt
eth_getBlockByNumber
eth_chainId
eth_sendTransaction

  Transaction: 0xf69c632dfe5039c382bb569a9276eeb743add2c083acbcc6f08f9192ddbb1dff
  Gas usage: 228730
  Block number: 277
  Block time: Wed Jun 10 2026 05:54:15 GMT+0900 (Korean Standard Time)

eth_chainId
eth_getTransactionReceipt
eth_getBlockByNumber
eth_chainId
eth_sendTransaction

  Transaction: 0xd979c3708d7bb0a2d8170af342c0877b917f208aaac606c2cd42a97096990e8d
  Gas usage: 228658
  Block number: 278
  Block time: Wed Jun 10 2026 05:54:15 GMT+0900 (Korean Standard Time)

eth_chainId
eth_getTransactionReceipt
eth_getBlockByNumber
eth_chainId
eth_sendTransaction

  Transaction: 0x8686f6e8bf9d97969893baa7d3bed715da1f68b5b70b21465a7b67a3ca747899
  Gas usage: 228826
  Block number: 279
  Block time: Wed Jun 10 2026 05:54:15 GMT+0900 (Korean Standard Time)

eth_chainId
eth_getTransactionReceipt
eth_getBlockByNumber
eth_chainId
eth_sendTransaction

  Transaction: 0x988534b867a2561d159a24e62e13b5147ae46fd0a4a477cfa0d7920f162367e5
  Gas usage: 228682
  Block number: 280
  Block time: Wed Jun 10 2026 05:54:15 GMT+0900 (Korean Standard Time)

eth_chainId
eth_getTransactionReceipt
eth_getBlockByNumber
eth_chainId
eth_sendTransaction

  Transaction: 0xba9684eff44ce20fe4206b393cdf7bc6d8b8bf297665e27fee2c02ddb3623545
  Gas usage: 228742
  Block number: 281
  Block time: Wed Jun 10 2026 05:54:15 GMT+0900 (Korean Standard Time)

eth_chainId
eth_getTransactionReceipt
eth_getBlockByNumber
eth_chainId
eth_sendTransaction

  Transaction: 0x65d15565bb1423d1fac1c5f2e1e4166b0e0a966d30c7b61fb9c2b0c987836660
  Gas usage: 228742
  Block number: 282
  Block time: Wed Jun 10 2026 05:54:15 GMT+0900 (Korean Standard Time)

eth_chainId
eth_getTransactionReceipt
eth_getBlockByNumber
eth_chainId
eth_sendTransaction

  Transaction: 0x7e7ecdaaa5ee8c014f96fad7b78fd9dbfa14d9b244f6eee7ca988fffdca70cc5
  Gas usage: 228814
  Block number: 283
  Block time: Wed Jun 10 2026 05:54:15 GMT+0900 (Korean Standard Time)

eth_chainId
eth_getTransactionReceipt
eth_getBlockByNumber
eth_chainId
eth_sendTransaction

  Transaction: 0x8d4f9faec00e8bf5753e16bfce0b435f09dd74c87c88d0d2d0153bf744304137
  Gas usage: 228814
  Block number: 284
  Block time: Wed Jun 10 2026 05:54:15 GMT+0900 (Korean Standard Time)

eth_chainId
eth_getTransactionReceipt
eth_getBlockByNumber
eth_chainId
eth_sendTransaction

  Transaction: 0x22e09351d63e56b34012ba9656e5102f57b6e47d56a180d153b1950a553f0521
  Gas usage: 228682
  Block number: 285
  Block time: Wed Jun 10 2026 05:54:15 GMT+0900 (Korean Standard Time)

eth_chainId
eth_getTransactionReceipt
eth_getBlockByNumber
eth_chainId
eth_sendTransaction

  Transaction: 0x826465491b626b85b2d1994c30adefdf69fdcb5deba2e1f0ccb30bd44bfe2b7b
  Gas usage: 228646
  Block number: 286
  Block time: Wed Jun 10 2026 05:54:15 GMT+0900 (Korean Standard Time)

eth_chainId
eth_getTransactionReceipt
eth_getBlockByNumber
eth_chainId
eth_sendTransaction

  Transaction: 0xf659c2087ca1e89ab7b15224c0d46e46ac82d614a07cedfb2a54f38ab762edd4
  Gas usage: 228634
  Block number: 287
  Block time: Wed Jun 10 2026 05:54:15 GMT+0900 (Korean Standard Time)

eth_chainId
eth_getTransactionReceipt
eth_getBlockByNumber
eth_chainId
eth_sendTransaction

  Transaction: 0x23b14964e3d509a804a310d5b729d13ee52af365426ddbdeddd8345b7be5ec5a
  Gas usage: 228694
  Block number: 288
  Block time: Wed Jun 10 2026 05:54:15 GMT+0900 (Korean Standard Time)

eth_chainId
eth_getTransactionReceipt
eth_getBlockByNumber
eth_chainId
eth_sendTransaction

  Transaction: 0x28bb785f703bc458bef1a01bcdcf8bafe4d70c0234f729ef812d265c0448eb42
  Gas usage: 228802
  Block number: 289
  Block time: Wed Jun 10 2026 05:54:15 GMT+0900 (Korean Standard Time)

eth_chainId
eth_getTransactionReceipt
eth_getBlockByNumber
eth_chainId
eth_sendTransaction

  Transaction: 0x8be186937d8f9c9ab62fa9c76030eba39d13d5a1d4166ece2a305397fba5d42b
  Gas usage: 228742
  Block number: 290
  Block time: Wed Jun 10 2026 05:54:15 GMT+0900 (Korean Standard Time)

eth_chainId
eth_getTransactionReceipt
eth_getBlockByNumber
eth_chainId
eth_sendTransaction

  Transaction: 0x101df96863fc914e3f514827a8d62c5947cff4361d5d6d46b5503e67c869165b
  Gas usage: 228814
  Block number: 291
  Block time: Wed Jun 10 2026 05:54:15 GMT+0900 (Korean Standard Time)

eth_chainId
eth_getTransactionReceipt
eth_getBlockByNumber
eth_chainId
eth_sendTransaction

  Transaction: 0x6f37614cd96f5f18b6a5e537dde6085cafa5e2fc1981b66375984ac6cfee64fe
  Gas usage: 228742
  Block number: 292
  Block time: Wed Jun 10 2026 05:54:15 GMT+0900 (Korean Standard Time)

eth_chainId
eth_getTransactionReceipt
eth_getBlockByNumber
eth_chainId
eth_sendTransaction

  Transaction: 0x46ecd345f77859716b5128fa572d83bb677a3c55dd5a785ba4bb2aaa779e6751
  Gas usage: 228718
  Block number: 293
  Block time: Wed Jun 10 2026 05:54:15 GMT+0900 (Korean Standard Time)

eth_chainId
eth_getTransactionReceipt
eth_getBlockByNumber
eth_chainId
eth_sendTransaction

  Transaction: 0x081cca3ac7d0d4fea0f053f50a1c308b972077391b1bc363708d100296fa91be
  Gas usage: 228670
  Block number: 294
  Block time: Wed Jun 10 2026 05:54:15 GMT+0900 (Korean Standard Time)

eth_chainId
eth_getTransactionReceipt
eth_getBlockByNumber
eth_chainId
eth_sendTransaction

  Transaction: 0x2012b16e1e8dc89766b16577fc89f51468f9dcc59eb4bb53fd97c1bc9e6fe0be
  Gas usage: 228826
  Block number: 295
  Block time: Wed Jun 10 2026 05:54:15 GMT+0900 (Korean Standard Time)

eth_chainId
eth_getTransactionReceipt
eth_getBlockByNumber
eth_chainId
eth_sendTransaction

  Transaction: 0x217571b853feb0092bd1e1fbf1a822420eec1b357da00ce32ebdbf8c8b73aa40
  Gas usage: 228670
  Block number: 296
  Block time: Wed Jun 10 2026 05:54:15 GMT+0900 (Korean Standard Time)

eth_chainId
eth_getTransactionReceipt
eth_getBlockByNumber
eth_chainId
eth_sendTransaction

  Transaction: 0x4e753695d896fea2fe4a2e0697f3511132e435a9e01a5d91f55983cbee0c6a85
  Gas usage: 228694
  Block number: 297
  Block time: Wed Jun 10 2026 05:54:16 GMT+0900 (Korean Standard Time)

eth_chainId
eth_getTransactionReceipt
eth_getBlockByNumber
eth_chainId
eth_sendTransaction

  Transaction: 0x4ae7d9ba85176333857a436747c6969196f771036efe2e23ae5a20c2f8748d7b
  Gas usage: 228718
  Block number: 298
  Block time: Wed Jun 10 2026 05:54:16 GMT+0900 (Korean Standard Time)

eth_chainId
eth_getTransactionReceipt
eth_getBlockByNumber
eth_chainId
eth_sendTransaction

  Transaction: 0x1b718a981e7e55e5f656ad9f77815134f7420ada08eb39f343d6fca626cfc7ac
  Gas usage: 228730
  Block number: 299
  Block time: Wed Jun 10 2026 05:54:16 GMT+0900 (Korean Standard Time)

eth_chainId
eth_getTransactionReceipt
eth_getBlockByNumber
eth_chainId
eth_sendTransaction

  Transaction: 0x4ca7124a481404414d152f226a043911c8ce4b06dc2711975cc8e425bc224ec9
  Gas usage: 228706
  Block number: 300
  Block time: Wed Jun 10 2026 05:54:16 GMT+0900 (Korean Standard Time)

eth_chainId
eth_getTransactionReceipt
eth_getBlockByNumber
eth_chainId
eth_sendTransaction

  Transaction: 0xabb94d62a232fad393f48fe18d6113f039d1b1b17fbf21a8c015dc3278d2f35b
  Gas usage: 228766
  Block number: 301
  Block time: Wed Jun 10 2026 05:54:16 GMT+0900 (Korean Standard Time)

eth_chainId
eth_getTransactionReceipt
eth_getBlockByNumber
eth_chainId
eth_sendTransaction

  Transaction: 0x4f4ea8ed6b6acc68c17ef3e8b76366989a8d4f5ed10371b1b9bf710817282aaa
  Gas usage: 228694
  Block number: 302
  Block time: Wed Jun 10 2026 05:54:16 GMT+0900 (Korean Standard Time)

eth_chainId
eth_getTransactionReceipt
eth_getBlockByNumber
eth_chainId
eth_sendTransaction

  Transaction: 0x7fd8c976ee9e9561c7e072d372eed4a1cb11ed56229f789f7b074a72a32248d6
  Gas usage: 228718
  Block number: 303
  Block time: Wed Jun 10 2026 05:54:16 GMT+0900 (Korean Standard Time)

eth_chainId
eth_getTransactionReceipt
eth_getBlockByNumber
eth_chainId
eth_sendTransaction

  Transaction: 0x46753ec64af2f8b192938ad8d38c98f6a1cd58b57f296b2a3e519f2c5e462e2d
  Gas usage: 228742
  Block number: 304
  Block time: Wed Jun 10 2026 05:54:16 GMT+0900 (Korean Standard Time)

eth_chainId
eth_getTransactionReceipt
eth_getBlockByNumber
eth_chainId
eth_sendTransaction

  Transaction: 0x3cd1f3ee585559368a292656a81b368b7fd36dae670d0de0ffa86c1e37a40131
  Gas usage: 228706
  Block number: 305
  Block time: Wed Jun 10 2026 05:54:16 GMT+0900 (Korean Standard Time)

eth_chainId
eth_getTransactionReceipt
eth_getBlockByNumber
eth_chainId
eth_sendTransaction

  Transaction: 0x62b8ad1c0ab5c22ff25a5b2d678ecbae6fa48e3387ed76277a05f9a65a76985f
  Gas usage: 228730
  Block number: 306
  Block time: Wed Jun 10 2026 05:54:16 GMT+0900 (Korean Standard Time)

eth_chainId
eth_getTransactionReceipt
eth_getBlockByNumber
eth_chainId
eth_sendTransaction

  Transaction: 0xcd9528c100680b555901225659bdbc6f65dcc5bc9dbf6c60fa030b583e0e3bc5
  Gas usage: 228706
  Block number: 307
  Block time: Wed Jun 10 2026 05:54:16 GMT+0900 (Korean Standard Time)

eth_chainId
eth_getTransactionReceipt
eth_getBlockByNumber
eth_chainId
eth_sendTransaction

  Transaction: 0xcd1e8c8fc417b3917103ecedad8787e62e7f4f58b4df46500c200a38e9d4bb74
  Gas usage: 228670
  Block number: 308
  Block time: Wed Jun 10 2026 05:54:16 GMT+0900 (Korean Standard Time)

eth_chainId
eth_getTransactionReceipt
eth_getBlockByNumber
eth_chainId
eth_sendTransaction

  Transaction: 0x3dc199539af30be250af30669b9826e3050c62ca94c0ae32ee54aa596dd301ee
  Gas usage: 228754
  Block number: 309
  Block time: Wed Jun 10 2026 05:54:16 GMT+0900 (Korean Standard Time)

eth_chainId
eth_getTransactionReceipt
eth_getBlockByNumber
eth_chainId
eth_sendTransaction

  Transaction: 0xf44d3f55a18704b99826fdef5ef103de6c09486ccb460143809cd58ac4fdae86
  Gas usage: 228622
  Block number: 310
  Block time: Wed Jun 10 2026 05:54:16 GMT+0900 (Korean Standard Time)

eth_chainId
eth_getTransactionReceipt
eth_getBlockByNumber
eth_chainId
eth_sendTransaction

  Transaction: 0x6fd7e09d6252c9f41b3212514cadd0cd6d0ee21ae596240a08a6475b4599a9b1
  Gas usage: 228742
  Block number: 311
  Block time: Wed Jun 10 2026 05:54:16 GMT+0900 (Korean Standard Time)

eth_chainId
eth_getTransactionReceipt
eth_getBlockByNumber
eth_chainId
eth_sendTransaction

  Transaction: 0x87f34c3e54e2f2fe3969890d4deec575634e3bfd4c44535283c4b812af3df412
  Gas usage: 228694
  Block number: 312
  Block time: Wed Jun 10 2026 05:54:16 GMT+0900 (Korean Standard Time)

eth_chainId
eth_getTransactionReceipt
eth_getBlockByNumber
eth_chainId
eth_sendTransaction

  Transaction: 0xedfb1aa65fdc607b13391e260292f565b6a421d2bc0e54b51e2ede7a9bc25f26
  Gas usage: 228706
  Block number: 313
  Block time: Wed Jun 10 2026 05:54:16 GMT+0900 (Korean Standard Time)

eth_chainId
eth_getTransactionReceipt
eth_getBlockByNumber
eth_chainId
eth_sendTransaction

  Transaction: 0xe66dbdf678787e1be58fdfdc850acf7dded84a21fe1ba3dd25d1cacbaaa8a8f9
  Gas usage: 228694
  Block number: 314
  Block time: Wed Jun 10 2026 05:54:16 GMT+0900 (Korean Standard Time)

eth_chainId
eth_getTransactionReceipt
eth_getBlockByNumber
eth_chainId
eth_sendTransaction

  Transaction: 0x08662376c5d250670a7ea34022587358a0126df34b88b0851e5f076a7c5d5f2d
  Gas usage: 228718
  Block number: 315
  Block time: Wed Jun 10 2026 05:54:16 GMT+0900 (Korean Standard Time)

eth_chainId
eth_getTransactionReceipt
eth_getBlockByNumber
eth_chainId
eth_sendTransaction

  Transaction: 0xdced8b2bd4d8a21885bd500bb00e95d32ac12c0d59e004128668bb7a2e55451d
  Gas usage: 228826
  Block number: 316
  Block time: Wed Jun 10 2026 05:54:16 GMT+0900 (Korean Standard Time)

eth_chainId
eth_getTransactionReceipt
eth_getBlockByNumber
eth_chainId
eth_sendTransaction

  Transaction: 0x9276e5ca8369742caeab5042b5af4a66fcf720814c25062d43f89984d0e5f9d0
  Gas usage: 228706
  Block number: 317
  Block time: Wed Jun 10 2026 05:54:16 GMT+0900 (Korean Standard Time)

eth_chainId
eth_getTransactionReceipt
eth_getBlockByNumber
eth_chainId
eth_sendTransaction

  Transaction: 0x7aedbb23bfd06ee6cca14f7ab11223c7f53153c3606f27f61855f15b96b1831a
  Gas usage: 228622
  Block number: 318
  Block time: Wed Jun 10 2026 05:54:16 GMT+0900 (Korean Standard Time)

eth_chainId
eth_getTransactionReceipt
eth_getBlockByNumber
eth_chainId
eth_sendTransaction

  Transaction: 0x61ed89d9e4672ea5b6f3f45fc2bf33183f4635eae411f0e9fc681a66aabe28e5
  Gas usage: 228706
  Block number: 319
  Block time: Wed Jun 10 2026 05:54:16 GMT+0900 (Korean Standard Time)

eth_chainId
eth_getTransactionReceipt
eth_getBlockByNumber
eth_chainId
eth_sendTransaction

  Transaction: 0x8e2ab0f77cb50678b1c2a6f48222e962f5a107eae0a67ffdd275c293f154dc2d
  Gas usage: 228754
  Block number: 320
  Block time: Wed Jun 10 2026 05:54:16 GMT+0900 (Korean Standard Time)

eth_chainId
eth_getTransactionReceipt
eth_getBlockByNumber
eth_chainId
eth_sendTransaction

  Transaction: 0x2a01c94a84b26ad8e1a98626352f1463e06e532f53c48bb8a17b4ce9d215fdbf
  Gas usage: 228766
  Block number: 321
  Block time: Wed Jun 10 2026 05:54:16 GMT+0900 (Korean Standard Time)

eth_chainId
eth_getTransactionReceipt
eth_getBlockByNumber
eth_chainId
eth_sendTransaction

  Transaction: 0xf5bdd6835257183e179704a529206abaa22723d5d2a7d40893ffb2c402845270
  Gas usage: 228790
  Block number: 322
  Block time: Wed Jun 10 2026 05:54:16 GMT+0900 (Korean Standard Time)

eth_chainId
eth_getTransactionReceipt
eth_getBlockByNumber
eth_chainId
eth_sendTransaction

  Transaction: 0x93be0941c199f5017120a36b12cac20bbdf4dded59236829b8d264c16fce23da
  Gas usage: 228730
  Block number: 323
  Block time: Wed Jun 10 2026 05:54:16 GMT+0900 (Korean Standard Time)

eth_chainId
eth_getTransactionReceipt
eth_getBlockByNumber
eth_chainId
eth_sendTransaction

  Transaction: 0x39a899a237a6432c24aa4cc767a0bebb03a6fcf227af66f7ce5a96234368b9ad
  Gas usage: 228802
  Block number: 324
  Block time: Wed Jun 10 2026 05:54:16 GMT+0900 (Korean Standard Time)

eth_chainId
eth_getTransactionReceipt
eth_getBlockByNumber
eth_chainId
eth_sendTransaction

  Transaction: 0xc85bd13896cc79a9bd8ae6dcf470cad6692bdb9a8a9c507d9d94028a696f66aa
  Gas usage: 228754
  Block number: 325
  Block time: Wed Jun 10 2026 05:54:16 GMT+0900 (Korean Standard Time)

eth_chainId
eth_getTransactionReceipt
eth_getBlockByNumber
eth_chainId
eth_sendTransaction

  Transaction: 0x6c25fbfe65735bd99181a0576f6233815cd296dcf08fc00d4730f4a45b8fe6ab
  Gas usage: 228778
  Block number: 326
  Block time: Wed Jun 10 2026 05:54:16 GMT+0900 (Korean Standard Time)

eth_chainId
eth_getTransactionReceipt
eth_getBlockByNumber
eth_chainId
eth_sendTransaction

  Transaction: 0x1bd0d006b9b09a2323f72b2f78fed21adb11f8744e959e515e643fc84c818518
  Gas usage: 228670
  Block number: 327
  Block time: Wed Jun 10 2026 05:54:16 GMT+0900 (Korean Standard Time)

eth_chainId
eth_getTransactionReceipt
eth_getBlockByNumber
eth_chainId
eth_sendTransaction

  Transaction: 0x46e63ef564a54fd31e1000bc8cff6e29da06245fb0405af3b016a60ecd84c26a
  Gas usage: 228658
  Block number: 328
  Block time: Wed Jun 10 2026 05:54:16 GMT+0900 (Korean Standard Time)

eth_chainId
eth_getTransactionReceipt
eth_getBlockByNumber
eth_chainId
eth_sendTransaction

  Transaction: 0x25529cec3863f1a108b2714d845e7d8d97fa0da83b68b6abd4bbbdc7dbd12dd8
  Gas usage: 228706
  Block number: 329
  Block time: Wed Jun 10 2026 05:54:16 GMT+0900 (Korean Standard Time)

eth_chainId
eth_getTransactionReceipt
eth_getBlockByNumber
eth_chainId
eth_sendTransaction

  Transaction: 0x1cd108ad77c44ae108cf615ae6dd2d61b04fc27ca980080c5fe2b11f5b6b8a84
  Gas usage: 228838
  Block number: 330
  Block time: Wed Jun 10 2026 05:54:16 GMT+0900 (Korean Standard Time)

eth_chainId
eth_getTransactionReceipt
eth_getBlockByNumber
eth_chainId
eth_sendTransaction

  Transaction: 0x102f78fa84eb3413723996d51446c6ce5189e20da1eaee228a78476039fd238e
  Gas usage: 228694
  Block number: 331
  Block time: Wed Jun 10 2026 05:54:16 GMT+0900 (Korean Standard Time)

eth_chainId
eth_getTransactionReceipt
eth_getBlockByNumber
eth_chainId
eth_sendTransaction

  Transaction: 0x681e5688b1786b2b9f5cfb535061edaa4607ce4fc33e71b2c9703591f26a8501
  Gas usage: 228730
  Block number: 332
  Block time: Wed Jun 10 2026 05:54:16 GMT+0900 (Korean Standard Time)

eth_chainId
eth_getTransactionReceipt
eth_getBlockByNumber
eth_chainId
eth_sendTransaction

  Transaction: 0x51c41e486eaa0815e60f79f2c877ae50b7eb563241d9e77a2eca4d9b333e499d
  Gas usage: 228742
  Block number: 333
  Block time: Wed Jun 10 2026 05:54:16 GMT+0900 (Korean Standard Time)

eth_chainId
eth_getTransactionReceipt
eth_getBlockByNumber
eth_chainId
eth_sendTransaction

  Transaction: 0xccf91b331db7482a547d7833438a8ca2f0493fde4abf4cdb8e27e6256ba2205e
  Gas usage: 228742
  Block number: 334
  Block time: Wed Jun 10 2026 05:54:17 GMT+0900 (Korean Standard Time)

eth_chainId
eth_getTransactionReceipt
eth_getBlockByNumber
eth_chainId
eth_sendTransaction

  Transaction: 0x227fc540d0e765aa1046c140ae35c837e8431bc1383f8f31aec5d13634d8956a
  Gas usage: 228718
  Block number: 335
  Block time: Wed Jun 10 2026 05:54:17 GMT+0900 (Korean Standard Time)

eth_chainId
eth_getTransactionReceipt
eth_getBlockByNumber
eth_chainId
eth_sendTransaction

  Transaction: 0xdc782fdffe3355894f33412e7914eb79e6dcead44a9c896f263bbd9fba2bd09d
  Gas usage: 228814
  Block number: 336
  Block time: Wed Jun 10 2026 05:54:17 GMT+0900 (Korean Standard Time)

eth_chainId
eth_getTransactionReceipt
eth_getBlockByNumber
eth_chainId
eth_sendTransaction

  Transaction: 0xe0d01ae025eeca04af4b94fb87843a6b58c680d6fa822631f1511f69a5dd70b3
  Gas usage: 228874
  Block number: 337
  Block time: Wed Jun 10 2026 05:54:17 GMT+0900 (Korean Standard Time)

eth_chainId
eth_getTransactionReceipt
eth_getBlockByNumber
eth_chainId
eth_sendTransaction

  Transaction: 0xc7114b890a813d2b882497317cdb4c0d75f555ebc71e3c31adbeefdf67fc4016
  Gas usage: 228790
  Block number: 338
  Block time: Wed Jun 10 2026 05:54:17 GMT+0900 (Korean Standard Time)

eth_chainId
eth_getTransactionReceipt
eth_getBlockByNumber
eth_chainId
eth_sendTransaction

  Transaction: 0x6e73132a7e6eb477c7674e10a6f2f32fa9689dafee26b26919df2586e71bf22f
  Gas usage: 228874
  Block number: 339
  Block time: Wed Jun 10 2026 05:54:17 GMT+0900 (Korean Standard Time)

eth_chainId
eth_getTransactionReceipt
eth_getBlockByNumber
eth_chainId
eth_sendTransaction

  Transaction: 0x91d04adf59bff07c039425bf3b06e3fb198c591a3d07cea5f262a4c950ba8ef1
  Gas usage: 273393
  Block number: 340
  Block time: Wed Jun 10 2026 05:54:17 GMT+0900 (Korean Standard Time)

eth_chainId
eth_getTransactionReceipt
eth_getBlockByNumber
eth_chainId
eth_sendTransaction

  Transaction: 0x7bf8bee1264dfe187bcd824343877c7963367b0628eab2bc74e1825ec8dfe2aa
  Gas usage: 228718
  Block number: 341
  Block time: Wed Jun 10 2026 05:54:17 GMT+0900 (Korean Standard Time)

eth_chainId
eth_getTransactionReceipt
eth_getBlockByNumber
eth_chainId
eth_sendTransaction

  Transaction: 0x7f08b77ba6624e432bc04f48ada55767c4b1c364f5dcf074087d93f49a1c864b
  Gas usage: 228742
  Block number: 342
  Block time: Wed Jun 10 2026 05:54:17 GMT+0900 (Korean Standard Time)

eth_chainId
eth_getTransactionReceipt
eth_getBlockByNumber
eth_chainId
eth_sendTransaction

  Transaction: 0x4dafe71a4f46880c35b4a8d8c205ffc5b39d6c26ff8639c91124e05954cc13db
  Gas usage: 228742
  Block number: 343
  Block time: Wed Jun 10 2026 05:54:17 GMT+0900 (Korean Standard Time)

eth_chainId
eth_getTransactionReceipt
eth_getBlockByNumber
eth_chainId
eth_sendTransaction

  Transaction: 0x4e943d8e83dfabce15bc652c000f72143aa3e11a5ec0b549dc7ff3d918e2c329
  Gas usage: 228706
  Block number: 344
  Block time: Wed Jun 10 2026 05:54:17 GMT+0900 (Korean Standard Time)

eth_chainId
eth_getTransactionReceipt
eth_getBlockByNumber
eth_chainId
eth_sendTransaction

  Transaction: 0xe18ea023b22834710e4ad2a481b33d6149ee597699488bb5cb2ea5f8c82596e3
  Gas usage: 228790
  Block number: 345
  Block time: Wed Jun 10 2026 05:54:17 GMT+0900 (Korean Standard Time)

eth_chainId
eth_getTransactionReceipt
eth_getBlockByNumber
eth_chainId
eth_sendTransaction

  Transaction: 0x9b6d267743f6daad41d3262559b5f8f983b96e09fbf00c68b20fa34ee529c649
  Gas usage: 228742
  Block number: 346
  Block time: Wed Jun 10 2026 05:54:17 GMT+0900 (Korean Standard Time)

eth_chainId
eth_getTransactionReceipt
eth_getBlockByNumber
eth_chainId
eth_sendTransaction

  Transaction: 0xc013e6f0c6701431efcd88d195eda929c991095927868c61437c4591817c597d
  Gas usage: 228718
  Block number: 347
  Block time: Wed Jun 10 2026 05:54:17 GMT+0900 (Korean Standard Time)

eth_chainId
eth_getTransactionReceipt
eth_getBlockByNumber
eth_chainId
eth_sendTransaction

  Transaction: 0xbbdb7a31d6ac0973de3f69dd2cf980cab5e86fcd0c464dc9f8baee1bc26e081e
  Gas usage: 228718
  Block number: 348
  Block time: Wed Jun 10 2026 05:54:17 GMT+0900 (Korean Standard Time)

eth_chainId
eth_getTransactionReceipt
eth_getBlockByNumber
eth_chainId
eth_sendTransaction

  Transaction: 0xbc14d98429375b803948193e8bb1080d579b2ba3d2d459eada486073a5d394dc
  Gas usage: 228706
  Block number: 349
  Block time: Wed Jun 10 2026 05:54:17 GMT+0900 (Korean Standard Time)

eth_chainId
eth_getTransactionReceipt
eth_getBlockByNumber
eth_chainId
eth_sendTransaction

  Transaction: 0xcb3b6a06e847a6cd3becab4b2d1575adf76ef56164382baf5d5b2dc5fb3795d7
  Gas usage: 228718
  Block number: 350
  Block time: Wed Jun 10 2026 05:54:17 GMT+0900 (Korean Standard Time)

eth_chainId
eth_getTransactionReceipt
eth_getBlockByNumber
eth_chainId
eth_sendTransaction

  Transaction: 0xcefaee2f253ee32d89aa24102bcca4b5e3450e75944875623eccc3780562678b
  Gas usage: 228766
  Block number: 351
  Block time: Wed Jun 10 2026 05:54:17 GMT+0900 (Korean Standard Time)

eth_chainId
eth_getTransactionReceipt
eth_getBlockByNumber
eth_chainId
eth_sendTransaction

  Transaction: 0x2fdbb10d0871af21f6099d77b2ce80c6e71ee7519e28120eac8e07c22aebfbad
  Gas usage: 228718
  Block number: 352
  Block time: Wed Jun 10 2026 05:54:17 GMT+0900 (Korean Standard Time)

eth_chainId
eth_getTransactionReceipt
eth_getBlockByNumber
eth_chainId
eth_sendTransaction

  Transaction: 0x7c25695bb5b0fcd2531595afbd295ae3feda9ca578c3918de30253b5d8316fb6
  Gas usage: 228670
  Block number: 353
  Block time: Wed Jun 10 2026 05:54:17 GMT+0900 (Korean Standard Time)

eth_chainId
eth_getTransactionReceipt
eth_getBlockByNumber
eth_chainId
eth_sendTransaction

  Transaction: 0xc505e55404e5ac58d60ed854e77905eaf0ffd1366b6e735c204cd0989e2fdaad
  Gas usage: 228706
  Block number: 354
  Block time: Wed Jun 10 2026 05:54:17 GMT+0900 (Korean Standard Time)

eth_chainId
eth_getTransactionReceipt
eth_getBlockByNumber
eth_chainId
eth_sendTransaction

  Transaction: 0x5cb924eb199458d9997b77f172380e9644289d9d04420c6a310475cd7d0cbefb
  Gas usage: 228790
  Block number: 355
  Block time: Wed Jun 10 2026 05:54:17 GMT+0900 (Korean Standard Time)

eth_chainId
eth_getTransactionReceipt
eth_getBlockByNumber
eth_chainId
eth_sendTransaction

  Transaction: 0x3be08aa6220db5c3d4c8b1c8696e9c1ab10cf909445a401f00bd229570adc302
  Gas usage: 228754
  Block number: 356
  Block time: Wed Jun 10 2026 05:54:17 GMT+0900 (Korean Standard Time)

eth_chainId
eth_getTransactionReceipt
eth_getBlockByNumber
eth_chainId
eth_sendTransaction

  Transaction: 0x884bd8b9837b246ed1252909e7508e4af2ddd173c95d34bcbf1a37fe550a06a0
  Gas usage: 228706
  Block number: 357
  Block time: Wed Jun 10 2026 05:54:17 GMT+0900 (Korean Standard Time)

eth_chainId
eth_getTransactionReceipt
eth_getBlockByNumber
eth_chainId
eth_sendTransaction

  Transaction: 0xf6d52726969fa9f408492576e5dae8a3c390af37437d630b4fe3fff6127b888e
  Gas usage: 228778
  Block number: 358
  Block time: Wed Jun 10 2026 05:54:17 GMT+0900 (Korean Standard Time)

eth_chainId
eth_getTransactionReceipt
eth_getBlockByNumber
eth_chainId
eth_sendTransaction

  Transaction: 0x77fa18fa85a8b0ed9ea9b6fbb29fe2c8f65b6549c60bb9a64b4537f3a261de8e
  Gas usage: 228898
  Block number: 359
  Block time: Wed Jun 10 2026 05:54:17 GMT+0900 (Korean Standard Time)

eth_chainId
eth_getTransactionReceipt
eth_getBlockByNumber
eth_chainId
eth_sendTransaction

  Transaction: 0xa1a0142199669dcdff408862efd2b93623d36a24c260811bf9d7f19b2c8a5064
  Gas usage: 228718
  Block number: 360
  Block time: Wed Jun 10 2026 05:54:17 GMT+0900 (Korean Standard Time)

eth_chainId
eth_getTransactionReceipt
eth_getBlockByNumber
eth_chainId
eth_sendTransaction

  Transaction: 0x0da6764cc5ca320ca361b7f493c615368ab29f6ea8f74c4dba0347dcdfa8f3e9
  Gas usage: 228814
  Block number: 361
  Block time: Wed Jun 10 2026 05:54:17 GMT+0900 (Korean Standard Time)

eth_chainId
eth_getTransactionReceipt
eth_getBlockByNumber
eth_chainId
eth_sendTransaction

  Transaction: 0x5a71166d1af0ebcec8b32aca1b38ced16b53fec042ff6d5bb8ac74bffae110d7
  Gas usage: 228754
  Block number: 362
  Block time: Wed Jun 10 2026 05:54:17 GMT+0900 (Korean Standard Time)

eth_chainId
eth_getTransactionReceipt
eth_getBlockByNumber
eth_chainId
eth_sendTransaction

  Transaction: 0x958572e28d466b8ecf745c7cebd202154a8afb3d9d9e70d534624d90ccb5ae10
  Gas usage: 228622
  Block number: 363
  Block time: Wed Jun 10 2026 05:54:17 GMT+0900 (Korean Standard Time)

eth_chainId
eth_getTransactionReceipt
eth_getBlockByNumber
eth_chainId
eth_sendTransaction

  Transaction: 0x6a4e78602cbece5020ceae834032f697f215b636c2bd8c02f58858991715a9a8
  Gas usage: 228730
  Block number: 364
  Block time: Wed Jun 10 2026 05:54:17 GMT+0900 (Korean Standard Time)

eth_chainId
eth_getTransactionReceipt
eth_getBlockByNumber
eth_chainId
eth_sendTransaction

  Transaction: 0x7f8b3af2ec10eb3405fa6c93009ffccb27edd5dabecf4a1b731449f8be841854
  Gas usage: 228730
  Block number: 365
  Block time: Wed Jun 10 2026 05:54:17 GMT+0900 (Korean Standard Time)

eth_chainId
eth_getTransactionReceipt
eth_getBlockByNumber
eth_chainId
eth_sendTransaction

  Transaction: 0xb1e9cf382b5ecb7bc604416b15c21724f56142f71f9eb412caedf89dfc468527
  Gas usage: 228742
  Block number: 366
  Block time: Wed Jun 10 2026 05:54:17 GMT+0900 (Korean Standard Time)

eth_chainId
eth_getTransactionReceipt
eth_getBlockByNumber
eth_chainId
eth_sendTransaction

  Transaction: 0x9a0d70ad618755773e33cae714a369a08d6a4df0e37b6b4fa4e55ef0ac086b00
  Gas usage: 228838
  Block number: 367
  Block time: Wed Jun 10 2026 05:54:17 GMT+0900 (Korean Standard Time)

eth_chainId
eth_getTransactionReceipt
eth_getBlockByNumber
eth_chainId
eth_sendTransaction

  Transaction: 0x75327833d4836f1ec6795063481562c7df289f55fffe957a1ff4aea5621ecc2d
  Gas usage: 228742
  Block number: 368
  Block time: Wed Jun 10 2026 05:54:17 GMT+0900 (Korean Standard Time)

eth_chainId
eth_getTransactionReceipt
eth_getBlockByNumber
eth_chainId
eth_sendTransaction

  Transaction: 0x336e1852c0ebe181a3e1dcb712b9e953d72d8a868fcbe2f5ed0f22b9d3d810e2
  Gas usage: 228742
  Block number: 369
  Block time: Wed Jun 10 2026 05:54:17 GMT+0900 (Korean Standard Time)

eth_chainId
eth_getTransactionReceipt
eth_getBlockByNumber
eth_chainId
eth_sendTransaction

  Transaction: 0x29e8bf84bdcfb6ea250992998e9014598bdb6b1bb65d8987fd8678ff2dd6fdf7
  Gas usage: 228730
  Block number: 370
  Block time: Wed Jun 10 2026 05:54:18 GMT+0900 (Korean Standard Time)

eth_chainId
eth_getTransactionReceipt
eth_getBlockByNumber
eth_chainId
eth_sendTransaction

  Transaction: 0xa4141feb62cf78c9966af0bf627dee22a7eb3cd115f7e7032da03ba16c56b4fa
  Gas usage: 228706
  Block number: 371
  Block time: Wed Jun 10 2026 05:54:18 GMT+0900 (Korean Standard Time)

eth_chainId
eth_getTransactionReceipt
eth_getBlockByNumber
eth_chainId
eth_sendTransaction

  Transaction: 0x107bd8600942986a73af39a185fe196567a096c2843d21acd37442da50ae9110
  Gas usage: 228826
  Block number: 372
  Block time: Wed Jun 10 2026 05:54:18 GMT+0900 (Korean Standard Time)

eth_chainId
eth_getTransactionReceipt
eth_getBlockByNumber
eth_chainId
eth_sendTransaction

  Transaction: 0xf22c529554c13bf21e27930326f12d414fb988a2763490776aef26abf7cf4e3e
  Gas usage: 228622
  Block number: 373
  Block time: Wed Jun 10 2026 05:54:18 GMT+0900 (Korean Standard Time)

eth_chainId
eth_getTransactionReceipt
eth_getBlockByNumber
eth_chainId
eth_sendTransaction

  Transaction: 0x9b6045e1f7c9b9f7a62ac8c09e9eacc754d68b7c9048071a86289a8ea39911f6
  Gas usage: 228754
  Block number: 374
  Block time: Wed Jun 10 2026 05:54:18 GMT+0900 (Korean Standard Time)

eth_chainId
eth_getTransactionReceipt
eth_getBlockByNumber
eth_chainId
eth_sendTransaction

  Transaction: 0x1dfef8d8396baf42dd4d4d9768fe1bae7bd3bcd578f3cff4e7f584f383ef1e9f
  Gas usage: 228718
  Block number: 375
  Block time: Wed Jun 10 2026 05:54:18 GMT+0900 (Korean Standard Time)

eth_chainId
eth_getTransactionReceipt
eth_getBlockByNumber
eth_chainId
eth_sendTransaction

  Transaction: 0x456b9d46c8cb561dc8ada062970c266c2a41760b81b1d8a5a4054f0076eb6418
  Gas usage: 228766
  Block number: 376
  Block time: Wed Jun 10 2026 05:54:18 GMT+0900 (Korean Standard Time)

eth_chainId
eth_getTransactionReceipt
eth_getBlockByNumber
eth_chainId
eth_sendTransaction

  Transaction: 0xd8a8b7f3f76204064f857fd676c2c6c912932e2e06a5f0e68ac70be282d7e6d8
  Gas usage: 228670
  Block number: 377
  Block time: Wed Jun 10 2026 05:54:18 GMT+0900 (Korean Standard Time)

eth_chainId
eth_getTransactionReceipt
eth_getBlockByNumber
eth_chainId
eth_sendTransaction

  Transaction: 0x0d41ece6f99561e77603a30b3fab2afda9ef858727defe4c37c5fe69925df798
  Gas usage: 228790
  Block number: 378
  Block time: Wed Jun 10 2026 05:54:18 GMT+0900 (Korean Standard Time)

eth_chainId
eth_getTransactionReceipt
eth_getBlockByNumber
eth_chainId
eth_sendTransaction

  Transaction: 0x851e695b37bf4b8129908d8c37e7aeafa459e3fa72adc74b1220b4bf815491c5
  Gas usage: 228898
  Block number: 379
  Block time: Wed Jun 10 2026 05:54:18 GMT+0900 (Korean Standard Time)

eth_chainId
eth_getTransactionReceipt
eth_getBlockByNumber
eth_chainId
eth_sendTransaction

  Transaction: 0x69e9fd30015c367ea04db1af2cee1a0ba9cd6461c5efc0b55e358c3079086f29
  Gas usage: 228730
  Block number: 380
  Block time: Wed Jun 10 2026 05:54:18 GMT+0900 (Korean Standard Time)

eth_chainId
eth_getTransactionReceipt
eth_getBlockByNumber
eth_chainId
eth_sendTransaction

  Transaction: 0xcdc7ca39c7b3695dec6c0f97e1c9f0931ac825cc0871f7afce02ddd8b2e12132
  Gas usage: 228742
  Block number: 381
  Block time: Wed Jun 10 2026 05:54:18 GMT+0900 (Korean Standard Time)

eth_chainId
eth_getTransactionReceipt
eth_getBlockByNumber
eth_chainId
eth_sendTransaction

  Transaction: 0x09e39fa4ea2a0ac674118efcc0f3881a22b8bb4d8738e63561448c415963ddf3
  Gas usage: 228730
  Block number: 382
  Block time: Wed Jun 10 2026 05:54:18 GMT+0900 (Korean Standard Time)

eth_chainId
eth_getTransactionReceipt
eth_getBlockByNumber
eth_chainId
eth_sendTransaction

  Transaction: 0x906e1be4ecf7e1ac2694856c19853fdd035277fe6257a1f5d58c809997801c34
  Gas usage: 228754
  Block number: 383
  Block time: Wed Jun 10 2026 05:54:18 GMT+0900 (Korean Standard Time)

eth_chainId
eth_getTransactionReceipt
eth_getBlockByNumber
eth_chainId
eth_sendTransaction

  Transaction: 0xdc25e3378806927a39e11f34f4df1e366548a8eed52700248fbb3cfc8c051b9a
  Gas usage: 228718
  Block number: 384
  Block time: Wed Jun 10 2026 05:54:18 GMT+0900 (Korean Standard Time)

eth_chainId
eth_getTransactionReceipt
eth_getBlockByNumber
eth_chainId
eth_sendTransaction

  Transaction: 0xb20df1503ff48edd66be6c65d21d35551ef9ab9f92cb5b725f00bfa27049c43f
  Gas usage: 228694
  Block number: 385
  Block time: Wed Jun 10 2026 05:54:18 GMT+0900 (Korean Standard Time)

eth_chainId
eth_getTransactionReceipt
eth_getBlockByNumber
eth_chainId
eth_sendTransaction

  Transaction: 0xa78a02266202b285932ce0ba3cf4cb4b934a9497b694745286086a9d75b15f8b
  Gas usage: 228778
  Block number: 386
  Block time: Wed Jun 10 2026 05:54:18 GMT+0900 (Korean Standard Time)

eth_chainId
eth_getTransactionReceipt
eth_getBlockByNumber
eth_chainId
eth_sendTransaction

  Transaction: 0xba3954d5a15f916cf2d53b8c1761bbc789f11082622a1fe30cd071dc4ad7b931
  Gas usage: 228826
  Block number: 387
  Block time: Wed Jun 10 2026 05:54:18 GMT+0900 (Korean Standard Time)

eth_chainId
eth_getTransactionReceipt
eth_getBlockByNumber
eth_chainId
eth_sendTransaction

  Transaction: 0xa5cf061d1e609f2f41ff75d68eb537ce95bdafdc5e892ab25dc77ead513fb62c
  Gas usage: 228742
  Block number: 388
  Block time: Wed Jun 10 2026 05:54:18 GMT+0900 (Korean Standard Time)

eth_chainId
eth_getTransactionReceipt
eth_getBlockByNumber
eth_chainId
eth_sendTransaction

  Transaction: 0xea8dee8b8bed188bb049cd92932acb7363cb8332ca30f932f88a1f9bd5315306
  Gas usage: 228718
  Block number: 389
  Block time: Wed Jun 10 2026 05:54:18 GMT+0900 (Korean Standard Time)

eth_chainId
eth_getTransactionReceipt
eth_getBlockByNumber
eth_chainId
eth_sendTransaction

  Transaction: 0x6a236f6e1cf6ca42ce14ec32612e1f14a3ffc07a4a08c9d79bccc78f2d43becf
  Gas usage: 228814
  Block number: 390
  Block time: Wed Jun 10 2026 05:54:18 GMT+0900 (Korean Standard Time)

eth_chainId
eth_getTransactionReceipt
eth_getBlockByNumber
eth_chainId
eth_sendTransaction

  Transaction: 0x180738add120f024444e36f132735f24ba94f3a112c1258a5da8c6cd2295cf12
  Gas usage: 228742
  Block number: 391
  Block time: Wed Jun 10 2026 05:54:18 GMT+0900 (Korean Standard Time)

eth_chainId
eth_getTransactionReceipt
eth_getBlockByNumber
eth_chainId
eth_sendTransaction

  Transaction: 0xc44f961cbab898127a115466f61b24e62a6daea1fcd60ca5e7fcfa96be12e9c3
  Gas usage: 228754
  Block number: 392
  Block time: Wed Jun 10 2026 05:54:18 GMT+0900 (Korean Standard Time)

eth_chainId
eth_getTransactionReceipt
eth_getBlockByNumber
eth_chainId
eth_sendTransaction

  Transaction: 0x7cccce049f22ac1704bd0bd08f88bf87ec49e0b13cea3361a3fe89ffd9d32680
  Gas usage: 228682
  Block number: 393
  Block time: Wed Jun 10 2026 05:54:18 GMT+0900 (Korean Standard Time)

eth_chainId
eth_getTransactionReceipt
eth_getBlockByNumber
eth_chainId
eth_sendTransaction

  Transaction: 0x937b1470fb9fd7a737884380d0a977c2c3326fe5cd51b957f0528901b7da09eb
  Gas usage: 228802
  Block number: 394
  Block time: Wed Jun 10 2026 05:54:18 GMT+0900 (Korean Standard Time)

eth_chainId
eth_getTransactionReceipt
eth_getBlockByNumber
eth_chainId
eth_sendTransaction

  Transaction: 0xa566d716d1cc933f4d79daa5ddb10ede731994d71b645a234900b0415ae6f177
  Gas usage: 228706
  Block number: 395
  Block time: Wed Jun 10 2026 05:54:18 GMT+0900 (Korean Standard Time)

eth_chainId
eth_getTransactionReceipt
eth_getBlockByNumber
eth_chainId
eth_sendTransaction

  Transaction: 0x7b34951b815f7f1d14e02e120c380d241a9a6b331a8fc7cd1fead355fa1dd28d
  Gas usage: 228658
  Block number: 396
  Block time: Wed Jun 10 2026 05:54:18 GMT+0900 (Korean Standard Time)

eth_chainId
eth_getTransactionReceipt
eth_getBlockByNumber
eth_chainId
eth_sendTransaction

  Transaction: 0xdad37e00166ea4b6a7c4f3e77464aa520c21105e609458412ed695af8f7f5b0d
  Gas usage: 228718
  Block number: 397
  Block time: Wed Jun 10 2026 05:54:18 GMT+0900 (Korean Standard Time)

eth_chainId
eth_getTransactionReceipt
eth_getBlockByNumber
eth_chainId
eth_sendTransaction

  Transaction: 0xad9f938badb0ed65b7323b741d76cd4e10ba9dec0b5f6a912f1d47490067a70d
  Gas usage: 228802
  Block number: 398
  Block time: Wed Jun 10 2026 05:54:18 GMT+0900 (Korean Standard Time)

eth_chainId
eth_getTransactionReceipt
eth_getBlockByNumber
eth_chainId
eth_sendTransaction

  Transaction: 0x19e857f585b4ec3de6a00559162fd11b2a15b7ceae35fa77edbb737bb91bafa2
  Gas usage: 228706
  Block number: 399
  Block time: Wed Jun 10 2026 05:54:18 GMT+0900 (Korean Standard Time)

eth_chainId
eth_getTransactionReceipt
eth_getBlockByNumber
eth_chainId
eth_sendTransaction

  Transaction: 0x80fa6445436d1618284c6e401b20869b9bcdcc4af74fd272e1f351c51d5b8efd
  Gas usage: 228826
  Block number: 400
  Block time: Wed Jun 10 2026 05:54:18 GMT+0900 (Korean Standard Time)

eth_chainId
eth_getTransactionReceipt
eth_getBlockByNumber
eth_chainId
eth_sendTransaction

  Transaction: 0x539d391cde3ea95006b2a80bf320fce3050c2266c493b4304943d60752262ba9
  Gas usage: 228766
  Block number: 401
  Block time: Wed Jun 10 2026 05:54:18 GMT+0900 (Korean Standard Time)

eth_chainId
eth_getTransactionReceipt
eth_getBlockByNumber
eth_chainId
eth_sendTransaction

  Transaction: 0x3fb0da8edfb10038b1a80992028b2a3c577c0cd407fca679b50356c321c358cc
  Gas usage: 228742
  Block number: 402
  Block time: Wed Jun 10 2026 05:54:18 GMT+0900 (Korean Standard Time)

eth_chainId
eth_getTransactionReceipt
eth_getBlockByNumber
eth_chainId
eth_sendTransaction

  Transaction: 0xdafbe77a6cf7374e6e5735be90a7333fec3fa4d87a20ba50b4611badc9e68c42
  Gas usage: 228730
  Block number: 403
  Block time: Wed Jun 10 2026 05:54:18 GMT+0900 (Korean Standard Time)

eth_chainId
eth_getTransactionReceipt
eth_getBlockByNumber
eth_chainId
eth_sendTransaction

  Transaction: 0xe3c65e4f75c9204585af3ff651d05d6581e31256356157f6764ae4a7b015c78c
  Gas usage: 228754
  Block number: 404
  Block time: Wed Jun 10 2026 05:54:18 GMT+0900 (Korean Standard Time)

eth_chainId
eth_getTransactionReceipt
eth_getBlockByNumber
eth_chainId
eth_sendTransaction

  Transaction: 0xf79760c0147104f72ae4cf821c74f000074a15c942df6c6e9c33d18f45890b30
  Gas usage: 228718
  Block number: 405
  Block time: Wed Jun 10 2026 05:54:18 GMT+0900 (Korean Standard Time)

eth_chainId
eth_getTransactionReceipt
eth_getBlockByNumber
eth_chainId
eth_sendTransaction

  Transaction: 0xcd1c7e0b09ff9d72a5a7f796bc8d959864ead494c09ccfdd49eea00feded9a29
  Gas usage: 228706
  Block number: 406
  Block time: Wed Jun 10 2026 05:54:18 GMT+0900 (Korean Standard Time)

eth_chainId
eth_getTransactionReceipt
eth_getBlockByNumber
eth_chainId
eth_sendTransaction

  Transaction: 0x872648f0a3e5b2a52f2034e9b6ec593b8529be5a6e8d3daa916244d821927c93
  Gas usage: 228706
  Block number: 407
  Block time: Wed Jun 10 2026 05:54:19 GMT+0900 (Korean Standard Time)

eth_chainId
eth_getTransactionReceipt
eth_getBlockByNumber
eth_chainId
eth_sendTransaction

  Transaction: 0xdf8f77f9f9726e2e7469895a18f7a1a8f190dd70b56b995a9d01c67655bb8dbb
  Gas usage: 228874
  Block number: 408
  Block time: Wed Jun 10 2026 05:54:19 GMT+0900 (Korean Standard Time)

eth_chainId
eth_getTransactionReceipt
eth_getBlockByNumber
eth_chainId
eth_sendTransaction

  Transaction: 0x048ad6f991b185fb3aff0597589aceb8e881b6ed63c5b9ae43d5b355cb879d00
  Gas usage: 228658
  Block number: 409
  Block time: Wed Jun 10 2026 05:54:19 GMT+0900 (Korean Standard Time)

eth_chainId
eth_getTransactionReceipt
eth_getBlockByNumber
eth_chainId
eth_sendTransaction

  Transaction: 0xe486691562fc72821bed94a4c364606fcd8e1dd80b256709b8b755e625c88e74
  Gas usage: 228754
  Block number: 410
  Block time: Wed Jun 10 2026 05:54:19 GMT+0900 (Korean Standard Time)

eth_chainId
eth_getTransactionReceipt
eth_getBlockByNumber
eth_chainId
eth_sendTransaction

  Transaction: 0xf0d54eb4316a7da6cef8fe8e5f7c874ab5cb5c303efc9a24756f5de52266edc8
  Gas usage: 228706
  Block number: 411
  Block time: Wed Jun 10 2026 05:54:19 GMT+0900 (Korean Standard Time)

eth_chainId
eth_getTransactionReceipt
eth_getBlockByNumber
eth_chainId
eth_sendTransaction

  Transaction: 0x2ad299666c240d09deb9a0b89df3a9fe93edaf65e962ad457bf0e3d2619fc3c3
  Gas usage: 228718
  Block number: 412
  Block time: Wed Jun 10 2026 05:54:19 GMT+0900 (Korean Standard Time)

eth_chainId
eth_getTransactionReceipt
eth_getBlockByNumber
eth_chainId
eth_sendTransaction

  Transaction: 0x0a07b0de25171335dbcebeafc69afdb0d8f06f3ea2abe2f5ba5101bb2cc00db3
  Gas usage: 228682
  Block number: 413
  Block time: Wed Jun 10 2026 05:54:19 GMT+0900 (Korean Standard Time)

eth_chainId
eth_getTransactionReceipt
eth_getBlockByNumber
eth_chainId
eth_sendTransaction

  Transaction: 0xbb30f71db7d9a051a5923b6392a6e0d101ecbcb66f02cea0436cdcca61d80e47
  Gas usage: 228742
  Block number: 414
  Block time: Wed Jun 10 2026 05:54:19 GMT+0900 (Korean Standard Time)

eth_chainId
eth_getTransactionReceipt
eth_getBlockByNumber
eth_chainId
eth_sendTransaction

  Transaction: 0xe8c0d6c96a2c8f1b581f64544923d4b69aeb28fb5f9455b1467e384ecc46101b
  Gas usage: 228790
  Block number: 415
  Block time: Wed Jun 10 2026 05:54:19 GMT+0900 (Korean Standard Time)

eth_chainId
eth_getTransactionReceipt
eth_getBlockByNumber
eth_chainId
eth_sendTransaction

  Transaction: 0xddb7e3d7be4ec7f9e5088331ff474a6db8e56d37ebc90f848d5250d3c325f398
  Gas usage: 228706
  Block number: 416
  Block time: Wed Jun 10 2026 05:54:19 GMT+0900 (Korean Standard Time)

eth_chainId
eth_getTransactionReceipt
eth_getBlockByNumber
eth_chainId
eth_sendTransaction

  Transaction: 0x5d68a5f3f0ed320557796b26a1dfbc909a8358f68e021e8e0ff4e57200e759f0
  Gas usage: 228730
  Block number: 417
  Block time: Wed Jun 10 2026 05:54:19 GMT+0900 (Korean Standard Time)

eth_chainId
eth_getTransactionReceipt
eth_getBlockByNumber
eth_chainId
eth_sendTransaction

  Transaction: 0x5d411e959417be0e8cc2fee9ff8881ce61829afe98156e42aaae46ba91ad9605
  Gas usage: 228754
  Block number: 418
  Block time: Wed Jun 10 2026 05:54:19 GMT+0900 (Korean Standard Time)

eth_chainId
eth_getTransactionReceipt
eth_getBlockByNumber
eth_chainId
eth_sendTransaction

  Transaction: 0xc0bd9da12a7e223639e0e7bc9a681847e8dafb80e1ba7f7a0fa701eb9f6b03c9
  Gas usage: 228790
  Block number: 419
  Block time: Wed Jun 10 2026 05:54:19 GMT+0900 (Korean Standard Time)

eth_chainId
eth_getTransactionReceipt
eth_getBlockByNumber
eth_chainId
eth_sendTransaction

  Transaction: 0xd68c7a6aa92b0325be831a3e166c976979c7c766ccde66754b911a23252a6493
  Gas usage: 228730
  Block number: 420
  Block time: Wed Jun 10 2026 05:54:19 GMT+0900 (Korean Standard Time)

eth_chainId
eth_getTransactionReceipt
eth_getBlockByNumber
eth_chainId
eth_sendTransaction

  Transaction: 0x9c9698fb847b10b8b41baecf3e5a17a428cd0e09593a8047f4d46b815082d6f2
  Gas usage: 228754
  Block number: 421
  Block time: Wed Jun 10 2026 05:54:19 GMT+0900 (Korean Standard Time)

eth_chainId
eth_getTransactionReceipt
eth_getBlockByNumber
eth_chainId
eth_sendTransaction

  Transaction: 0x581aeac4394afc94e8f1f172b6c4001abd931d0c05bc5294317c62afe46e8c64
  Gas usage: 228742
  Block number: 422
  Block time: Wed Jun 10 2026 05:54:19 GMT+0900 (Korean Standard Time)

eth_chainId
eth_getTransactionReceipt
eth_getBlockByNumber
eth_chainId
eth_sendTransaction

  Transaction: 0x2af58d6c85aa4ac2b04717f39afe74f6e65c51f94bbb6b95a1137e08035304e2
  Gas usage: 228826
  Block number: 423
  Block time: Wed Jun 10 2026 05:54:19 GMT+0900 (Korean Standard Time)

eth_chainId
eth_getTransactionReceipt
eth_getBlockByNumber
eth_chainId
eth_sendTransaction

  Transaction: 0xdc0a24fa636e7bd0f21624af36c1bf04a5206c1001a2fbedc0010cf7b7388b72
  Gas usage: 228754
  Block number: 424
  Block time: Wed Jun 10 2026 05:54:19 GMT+0900 (Korean Standard Time)

eth_chainId
eth_getTransactionReceipt
eth_getBlockByNumber
eth_chainId
eth_sendTransaction

  Transaction: 0x4498ce9ea2c686ac23b4803031d2b0a6b2cdc0cf3d0175f7ce66033a8c739250
  Gas usage: 228754
  Block number: 425
  Block time: Wed Jun 10 2026 05:54:19 GMT+0900 (Korean Standard Time)

eth_chainId
eth_getTransactionReceipt
eth_getBlockByNumber
eth_chainId
eth_sendTransaction

  Transaction: 0x2266f2a3dd11951fa684224673f0483f4a703ed93057d125e1464444e680416f
  Gas usage: 228790
  Block number: 426
  Block time: Wed Jun 10 2026 05:54:19 GMT+0900 (Korean Standard Time)

eth_chainId
eth_getTransactionReceipt
eth_getBlockByNumber
eth_chainId
eth_sendTransaction

  Transaction: 0x392c5022ae026747251bfa092dd9245dbb9e35705c66233d1f1742a410e32dfd
  Gas usage: 228778
  Block number: 427
  Block time: Wed Jun 10 2026 05:54:19 GMT+0900 (Korean Standard Time)

eth_chainId
eth_getTransactionReceipt
eth_getBlockByNumber
eth_chainId
eth_sendTransaction

  Transaction: 0xf3428c011baafaba7f7e154c6f8dcbbc038dba8da54551f25af730782c5fd660
  Gas usage: 228754
  Block number: 428
  Block time: Wed Jun 10 2026 05:54:19 GMT+0900 (Korean Standard Time)

eth_chainId
eth_getTransactionReceipt
eth_getBlockByNumber
eth_chainId
eth_sendTransaction

  Transaction: 0xd3145b5c4f57207b9eeda5dc5d96a6043899cc13cb468ab442203052fd26c874
  Gas usage: 228694
  Block number: 429
  Block time: Wed Jun 10 2026 05:54:19 GMT+0900 (Korean Standard Time)

eth_chainId
eth_getTransactionReceipt
eth_getBlockByNumber
eth_chainId
eth_sendTransaction

  Transaction: 0xe57292bc573e07aba2cf0d6017da416908a418fbb051af15518a0f42b1b0777e
  Gas usage: 228658
  Block number: 430
  Block time: Wed Jun 10 2026 05:54:19 GMT+0900 (Korean Standard Time)

eth_chainId
eth_getTransactionReceipt
eth_getBlockByNumber
eth_chainId
eth_sendTransaction

  Transaction: 0x0d0da2e56b021d5abfcdf2a6c85538541054cea7659c8b1a8cdef20252aac321
  Gas usage: 228718
  Block number: 431
  Block time: Wed Jun 10 2026 05:54:19 GMT+0900 (Korean Standard Time)

eth_chainId
eth_getTransactionReceipt
eth_getBlockByNumber
eth_chainId
eth_sendTransaction

  Transaction: 0xb99df1f39f95060d56876d912012397db0e6baad7716d9e758e2897dca63c839
  Gas usage: 228790
  Block number: 432
  Block time: Wed Jun 10 2026 05:54:19 GMT+0900 (Korean Standard Time)

eth_chainId
eth_getTransactionReceipt
eth_getBlockByNumber
eth_chainId
eth_sendTransaction

  Transaction: 0xdf4ce23f0a615654c07ea4d741d9e6077d9b665382c94330990cc6472627cfd6
  Gas usage: 228766
  Block number: 433
  Block time: Wed Jun 10 2026 05:54:19 GMT+0900 (Korean Standard Time)

eth_chainId
eth_getTransactionReceipt
eth_getBlockByNumber
eth_chainId
eth_sendTransaction

  Transaction: 0x9486059c79f7c0bc06ebb79ba6031f95d2d73030b2fad3ae6decd129cd3afd8a
  Gas usage: 228802
  Block number: 434
  Block time: Wed Jun 10 2026 05:54:19 GMT+0900 (Korean Standard Time)

eth_chainId
eth_getTransactionReceipt
eth_getBlockByNumber
eth_chainId
eth_sendTransaction

  Transaction: 0x9d283d37c29b3ffc0349274f4808c3dcff47737ec2b3b1e4b031eff55d2151e5
  Gas usage: 228718
  Block number: 435
  Block time: Wed Jun 10 2026 05:54:19 GMT+0900 (Korean Standard Time)

eth_chainId
eth_getTransactionReceipt
eth_getBlockByNumber
eth_chainId
eth_sendTransaction

  Transaction: 0x5bdafb6dae2a47dd7aff7f1a87b6650a7c1449729c397333a0c97311bdf8cb35
  Gas usage: 228670
  Block number: 436
  Block time: Wed Jun 10 2026 05:54:19 GMT+0900 (Korean Standard Time)

eth_chainId
eth_getTransactionReceipt
eth_getBlockByNumber
eth_chainId
eth_sendTransaction

  Transaction: 0x0cf15bbcef6464206cd134a15f8e40c6aad3a04ab3e909a6baba3e52dec5d489
  Gas usage: 228802
  Block number: 437
  Block time: Wed Jun 10 2026 05:54:19 GMT+0900 (Korean Standard Time)

eth_chainId
eth_getTransactionReceipt
eth_getBlockByNumber
eth_chainId
eth_sendTransaction

  Transaction: 0x344cb74630918170354ef82badaaea602f5987b04c7d3f0861b930bb8b0b4c0e
  Gas usage: 228694
  Block number: 438
  Block time: Wed Jun 10 2026 05:54:19 GMT+0900 (Korean Standard Time)

eth_chainId
eth_getTransactionReceipt
eth_getBlockByNumber
eth_chainId
eth_sendTransaction

  Transaction: 0xc24d4c17853349e74cff2025aea8fab18841c792f2ac59afae6745224143597c
  Gas usage: 228706
  Block number: 439
  Block time: Wed Jun 10 2026 05:54:19 GMT+0900 (Korean Standard Time)

eth_chainId
eth_getTransactionReceipt
eth_getBlockByNumber
eth_chainId
eth_sendTransaction

  Transaction: 0xfd643d3094c5dec3593f990eed80dea3be4da08b3e59cc9594762c9520d9caca
  Gas usage: 228814
  Block number: 440
  Block time: Wed Jun 10 2026 05:54:19 GMT+0900 (Korean Standard Time)

eth_chainId
eth_getTransactionReceipt
eth_getBlockByNumber
eth_chainId
eth_sendTransaction

  Transaction: 0xd79cdd6af1191b2ce496ba87e0db62752012e46a995f039f061607933aa0331f
  Gas usage: 228742
  Block number: 441
  Block time: Wed Jun 10 2026 05:54:19 GMT+0900 (Korean Standard Time)

eth_chainId
eth_getTransactionReceipt
eth_getBlockByNumber
eth_chainId
eth_sendTransaction

  Transaction: 0xb05f9e7863bb8c5072e2d7ae0262f52c0f7cc0d8685a19a125a8ee248eb09c78
  Gas usage: 228730
  Block number: 442
  Block time: Wed Jun 10 2026 05:54:19 GMT+0900 (Korean Standard Time)

eth_chainId
eth_getTransactionReceipt
eth_getBlockByNumber
eth_chainId
eth_sendTransaction

  Transaction: 0xd544308b3ebe1b88a400885098408bebef557f28941e9c1b147ee5349783652f
  Gas usage: 228754
  Block number: 443
  Block time: Wed Jun 10 2026 05:54:20 GMT+0900 (Korean Standard Time)

eth_chainId
eth_getTransactionReceipt
eth_getBlockByNumber
eth_chainId
eth_sendTransaction

  Transaction: 0xe37ca2145b3c80a034bd00f9ab947b6c3669e5e354f0950c8693e44c43ecb042
  Gas usage: 228682
  Block number: 444
  Block time: Wed Jun 10 2026 05:54:20 GMT+0900 (Korean Standard Time)

eth_chainId
eth_getTransactionReceipt
eth_getBlockByNumber
eth_chainId
eth_sendTransaction

  Transaction: 0x818ff97ead4e318cdc46e170a2306397389b7d61c9a1e0db10467c694488b1fe
  Gas usage: 228694
  Block number: 445
  Block time: Wed Jun 10 2026 05:54:20 GMT+0900 (Korean Standard Time)

eth_chainId
eth_getTransactionReceipt
eth_getBlockByNumber
eth_chainId
eth_sendTransaction

  Transaction: 0xa89bfd6f460a3254448f4a10fd5a3db9e101c3f2988a8e2e0283c887dac68a52
  Gas usage: 228814
  Block number: 446
  Block time: Wed Jun 10 2026 05:54:20 GMT+0900 (Korean Standard Time)

eth_chainId
eth_getTransactionReceipt
eth_getBlockByNumber
eth_chainId
eth_sendTransaction

  Transaction: 0x76c45fe4cdfac38d253658d761b0ee7d9d1e5a832bed09271c4ab468c18d18da
  Gas usage: 228742
  Block number: 447
  Block time: Wed Jun 10 2026 05:54:20 GMT+0900 (Korean Standard Time)

eth_chainId
eth_getTransactionReceipt
eth_getBlockByNumber
eth_chainId
eth_sendTransaction

  Transaction: 0xdf0b63e31e5dd802f424b45b14dfae6350bf4a3c6ac1c5b9909776fb615b9655
  Gas usage: 228802
  Block number: 448
  Block time: Wed Jun 10 2026 05:54:20 GMT+0900 (Korean Standard Time)

eth_chainId
eth_getTransactionReceipt
eth_getBlockByNumber
eth_chainId
eth_sendTransaction

  Transaction: 0xf8282b4798cb890aaaeb256b29a855f5f7272701122f0d119dbc19d2d47ad1f9
  Gas usage: 228658
  Block number: 449
  Block time: Wed Jun 10 2026 05:54:20 GMT+0900 (Korean Standard Time)

eth_chainId
eth_getTransactionReceipt
eth_getBlockByNumber
eth_chainId
eth_sendTransaction

  Transaction: 0x88bbd12028234fb028d62216abb459d65a446a019d1b00f4dd86377d10edbc50
  Gas usage: 228790
  Block number: 450
  Block time: Wed Jun 10 2026 05:54:20 GMT+0900 (Korean Standard Time)

eth_chainId
eth_getTransactionReceipt
eth_getBlockByNumber
eth_chainId
eth_sendTransaction

  Transaction: 0xda024acc4a71a3912e3f89e279ee935d12290c1a20a02c861cfadd7cb25da573
  Gas usage: 228814
  Block number: 451
  Block time: Wed Jun 10 2026 05:54:20 GMT+0900 (Korean Standard Time)

eth_chainId
eth_getTransactionReceipt
eth_getBlockByNumber
eth_chainId
eth_sendTransaction

  Transaction: 0x5c6f118ec5236f36060c71be34d39119466aef2795e6526d961f0c44a99507aa
  Gas usage: 228766
  Block number: 452
  Block time: Wed Jun 10 2026 05:54:20 GMT+0900 (Korean Standard Time)

eth_chainId
eth_getTransactionReceipt
eth_getBlockByNumber
eth_chainId
eth_sendTransaction

  Transaction: 0x0af238cd38bb68316a810677ebaf5ad9ca0fa0dcb9c1ceda6eb7ee92f4b9896b
  Gas usage: 228802
  Block number: 453
  Block time: Wed Jun 10 2026 05:54:20 GMT+0900 (Korean Standard Time)

eth_chainId
eth_getTransactionReceipt
eth_getBlockByNumber
eth_chainId
eth_sendTransaction

  Transaction: 0x7fc2ab28237d54815ca253cf2aa5270c2839f0eff355083bc2752461e1db780e
  Gas usage: 228718
  Block number: 454
  Block time: Wed Jun 10 2026 05:54:20 GMT+0900 (Korean Standard Time)

eth_chainId
eth_getTransactionReceipt
eth_getBlockByNumber
eth_chainId
eth_sendTransaction

  Transaction: 0x422cb892168dceba28877fea83efdc246d4ec10de4218a8c848fdcc773cbde25
  Gas usage: 228742
  Block number: 455
  Block time: Wed Jun 10 2026 05:54:20 GMT+0900 (Korean Standard Time)

eth_chainId
eth_getTransactionReceipt
eth_getBlockByNumber
eth_chainId
eth_sendTransaction

  Transaction: 0x9f4a9bf9693c639fa134ee8fe6d4e35add6fdb9ee8f1bdf600e598f742873b2c
  Gas usage: 228646
  Block number: 456
  Block time: Wed Jun 10 2026 05:54:20 GMT+0900 (Korean Standard Time)

eth_chainId
eth_getTransactionReceipt
eth_getBlockByNumber
eth_chainId
eth_sendTransaction

  Transaction: 0x79ba5a861bb8f3788deeadbda12cb512fac697de765637ff289491abec5b8d84
  Gas usage: 228826
  Block number: 457
  Block time: Wed Jun 10 2026 05:54:20 GMT+0900 (Korean Standard Time)

eth_chainId
eth_getTransactionReceipt
eth_getBlockByNumber
eth_chainId
eth_sendTransaction

  Transaction: 0x848c7d25570a1ac0b19f73ff4479805f09782564e6de40af2e158bb99e35e208
  Gas usage: 228754
  Block number: 458
  Block time: Wed Jun 10 2026 05:54:20 GMT+0900 (Korean Standard Time)

eth_chainId
eth_getTransactionReceipt
eth_getBlockByNumber
eth_chainId
eth_sendTransaction

  Transaction: 0xa7236d9c40aba5aa589b3975107d061d7f3ac2b6ce25079152059b51c1ac7b5f
  Gas usage: 228658
  Block number: 459
  Block time: Wed Jun 10 2026 05:54:20 GMT+0900 (Korean Standard Time)

eth_chainId
eth_getTransactionReceipt
eth_getBlockByNumber
eth_chainId
eth_sendTransaction

  Transaction: 0xc59b63057d29e61d09a1323bafe276c95d39c4a93a0e65b6ede350c8bc7e8f0d
  Gas usage: 228790
  Block number: 460
  Block time: Wed Jun 10 2026 05:54:20 GMT+0900 (Korean Standard Time)

eth_chainId
eth_getTransactionReceipt
eth_getBlockByNumber
eth_chainId
eth_sendTransaction

  Transaction: 0x6f22520d43b41c6515a8176acfa04630aded10b98a93a6f1b5bd36ce915edd4c
  Gas usage: 228850
  Block number: 461
  Block time: Wed Jun 10 2026 05:54:20 GMT+0900 (Korean Standard Time)

eth_chainId
eth_getTransactionReceipt
eth_getBlockByNumber
eth_chainId
eth_sendTransaction

  Transaction: 0x985ed24931d443830a23cd3e18d411b2b9944d0a3e43086311d179908aa48d04
  Gas usage: 228682
  Block number: 462
  Block time: Wed Jun 10 2026 05:54:20 GMT+0900 (Korean Standard Time)

eth_chainId
eth_getTransactionReceipt
eth_getBlockByNumber
eth_chainId
eth_sendTransaction

  Transaction: 0xee8828a2a07e1d07ac3c36e01ebe02acd08498165cfb81af8fbc7326a9acc9ac
  Gas usage: 228778
  Block number: 463
  Block time: Wed Jun 10 2026 05:54:20 GMT+0900 (Korean Standard Time)

eth_chainId
eth_getTransactionReceipt
eth_getBlockByNumber
eth_chainId
eth_sendTransaction

  Transaction: 0x83ee8532283c0e23072381b5e8c20f5a99cf5224a2df6ce1ef0f7d97e4db8fa4
  Gas usage: 228646
  Block number: 464
  Block time: Wed Jun 10 2026 05:54:20 GMT+0900 (Korean Standard Time)

eth_chainId
eth_getTransactionReceipt
eth_getBlockByNumber
eth_chainId
eth_sendTransaction

  Transaction: 0x50cf0e4f612bf5a82904a2e3270ab96cd9a9814130ceabbc3fe2058b6a18f7c7
  Gas usage: 228658
  Block number: 465
  Block time: Wed Jun 10 2026 05:54:20 GMT+0900 (Korean Standard Time)

eth_chainId
eth_getTransactionReceipt
eth_getBlockByNumber
eth_chainId
eth_sendTransaction

  Transaction: 0xa88df3644dbdd5a4a9a5a85222ee708722eddddc17bd699fffa7367a195c9b87
  Gas usage: 228694
  Block number: 466
  Block time: Wed Jun 10 2026 05:54:20 GMT+0900 (Korean Standard Time)

eth_chainId
eth_getTransactionReceipt
eth_getBlockByNumber
eth_chainId
eth_sendTransaction

  Transaction: 0xc7b5875803d06112ff80617d87f8d5dfe015a8c84abf376940354b7b24895ce7
  Gas usage: 228826
  Block number: 467
  Block time: Wed Jun 10 2026 05:54:20 GMT+0900 (Korean Standard Time)

eth_chainId
eth_getTransactionReceipt
eth_getBlockByNumber
eth_chainId
eth_sendTransaction

  Transaction: 0xac5eb7163ecb5c0e331ab7f4e5d047f3ffb4df695413f4f6fa87a0df8f136277
  Gas usage: 228754
  Block number: 468
  Block time: Wed Jun 10 2026 05:54:20 GMT+0900 (Korean Standard Time)

eth_chainId
eth_getTransactionReceipt
eth_getBlockByNumber
eth_chainId
eth_sendTransaction

  Transaction: 0x14d67664eec4b270d143ed842d288c080b6f2eab7d5647dddd147478044132ca
  Gas usage: 228694
  Block number: 469
  Block time: Wed Jun 10 2026 05:54:20 GMT+0900 (Korean Standard Time)

eth_chainId
eth_getTransactionReceipt
eth_getBlockByNumber
eth_chainId
eth_sendTransaction

  Transaction: 0xafaae628afb0cff78e36e8f5af7ceba17b969f98ba2f2b76073230cf7196ca10
  Gas usage: 228766
  Block number: 470
  Block time: Wed Jun 10 2026 05:54:20 GMT+0900 (Korean Standard Time)

eth_chainId
eth_getTransactionReceipt
eth_getBlockByNumber
eth_chainId
eth_sendTransaction

  Transaction: 0x1c0e14dba13fa6efd00517227a6dbd28ccc9ab28e87af96d282e3a616b723227
  Gas usage: 228778
  Block number: 471
  Block time: Wed Jun 10 2026 05:54:20 GMT+0900 (Korean Standard Time)

eth_chainId
eth_getTransactionReceipt
eth_getBlockByNumber
eth_chainId
eth_sendTransaction

  Transaction: 0x8fdf087436e86173e481b5081d431bacb396a7c831f5c7bc1ecb3b2e9ce04ed3
  Gas usage: 228766
  Block number: 472
  Block time: Wed Jun 10 2026 05:54:20 GMT+0900 (Korean Standard Time)

eth_chainId
eth_getTransactionReceipt
eth_getBlockByNumber
eth_chainId
eth_sendTransaction

  Transaction: 0x487bb0f9a6085cbc7ac3393b5a1e20bd47f8ee1b3c260c4404737a74da6d7bf8
  Gas usage: 228862
  Block number: 473
  Block time: Wed Jun 10 2026 05:54:20 GMT+0900 (Korean Standard Time)

eth_chainId
eth_getTransactionReceipt
eth_getBlockByNumber
eth_chainId
eth_sendTransaction

  Transaction: 0xcf28a06075e82177765cb70b7c1a77219b4517077ea52177b8e47d9bc475cc51
  Gas usage: 228778
  Block number: 474
  Block time: Wed Jun 10 2026 05:54:20 GMT+0900 (Korean Standard Time)

eth_chainId
eth_getTransactionReceipt
eth_getBlockByNumber
eth_chainId
eth_sendTransaction

  Transaction: 0xca36df2de9ecc66e785113e5fd2faf36d214d22f7abaf21ae113306a00e84864
  Gas usage: 228682
  Block number: 475
  Block time: Wed Jun 10 2026 05:54:20 GMT+0900 (Korean Standard Time)

eth_chainId
eth_getTransactionReceipt
eth_getBlockByNumber
eth_chainId
eth_sendTransaction

  Transaction: 0xa7f6097edc6da027ba4b971d06231d6b8491c0dc4ecfbe894fcfad070b32273c
  Gas usage: 228754
  Block number: 476
  Block time: Wed Jun 10 2026 05:54:20 GMT+0900 (Korean Standard Time)

eth_chainId
eth_getTransactionReceipt
eth_getBlockByNumber
eth_chainId
eth_sendTransaction

  Transaction: 0x1776cfb65715c977838db3a233f589b673721894643eb7df3dd20aa5a189da58
  Gas usage: 228694
  Block number: 477
  Block time: Wed Jun 10 2026 05:54:20 GMT+0900 (Korean Standard Time)

eth_chainId
eth_getTransactionReceipt
eth_getBlockByNumber
eth_chainId
eth_sendTransaction

  Transaction: 0xab6804fdb2eff8e70c7184892febd36a6b7a963bec5cc532d465e0eda7caf9b7
  Gas usage: 228802
  Block number: 478
  Block time: Wed Jun 10 2026 05:54:20 GMT+0900 (Korean Standard Time)

eth_chainId
eth_getTransactionReceipt
eth_getBlockByNumber
eth_chainId
eth_sendTransaction

  Transaction: 0x2eff0d7780ac20ba0c44fb1e44005d6f39cb4a4d6704361646bb54ae96c85110
  Gas usage: 228634
  Block number: 479
  Block time: Wed Jun 10 2026 05:54:21 GMT+0900 (Korean Standard Time)

eth_chainId
eth_getTransactionReceipt
eth_getBlockByNumber
eth_chainId
eth_sendTransaction

  Transaction: 0xd6ed9d72fdbba34b6100b6b5c5b4e0a22fd586d56363e0414287ac1c4ad45924
  Gas usage: 228682
  Block number: 480
  Block time: Wed Jun 10 2026 05:54:21 GMT+0900 (Korean Standard Time)

eth_chainId
eth_getTransactionReceipt
eth_getBlockByNumber
eth_chainId
eth_sendTransaction

  Transaction: 0xff76bfb943799c7bb5a6c922488f738ead2bc5441f3a165f8b4e3d7c957b8206
  Gas usage: 228754
  Block number: 481
  Block time: Wed Jun 10 2026 05:54:21 GMT+0900 (Korean Standard Time)

eth_chainId
eth_getTransactionReceipt
eth_getBlockByNumber
eth_chainId
eth_sendTransaction

  Transaction: 0x223965c63212861cfe2e599b65c26e7368e904f990813ccf95990fba209e155d
  Gas usage: 228898
  Block number: 482
  Block time: Wed Jun 10 2026 05:54:21 GMT+0900 (Korean Standard Time)

eth_chainId
eth_getTransactionReceipt
eth_getBlockByNumber
eth_chainId
eth_sendTransaction

  Transaction: 0xea4861b5eefa635fc029059007ba530807ae9675a602ed48895f5f8a8c31e226
  Gas usage: 228826
  Block number: 483
  Block time: Wed Jun 10 2026 05:54:21 GMT+0900 (Korean Standard Time)

eth_chainId
eth_getTransactionReceipt
eth_getBlockByNumber
eth_chainId
eth_sendTransaction

  Transaction: 0x14438d3e408562c065b864747ac2c64f2ace99e1104a2de5fbf5b8051f3b20d9
  Gas usage: 228742
  Block number: 484
  Block time: Wed Jun 10 2026 05:54:21 GMT+0900 (Korean Standard Time)

eth_chainId
eth_getTransactionReceipt
eth_getBlockByNumber
eth_chainId
eth_sendTransaction

  Transaction: 0x4b082dfe051d51ee291d37f9e9912dcb8bfe8cc725baf0cda2cb52c4af5598b0
  Gas usage: 228742
  Block number: 485
  Block time: Wed Jun 10 2026 05:54:21 GMT+0900 (Korean Standard Time)

eth_chainId
eth_getTransactionReceipt
eth_getBlockByNumber
eth_chainId
eth_sendTransaction

  Transaction: 0xfe439a8796ccd4e76177e6106339252b3ebd4137b23b386310eac5e19b78e689
  Gas usage: 228742
  Block number: 486
  Block time: Wed Jun 10 2026 05:54:21 GMT+0900 (Korean Standard Time)

eth_chainId
eth_getTransactionReceipt
eth_getBlockByNumber
eth_chainId
eth_sendTransaction

  Transaction: 0x29157ec3d56141bc9c46194aed3df497f0ec2b4cac28db3334d5296e3ab16f32
  Gas usage: 228718
  Block number: 487
  Block time: Wed Jun 10 2026 05:54:21 GMT+0900 (Korean Standard Time)

eth_chainId
eth_getTransactionReceipt
eth_getBlockByNumber
eth_chainId
eth_sendTransaction

  Transaction: 0x1650a5adf7cc8ed5838d5e1ef57872d00d06c17350a52e24fd56cccb9146b5a7
  Gas usage: 228802
  Block number: 488
  Block time: Wed Jun 10 2026 05:54:21 GMT+0900 (Korean Standard Time)

eth_chainId
eth_getTransactionReceipt
eth_getBlockByNumber
eth_chainId
eth_sendTransaction

  Transaction: 0x766de502f5df598d99e37b66c4a5057c8710e98c3c7a954b176a3c5fc077bfe3
  Gas usage: 228790
  Block number: 489
  Block time: Wed Jun 10 2026 05:54:21 GMT+0900 (Korean Standard Time)

eth_chainId
eth_getTransactionReceipt
eth_getBlockByNumber
eth_chainId
eth_sendTransaction

  Transaction: 0x51d0ef82cb2910ae7cbeee5cfd2f5cf3550ebf17a9f26528933900e1338811b2
  Gas usage: 228778
  Block number: 490
  Block time: Wed Jun 10 2026 05:54:21 GMT+0900 (Korean Standard Time)

eth_chainId
eth_getTransactionReceipt
eth_getBlockByNumber
eth_chainId
eth_sendTransaction

  Transaction: 0xe7daec25b8ccce6ffaa7abb8d8404883d789a34799cd11643f26e885a9e4de13
  Gas usage: 228742
  Block number: 491
  Block time: Wed Jun 10 2026 05:54:21 GMT+0900 (Korean Standard Time)

eth_chainId
eth_getTransactionReceipt
eth_getBlockByNumber
eth_chainId
eth_sendTransaction

  Transaction: 0xee780e07aeb7f054e45e09dc5c6227dda48fd2ca1985afa0b4694a2e8a3eecf4
  Gas usage: 228706
  Block number: 492
  Block time: Wed Jun 10 2026 05:54:21 GMT+0900 (Korean Standard Time)

eth_chainId
eth_getTransactionReceipt
eth_getBlockByNumber
eth_chainId
eth_sendTransaction

  Transaction: 0xcf35494b286b17cbe6ba28a6d01d09277c4c35e900a2c53b85f2bf5fb1b33f31
  Gas usage: 228658
  Block number: 493
  Block time: Wed Jun 10 2026 05:54:21 GMT+0900 (Korean Standard Time)

eth_chainId
eth_getTransactionReceipt
eth_getBlockByNumber
eth_chainId
eth_sendTransaction

  Transaction: 0x44c3d60eb1675ffcba10b4f29616a5b6041949286fc4c2121d1e28f5241915fa
  Gas usage: 228658
  Block number: 494
  Block time: Wed Jun 10 2026 05:54:21 GMT+0900 (Korean Standard Time)

eth_chainId
eth_getTransactionReceipt
eth_getBlockByNumber
eth_chainId
eth_sendTransaction

  Transaction: 0x1da252a4ae2b6ad222fe7e9503f76b3781d758fd5133831a8241d071eba7dca2
  Gas usage: 228802
  Block number: 495
  Block time: Wed Jun 10 2026 05:54:21 GMT+0900 (Korean Standard Time)

eth_chainId
eth_getTransactionReceipt
eth_getBlockByNumber
eth_chainId
eth_sendTransaction

  Transaction: 0xe581951eae212ca14fe75f45eefb624b0d046326a144db2285d6da0717eb27ca
  Gas usage: 228826
  Block number: 496
  Block time: Wed Jun 10 2026 05:54:21 GMT+0900 (Korean Standard Time)

eth_chainId
eth_getTransactionReceipt
eth_getBlockByNumber
eth_chainId
eth_sendTransaction

  Transaction: 0x52baea02f1785a1ba3059c174dadbab535b2df72443d47b765fd1221f2598033
  Gas usage: 228682
  Block number: 497
  Block time: Wed Jun 10 2026 05:54:21 GMT+0900 (Korean Standard Time)

eth_chainId
eth_getTransactionReceipt
eth_getBlockByNumber
eth_chainId
eth_sendTransaction

  Transaction: 0x7e3c08f133a8f1bf10e5db5633533d15703c75836d6a044d2bc7f00ddc2790d5
  Gas usage: 228838
  Block number: 498
  Block time: Wed Jun 10 2026 05:54:21 GMT+0900 (Korean Standard Time)

eth_chainId
eth_getTransactionReceipt
eth_getBlockByNumber
eth_chainId
eth_sendTransaction

  Transaction: 0x7dd53ac172e17217657070bd034cc65075ba79ea79aeb7ed276a5eefdf6ae9d0
  Gas usage: 228766
  Block number: 499
  Block time: Wed Jun 10 2026 05:54:21 GMT+0900 (Korean Standard Time)

eth_chainId
eth_getTransactionReceipt
eth_getBlockByNumber
eth_chainId
eth_sendTransaction

  Transaction: 0xd0dc4a7b0e25704470ff7a5e8ba8ddaeea71b73f7f4ff2701c1a44b90eeaa4d5
  Gas usage: 228754
  Block number: 500
  Block time: Wed Jun 10 2026 05:54:21 GMT+0900 (Korean Standard Time)

eth_chainId
eth_getTransactionReceipt
eth_getBlockByNumber
eth_chainId
eth_sendTransaction

  Transaction: 0xe49bfd10aacb446a45f05147ff56736a592d5a7cc64d80bd1c7a9ea8a6022b45
  Gas usage: 228826
  Block number: 501
  Block time: Wed Jun 10 2026 05:54:21 GMT+0900 (Korean Standard Time)

eth_chainId
eth_getTransactionReceipt
eth_getBlockByNumber
eth_chainId
eth_sendTransaction

  Transaction: 0x7c6425c5e116b9c594ce34077d9b31d2016e93bb3c7c1d5fdfc01f2dcec55e74
  Gas usage: 228730
  Block number: 502
  Block time: Wed Jun 10 2026 05:54:21 GMT+0900 (Korean Standard Time)

eth_chainId
eth_getTransactionReceipt
eth_getBlockByNumber
eth_chainId
eth_sendTransaction

  Transaction: 0xb9893d4f974618fb13125fd1a79473c6717fea7775026b974682e716e69b13c7
  Gas usage: 228610
  Block number: 503
  Block time: Wed Jun 10 2026 05:54:21 GMT+0900 (Korean Standard Time)

eth_chainId
eth_getTransactionReceipt
eth_getBlockByNumber
eth_chainId
eth_sendTransaction

  Transaction: 0xf6a2260dac8aa3dc4830cb3f61b75040ebf239d86037fe82544e9e35eedccc81
  Gas usage: 228634
  Block number: 504
  Block time: Wed Jun 10 2026 05:54:21 GMT+0900 (Korean Standard Time)

eth_chainId
eth_getTransactionReceipt
eth_getBlockByNumber
eth_chainId
eth_sendTransaction

  Transaction: 0x0b566a0f016796144fce709c08843e8f043da2e19ee63698c3556bec5dcaf253
  Gas usage: 228790
  Block number: 505
  Block time: Wed Jun 10 2026 05:54:21 GMT+0900 (Korean Standard Time)

eth_chainId
eth_getTransactionReceipt
eth_getBlockByNumber
eth_chainId
eth_sendTransaction

  Transaction: 0xd43afa079e2b32dcd13425d0bbe76f81d2ede6fdecaf116bac1e74544d18f250
  Gas usage: 228754
  Block number: 506
  Block time: Wed Jun 10 2026 05:54:21 GMT+0900 (Korean Standard Time)

eth_chainId
eth_getTransactionReceipt
eth_getBlockByNumber
eth_chainId
eth_sendTransaction

  Transaction: 0x1c5e3f81548c85de7086f07663afae45a54bd6f464a85809899c4e53aaeb59c8
  Gas usage: 228730
  Block number: 507
  Block time: Wed Jun 10 2026 05:54:21 GMT+0900 (Korean Standard Time)

eth_chainId
eth_getTransactionReceipt
eth_getBlockByNumber
eth_chainId
eth_sendTransaction

  Transaction: 0x40e6842776114159200f96044423bdaa4c8ae30d40f6a013720c900008df118b
  Gas usage: 228706
  Block number: 508
  Block time: Wed Jun 10 2026 05:54:21 GMT+0900 (Korean Standard Time)

eth_chainId
eth_getTransactionReceipt
eth_getBlockByNumber
eth_chainId
eth_sendTransaction

  Transaction: 0x7e3a83a02d886cf7e39a58425337e5bd368d96e9842c4d5cf2ad4742425530bf
  Gas usage: 228754
  Block number: 509
  Block time: Wed Jun 10 2026 05:54:21 GMT+0900 (Korean Standard Time)

eth_chainId
eth_getTransactionReceipt
eth_getBlockByNumber
eth_chainId
eth_sendTransaction

  Transaction: 0x3276d4668df5012c3f68c977e99b6fb44de3ee7518f59e010a255cdd41599ef6
  Gas usage: 228718
  Block number: 510
  Block time: Wed Jun 10 2026 05:54:21 GMT+0900 (Korean Standard Time)

eth_chainId
eth_getTransactionReceipt
eth_getBlockByNumber
eth_chainId
eth_sendTransaction

  Transaction: 0x532558cf32c60d159244560b484931178d446042d5c511e072fd6db9ef01a944
  Gas usage: 228718
  Block number: 511
  Block time: Wed Jun 10 2026 05:54:21 GMT+0900 (Korean Standard Time)

eth_chainId
eth_getTransactionReceipt
eth_getBlockByNumber
eth_chainId
eth_sendTransaction

  Transaction: 0xd1d5a0981969da65ae0798878ab712bb4b2308b59aeeb220fd5adb2e06afce8f
  Gas usage: 228694
  Block number: 512
  Block time: Wed Jun 10 2026 05:54:21 GMT+0900 (Korean Standard Time)

eth_chainId
eth_getTransactionReceipt
eth_getBlockByNumber
eth_chainId
eth_sendTransaction

  Transaction: 0x979c1d15caf1602787c86bff4e19b77fb46fb7336dcef69c6a5cffc998645bbb
  Gas usage: 228766
  Block number: 513
  Block time: Wed Jun 10 2026 05:54:21 GMT+0900 (Korean Standard Time)

eth_chainId
eth_getTransactionReceipt
eth_getBlockByNumber
eth_chainId
eth_sendTransaction

  Transaction: 0x24a8027aba50bbdfccd001534c8325f47e53a81f496c232870cd6195b633dd84
  Gas usage: 228754
  Block number: 514
  Block time: Wed Jun 10 2026 05:54:22 GMT+0900 (Korean Standard Time)

eth_chainId
eth_getTransactionReceipt
eth_getBlockByNumber
eth_chainId
eth_sendTransaction

  Transaction: 0x457435b662402f7c0aec7971eb72e8b3ee111bda206ec77b052455a2421b1c35
  Gas usage: 228730
  Block number: 515
  Block time: Wed Jun 10 2026 05:54:22 GMT+0900 (Korean Standard Time)

eth_chainId
eth_getTransactionReceipt
eth_getBlockByNumber
eth_chainId
eth_sendTransaction

  Transaction: 0xf8bfa07c93546f1d2a6f944177ce2c0f0f1ae4203c6c5af374001ea1ce69425e
  Gas usage: 228682
  Block number: 516
  Block time: Wed Jun 10 2026 05:54:22 GMT+0900 (Korean Standard Time)

eth_chainId
eth_getTransactionReceipt
eth_getBlockByNumber
eth_chainId
eth_sendTransaction

  Transaction: 0x2805656620388ad3ea84abb7bca51829828ad5f45d0636331a421a739a5fdf4f
  Gas usage: 228706
  Block number: 517
  Block time: Wed Jun 10 2026 05:54:22 GMT+0900 (Korean Standard Time)

eth_chainId
eth_getTransactionReceipt
eth_getBlockByNumber
eth_chainId
eth_sendTransaction

  Transaction: 0x30e0187d66982849a2cd2da12913a6c6770ec09822093084055e881875352cbf
  Gas usage: 228742
  Block number: 518
  Block time: Wed Jun 10 2026 05:54:22 GMT+0900 (Korean Standard Time)

eth_chainId
eth_getTransactionReceipt
eth_getBlockByNumber
eth_chainId
eth_sendTransaction

  Transaction: 0xfcf8e764679d9763ad636fea5d439b1df850ec7c14a342daba9aca1b99935ecf
  Gas usage: 228706
  Block number: 519
  Block time: Wed Jun 10 2026 05:54:22 GMT+0900 (Korean Standard Time)

eth_chainId
eth_getTransactionReceipt
eth_getBlockByNumber
eth_chainId
eth_sendTransaction

  Transaction: 0xfc596d5311784b042be895cbfcb1109cd480d1f39ab78ca996109ebbd8d3fe11
  Gas usage: 228658
  Block number: 520
  Block time: Wed Jun 10 2026 05:54:22 GMT+0900 (Korean Standard Time)

eth_chainId
eth_getTransactionReceipt
eth_getBlockByNumber
eth_chainId
eth_sendTransaction

  Transaction: 0xa7dab4c662ac4bf3bf8fcfe4331bf775a0290efba7e5b5d557269bc48af42162
  Gas usage: 228826
  Block number: 521
  Block time: Wed Jun 10 2026 05:54:22 GMT+0900 (Korean Standard Time)

eth_chainId
eth_getTransactionReceipt
eth_getBlockByNumber
eth_chainId
eth_sendTransaction

  Transaction: 0xba14f2423bf38965661a49f593993ddd1aee5ec0e317079f8aa6b529c7a6d579
  Gas usage: 228838
  Block number: 522
  Block time: Wed Jun 10 2026 05:54:22 GMT+0900 (Korean Standard Time)

eth_chainId
eth_getTransactionReceipt
eth_getBlockByNumber
eth_chainId
eth_sendTransaction

  Transaction: 0x86476b604027f95a8c0a597b3d99f11aa7fb4470cf899cada42f5f164717f3fd
  Gas usage: 228898
  Block number: 523
  Block time: Wed Jun 10 2026 05:54:22 GMT+0900 (Korean Standard Time)

eth_chainId
eth_getTransactionReceipt
eth_getBlockByNumber
eth_chainId
eth_sendTransaction

  Transaction: 0xec67f7b99619b78c97c835350bd98466e1c8ec17a2c8e2d8662af5a0e5990852
  Gas usage: 228754
  Block number: 524
  Block time: Wed Jun 10 2026 05:54:22 GMT+0900 (Korean Standard Time)

eth_chainId
eth_getTransactionReceipt
eth_getBlockByNumber
eth_chainId
eth_sendTransaction

  Transaction: 0x0c79cb3e8e78ff3126a66b1b68822ae016c90abc10e0244af4dd40839d99772f
  Gas usage: 228790
  Block number: 525
  Block time: Wed Jun 10 2026 05:54:22 GMT+0900 (Korean Standard Time)

eth_chainId
eth_getTransactionReceipt
eth_getBlockByNumber
eth_chainId
eth_sendTransaction

  Transaction: 0xd7616febb404bfc3250bf224504ce89f1da28b5a3a3e6e90cd78fd8f264a2cbe
  Gas usage: 228718
  Block number: 526
  Block time: Wed Jun 10 2026 05:54:22 GMT+0900 (Korean Standard Time)

eth_chainId
eth_getTransactionReceipt
eth_getBlockByNumber
eth_chainId
eth_sendTransaction

  Transaction: 0xce8678fe21dde16ccde3d1d2f8a3ca09a48be68b06f514d20d09fb9cbc84b255
  Gas usage: 228694
  Block number: 527
  Block time: Wed Jun 10 2026 05:54:22 GMT+0900 (Korean Standard Time)

eth_chainId
eth_getTransactionReceipt
eth_getBlockByNumber
eth_chainId
eth_sendTransaction

  Transaction: 0x6f72fe2380f57421425d6a66ba6a3432c7c351aeb99e7d38b95bba53a8f55500
  Gas usage: 228754
  Block number: 528
  Block time: Wed Jun 10 2026 05:54:22 GMT+0900 (Korean Standard Time)

eth_chainId
eth_getTransactionReceipt
eth_getBlockByNumber
eth_chainId
eth_sendTransaction

  Transaction: 0x472e72d3273824505f3724929876e8146f53ee6a52c93c7e15982ddf2c6f217f
  Gas usage: 228706
  Block number: 529
  Block time: Wed Jun 10 2026 05:54:22 GMT+0900 (Korean Standard Time)

eth_chainId
eth_getTransactionReceipt
eth_getBlockByNumber
eth_chainId
eth_sendTransaction

  Transaction: 0x67dc5d1bb6bc026a6457d7462a3e8966f0065150df3bb047071535ffadfa50f5
  Gas usage: 228754
  Block number: 530
  Block time: Wed Jun 10 2026 05:54:22 GMT+0900 (Korean Standard Time)

eth_chainId
eth_getTransactionReceipt
eth_getBlockByNumber
eth_chainId
eth_sendTransaction

  Transaction: 0x122267afae9866b8aa34041c66a99e09c9495bec69e93f8a73d770abe8ab8ab7
  Gas usage: 228718
  Block number: 531
  Block time: Wed Jun 10 2026 05:54:22 GMT+0900 (Korean Standard Time)

eth_chainId
eth_getTransactionReceipt
eth_getBlockByNumber
eth_chainId
eth_sendTransaction

  Transaction: 0xd5be5c4785574d5907e304a902e95b28a05696788563a26e0b1fab3592524175
  Gas usage: 228694
  Block number: 532
  Block time: Wed Jun 10 2026 05:54:22 GMT+0900 (Korean Standard Time)

eth_chainId
eth_getTransactionReceipt
eth_getBlockByNumber
eth_chainId
eth_sendTransaction

  Transaction: 0xe441284f0e8cd690a7bac703fa67c515ac6ab6853f9be577b6242f0a03d2acc0
  Gas usage: 228718
  Block number: 533
  Block time: Wed Jun 10 2026 05:54:22 GMT+0900 (Korean Standard Time)

eth_chainId
eth_getTransactionReceipt
eth_getBlockByNumber
eth_chainId
eth_sendTransaction

  Transaction: 0x2dd91e6bfbf78a0693bb665eb8b95f3005542f73065ed18bfaf3944437321b2b
  Gas usage: 228718
  Block number: 534
  Block time: Wed Jun 10 2026 05:54:22 GMT+0900 (Korean Standard Time)

eth_chainId
eth_getTransactionReceipt
eth_getBlockByNumber
eth_chainId
eth_sendTransaction

  Transaction: 0x0ad03801c449aa40ac715a441ad63e40a42317df8646dec8f0cd512a3db80526
  Gas usage: 228766
  Block number: 535
  Block time: Wed Jun 10 2026 05:54:22 GMT+0900 (Korean Standard Time)

eth_chainId
eth_getTransactionReceipt
eth_getBlockByNumber
eth_chainId
eth_sendTransaction

  Transaction: 0xdd0746f30fdb1cdf273b859636814b8433dd233f801c9d430ca063324e227ce0
  Gas usage: 228694
  Block number: 536
  Block time: Wed Jun 10 2026 05:54:22 GMT+0900 (Korean Standard Time)

eth_chainId
eth_getTransactionReceipt
eth_getBlockByNumber
eth_chainId
eth_sendTransaction

  Transaction: 0x4f0ad74700a664d65546707e136b3f5a5fe856ac4e02f3a977456d7ee20ee4b0
  Gas usage: 228718
  Block number: 537
  Block time: Wed Jun 10 2026 05:54:22 GMT+0900 (Korean Standard Time)

eth_chainId
eth_getTransactionReceipt
eth_getBlockByNumber
eth_chainId
eth_sendTransaction

  Transaction: 0x1ba66966b8a0e7345099082b247eb0436ebcdc0e2a2e90801a931e3271cc75e6
  Gas usage: 228838
  Block number: 538
  Block time: Wed Jun 10 2026 05:54:22 GMT+0900 (Korean Standard Time)

eth_chainId
eth_getTransactionReceipt
eth_getBlockByNumber
eth_chainId
eth_sendTransaction

  Transaction: 0xfccb958eb74450035f3cb7e1a3a99dc8e5ee21afe1c3fea9bb693aa2c0a4667d
  Gas usage: 228790
  Block number: 539
  Block time: Wed Jun 10 2026 05:54:22 GMT+0900 (Korean Standard Time)

eth_chainId
eth_getTransactionReceipt
eth_getBlockByNumber
eth_chainId
eth_sendTransaction

  Transaction: 0x06f263f705dbfeb0d7f30b3b972262a695b344f3c83e8724240432600c97c8df
  Gas usage: 228730
  Block number: 540
  Block time: Wed Jun 10 2026 05:54:22 GMT+0900 (Korean Standard Time)

eth_chainId
eth_getTransactionReceipt
eth_getBlockByNumber
eth_chainId
eth_sendTransaction

  Transaction: 0xeb7c0f2a89bb96acf6e30084d91a31d5d6a97d73bb45cc43c3c115efe14242b3
  Gas usage: 228814
  Block number: 541
  Block time: Wed Jun 10 2026 05:54:22 GMT+0900 (Korean Standard Time)

eth_chainId
eth_getTransactionReceipt
eth_getBlockByNumber
eth_chainId
eth_sendTransaction

  Transaction: 0xf5a50da831d6d4392e583f310d9411f52f26be9f17a3660b733936540e2bff0e
  Gas usage: 228694
  Block number: 542
  Block time: Wed Jun 10 2026 05:54:22 GMT+0900 (Korean Standard Time)

eth_chainId
eth_getTransactionReceipt
eth_getBlockByNumber
eth_chainId
eth_sendTransaction

  Transaction: 0x5adcc0d7f29b364c35217609c6ff1f49e5916a38252213b3ec1a06d50384d48e
  Gas usage: 228742
  Block number: 543
  Block time: Wed Jun 10 2026 05:54:22 GMT+0900 (Korean Standard Time)

eth_chainId
eth_getTransactionReceipt
eth_getBlockByNumber
eth_chainId
eth_sendTransaction

  Transaction: 0x00341a30e0cd44c6e4049bdecd964b8a5479db61aa9e934647edce617462fe94
  Gas usage: 228742
  Block number: 544
  Block time: Wed Jun 10 2026 05:54:22 GMT+0900 (Korean Standard Time)

eth_chainId
eth_getTransactionReceipt
eth_getBlockByNumber
eth_chainId
eth_sendTransaction

  Transaction: 0x8a4ac8b57070f1cea0087fca1e8b003adabd92203c801e2f81b2d7cce4852800
  Gas usage: 228658
  Block number: 545
  Block time: Wed Jun 10 2026 05:54:22 GMT+0900 (Korean Standard Time)

eth_chainId
eth_getTransactionReceipt
eth_getBlockByNumber
eth_chainId
eth_sendTransaction

  Transaction: 0x5d9cc0f0db4923786dff4061c0914aaf2bca3b753b7616b44bcf3b79158169f5
  Gas usage: 228670
  Block number: 546
  Block time: Wed Jun 10 2026 05:54:22 GMT+0900 (Korean Standard Time)

eth_chainId
eth_getTransactionReceipt
eth_getBlockByNumber
eth_chainId
eth_sendTransaction

  Transaction: 0x9a19d32b03efe60755536b99eb6466189a33d73ab30275cec277b928dbd3c4a2
  Gas usage: 228778
  Block number: 547
  Block time: Wed Jun 10 2026 05:54:22 GMT+0900 (Korean Standard Time)

eth_chainId
eth_getTransactionReceipt
eth_getBlockByNumber
eth_chainId
eth_sendTransaction

  Transaction: 0xf3be08463c56617bdf48b4c8dd06432801a56d88f6b598c390e976ce0d4578fe
  Gas usage: 228718
  Block number: 548
  Block time: Wed Jun 10 2026 05:54:22 GMT+0900 (Korean Standard Time)

eth_chainId
eth_getTransactionReceipt
eth_getBlockByNumber
eth_chainId
eth_sendTransaction

  Transaction: 0xd181db7162ee8a47721f06ce535e8397908d3be0fbb110fc4c6328155b8d720c
  Gas usage: 228646
  Block number: 549
  Block time: Wed Jun 10 2026 05:54:22 GMT+0900 (Korean Standard Time)

eth_chainId
eth_getTransactionReceipt
eth_getBlockByNumber
eth_chainId
eth_sendTransaction

  Transaction: 0x71230bbf1439c75e1532a4b0a082781a71708947195a36779e43ffe78032d0b9
  Gas usage: 228754
  Block number: 550
  Block time: Wed Jun 10 2026 05:54:23 GMT+0900 (Korean Standard Time)

eth_chainId
eth_getTransactionReceipt
eth_getBlockByNumber
eth_chainId
eth_sendTransaction

  Transaction: 0x645ea3eb93fa5a238cf33c0e9d26a7376280ef12637742132d99259a967beb95
  Gas usage: 228658
  Block number: 551
  Block time: Wed Jun 10 2026 05:54:23 GMT+0900 (Korean Standard Time)

eth_chainId
eth_getTransactionReceipt
eth_getBlockByNumber
eth_chainId
eth_sendTransaction

  Transaction: 0xfb0c32dc519945b1fad5b1a36627badb72c386366bc13464a276a9bdf28ead39
  Gas usage: 228718
  Block number: 552
  Block time: Wed Jun 10 2026 05:54:23 GMT+0900 (Korean Standard Time)

eth_chainId
eth_getTransactionReceipt
eth_getBlockByNumber
eth_chainId
eth_sendTransaction

  Transaction: 0x93549ce2d52f0ca93b47ef9b887b8841bec3944e21f32e819247b428b058a299
  Gas usage: 228718
  Block number: 553
  Block time: Wed Jun 10 2026 05:54:23 GMT+0900 (Korean Standard Time)

eth_chainId
eth_getTransactionReceipt
eth_getBlockByNumber
eth_chainId
eth_sendTransaction

  Transaction: 0x99f3e4fa1621e7fed0a52d92d09f069c3fe65472c1916bae24aead43684b3bb3
  Gas usage: 228730
  Block number: 554
  Block time: Wed Jun 10 2026 05:54:23 GMT+0900 (Korean Standard Time)

eth_chainId
eth_getTransactionReceipt
eth_getBlockByNumber
eth_chainId
eth_sendTransaction

  Transaction: 0x2e0ba8be9e463785e26c01a8db1d688b63a2d8a2de8c9edde23c56bcdea58a9a
  Gas usage: 228682
  Block number: 555
  Block time: Wed Jun 10 2026 05:54:23 GMT+0900 (Korean Standard Time)

eth_chainId
eth_getTransactionReceipt
eth_getBlockByNumber
eth_chainId
eth_sendTransaction

  Transaction: 0x809877fa59e9206065d8fe3794020e8efb23a41b1463145f3bed88db36c26221
  Gas usage: 228754
  Block number: 556
  Block time: Wed Jun 10 2026 05:54:23 GMT+0900 (Korean Standard Time)

eth_chainId
eth_getTransactionReceipt
eth_getBlockByNumber
eth_chainId
eth_sendTransaction

  Transaction: 0xed789cde74f817661daa011303ccd4ba5334999c2b3156caeb33692b937cfc33
  Gas usage: 228778
  Block number: 557
  Block time: Wed Jun 10 2026 05:54:23 GMT+0900 (Korean Standard Time)

eth_chainId
eth_getTransactionReceipt
eth_getBlockByNumber
eth_chainId
eth_sendTransaction

  Transaction: 0x4d30d11350b77ea6490208dca1c8c64d436deac3bd3c1283accace368fbe8973
  Gas usage: 228658
  Block number: 558
  Block time: Wed Jun 10 2026 05:54:23 GMT+0900 (Korean Standard Time)

eth_chainId
eth_getTransactionReceipt
eth_getBlockByNumber
eth_chainId
eth_sendTransaction

  Transaction: 0x41a7479d27cda5ead077a4c7127095788425c340c5d5c46bfbda3a5a3f120db2
  Gas usage: 228706
  Block number: 559
  Block time: Wed Jun 10 2026 05:54:23 GMT+0900 (Korean Standard Time)

eth_chainId
eth_getTransactionReceipt
eth_getBlockByNumber
eth_chainId
eth_sendTransaction

  Transaction: 0xa1f5bafbe498434d66623dd3f62dcd98fbf98ac29e99de61b893421b5eb80682
  Gas usage: 228874
  Block number: 560
  Block time: Wed Jun 10 2026 05:54:23 GMT+0900 (Korean Standard Time)

eth_chainId
eth_getTransactionReceipt
eth_getBlockByNumber
eth_chainId
eth_sendTransaction

  Transaction: 0xef62b295f1a02c0a85f26f43812c3b278b50a0952f746e20dd6bb1fdb651b330
  Gas usage: 228694
  Block number: 561
  Block time: Wed Jun 10 2026 05:54:23 GMT+0900 (Korean Standard Time)

eth_chainId
eth_getTransactionReceipt
eth_getBlockByNumber
eth_chainId
eth_sendTransaction

  Transaction: 0x9ef7e856001e03e453a7cd16f3fc9207a35d2215331f1cfde3ac0ccd2c5f5830
  Gas usage: 228694
  Block number: 562
  Block time: Wed Jun 10 2026 05:54:23 GMT+0900 (Korean Standard Time)

eth_chainId
eth_getTransactionReceipt
eth_getBlockByNumber
eth_chainId
eth_sendTransaction

  Transaction: 0x3c25a5a6e4b8c6268a31e8b7f8c38d9d89109e50d948a1f22353d362721ba6ce
  Gas usage: 228838
  Block number: 563
  Block time: Wed Jun 10 2026 05:54:23 GMT+0900 (Korean Standard Time)

eth_chainId
eth_getTransactionReceipt
eth_getBlockByNumber
eth_chainId
eth_sendTransaction

  Transaction: 0x0f8c01b9baffe52fce9eecf51269e3dbf851ce13eb76a3a50f3c92987ea8ba92
  Gas usage: 228826
  Block number: 564
  Block time: Wed Jun 10 2026 05:54:23 GMT+0900 (Korean Standard Time)

eth_chainId
eth_getTransactionReceipt
eth_getBlockByNumber
eth_chainId
eth_sendTransaction

  Transaction: 0xa01ef7b576788a29ec7b315cd1637960731fee1e4ebd384a222840619fa159f5
  Gas usage: 228670
  Block number: 565
  Block time: Wed Jun 10 2026 05:54:23 GMT+0900 (Korean Standard Time)

eth_chainId
eth_getTransactionReceipt
eth_getBlockByNumber
eth_chainId
eth_sendTransaction

  Transaction: 0xaf65d6c2a22fc0fed3e90f5de6c8c72e560b849f212eaba01ad686506b06368d
  Gas usage: 228790
  Block number: 566
  Block time: Wed Jun 10 2026 05:54:23 GMT+0900 (Korean Standard Time)

eth_chainId
eth_getTransactionReceipt
eth_getBlockByNumber
eth_chainId
eth_sendTransaction

  Transaction: 0xc3f04ad32c896a14d46132fa2d4bd05f0f8a968ef92841fd1366586ca7716194
  Gas usage: 228766
  Block number: 567
  Block time: Wed Jun 10 2026 05:54:23 GMT+0900 (Korean Standard Time)

eth_chainId
eth_getTransactionReceipt
eth_getBlockByNumber
eth_chainId
eth_sendTransaction

  Transaction: 0x7f5e5961848da8234f4fac6b77a5815eca0b6a0e001584789ef0b7321eb49887
  Gas usage: 228682
  Block number: 568
  Block time: Wed Jun 10 2026 05:54:23 GMT+0900 (Korean Standard Time)

eth_chainId
eth_getTransactionReceipt
eth_getBlockByNumber
eth_chainId
eth_sendTransaction

  Transaction: 0x5bc78109362d87932673b9a1e2eb39e238c93777469b95d9a6e461c55ba75b3e
  Gas usage: 228766
  Block number: 569
  Block time: Wed Jun 10 2026 05:54:23 GMT+0900 (Korean Standard Time)

eth_chainId
eth_getTransactionReceipt
eth_getBlockByNumber
eth_chainId
eth_sendTransaction

  Transaction: 0xe6825b8862f37d5935d4fdbe96ea4ffeba9c9ef2b31022978288364b9c7239b3
  Gas usage: 228718
  Block number: 570
  Block time: Wed Jun 10 2026 05:54:23 GMT+0900 (Korean Standard Time)

eth_chainId
eth_getTransactionReceipt
eth_getBlockByNumber
eth_chainId
eth_sendTransaction

  Transaction: 0x00d7503eea03cad9fc18d29d91d3455268db8feba1120a87191890ace1527b49
  Gas usage: 228766
  Block number: 571
  Block time: Wed Jun 10 2026 05:54:23 GMT+0900 (Korean Standard Time)

eth_chainId
eth_getTransactionReceipt
eth_getBlockByNumber
eth_chainId
eth_sendTransaction

  Transaction: 0xc3fdf568f72479b3bb1dc85bbb82a32cc5c17ee66c873eb0ed2af76d35dbfb03
  Gas usage: 228814
  Block number: 572
  Block time: Wed Jun 10 2026 05:54:23 GMT+0900 (Korean Standard Time)

eth_chainId
eth_getTransactionReceipt
eth_getBlockByNumber
eth_chainId
eth_sendTransaction

  Transaction: 0x3db86291486c280cdff1dff25d8ed64b7721bcd965836a3e76490ccde1a19389
  Gas usage: 228790
  Block number: 573
  Block time: Wed Jun 10 2026 05:54:23 GMT+0900 (Korean Standard Time)

eth_chainId
eth_getTransactionReceipt
eth_getBlockByNumber
eth_chainId
eth_sendTransaction

  Transaction: 0x2960b15d47d570f8d9531bd70b487662685c26288dbfd38ccec1c795599b6ed7
  Gas usage: 228850
  Block number: 574
  Block time: Wed Jun 10 2026 05:54:23 GMT+0900 (Korean Standard Time)

eth_chainId
eth_getTransactionReceipt
eth_getBlockByNumber
eth_chainId
eth_sendTransaction

  Transaction: 0x13a110484810c6ec9a9e34e3688ce871515d8d5c21cfeeeaef247f53f3a92593
  Gas usage: 228670
  Block number: 575
  Block time: Wed Jun 10 2026 05:54:23 GMT+0900 (Korean Standard Time)

eth_chainId
eth_getTransactionReceipt
eth_getBlockByNumber
eth_chainId
eth_sendTransaction

  Transaction: 0x08174e32e395c07552fc7dfdf688a7886fb194542ca7d24271d52ea8423f2469
  Gas usage: 228730
  Block number: 576
  Block time: Wed Jun 10 2026 05:54:23 GMT+0900 (Korean Standard Time)

eth_chainId
eth_getTransactionReceipt
eth_getBlockByNumber
eth_chainId
eth_sendTransaction

  Transaction: 0x83fea9a6f769c59740e727a716987066d4d684a151832ccb05d51bd819575fce
  Gas usage: 228778
  Block number: 577
  Block time: Wed Jun 10 2026 05:54:23 GMT+0900 (Korean Standard Time)

eth_chainId
eth_getTransactionReceipt
eth_getBlockByNumber
eth_chainId
eth_sendTransaction

  Transaction: 0xcc7f63199a963e31c17afeaa56bf3e936209bf2d1415265fefd951dc4fcaba98
  Gas usage: 228790
  Block number: 578
  Block time: Wed Jun 10 2026 05:54:23 GMT+0900 (Korean Standard Time)

eth_chainId
eth_getTransactionReceipt
eth_getBlockByNumber
eth_chainId
eth_sendTransaction

  Transaction: 0x78e407601805a895b294db87aff7a8987cc6181fa7129bdb2a077c511ad337b7
  Gas usage: 228706
  Block number: 579
  Block time: Wed Jun 10 2026 05:54:23 GMT+0900 (Korean Standard Time)

eth_chainId
eth_getTransactionReceipt
eth_getBlockByNumber
eth_chainId
eth_sendTransaction

  Transaction: 0x32fe08a88c74b59adfcefd5a1af999bbd54eacc1801ef567c3054eac0768d062
  Gas usage: 228742
  Block number: 580
  Block time: Wed Jun 10 2026 05:54:23 GMT+0900 (Korean Standard Time)

eth_chainId
eth_getTransactionReceipt
eth_getBlockByNumber
eth_chainId
eth_sendTransaction

  Transaction: 0xebd3656b2f81962fd1203e4b219c1d421c5628ba5135fbcf983688b43adec5df
  Gas usage: 228838
  Block number: 581
  Block time: Wed Jun 10 2026 05:54:23 GMT+0900 (Korean Standard Time)

eth_chainId
eth_getTransactionReceipt
eth_getBlockByNumber
eth_chainId
eth_sendTransaction

  Transaction: 0xe09fdd91bf6fe62695ac71cb24ab4618fbd1034e4a05ebad1fe4ecdde4a072cd
  Gas usage: 228646
  Block number: 582
  Block time: Wed Jun 10 2026 05:54:23 GMT+0900 (Korean Standard Time)

eth_chainId
eth_getTransactionReceipt
eth_getBlockByNumber
eth_chainId
eth_sendTransaction

  Transaction: 0x7aec1faf6092dedf46ccb40e307c184766f536d6a0b1965af54f8899ecab3c98
  Gas usage: 228730
  Block number: 583
  Block time: Wed Jun 10 2026 05:54:23 GMT+0900 (Korean Standard Time)

eth_chainId
eth_getTransactionReceipt
eth_getBlockByNumber
eth_chainId
eth_sendTransaction

  Transaction: 0x21c0f342aafc7f8d92d673af6f2d9a2071b6f6b5eb92be576fdd5f7fa7311725
  Gas usage: 228790
  Block number: 584
  Block time: Wed Jun 10 2026 05:54:23 GMT+0900 (Korean Standard Time)

eth_chainId
eth_getTransactionReceipt
eth_getBlockByNumber
eth_chainId
eth_sendTransaction

  Transaction: 0xdb710428ec99ef458528108e844b2007f9b75981cb82ab35d09d108a36ebdac1
  Gas usage: 228802
  Block number: 585
  Block time: Wed Jun 10 2026 05:54:24 GMT+0900 (Korean Standard Time)

eth_chainId
eth_getTransactionReceipt
eth_getBlockByNumber
eth_chainId
eth_sendTransaction

  Transaction: 0x8dcb5383d68d2883ddee13752c1123b9ea751b714b7a407a00538d66d05cd122
  Gas usage: 228694
  Block number: 586
  Block time: Wed Jun 10 2026 05:54:24 GMT+0900 (Korean Standard Time)

eth_chainId
eth_getTransactionReceipt
eth_getBlockByNumber
eth_chainId
eth_sendTransaction

  Transaction: 0xd83a48f675aecb9133efb1b5f5abab40927a31f61fa7b7d132980139be7b1775
  Gas usage: 228826
  Block number: 587
  Block time: Wed Jun 10 2026 05:54:24 GMT+0900 (Korean Standard Time)

eth_chainId
eth_getTransactionReceipt
eth_getBlockByNumber
eth_chainId
eth_sendTransaction

  Transaction: 0x6a5fb5a0bc7e832d4b93e938b7861a21da4009d1f5a0af6bcb040c83ec337c03
  Gas usage: 228718
  Block number: 588
  Block time: Wed Jun 10 2026 05:54:24 GMT+0900 (Korean Standard Time)

eth_chainId
eth_getTransactionReceipt
eth_getBlockByNumber
eth_chainId
eth_sendTransaction

  Transaction: 0xc13828b9b52a6ef8a7e67a0bcc723bae8930051ed7135cdd2b5d6a36c1337f5c
  Gas usage: 228682
  Block number: 589
  Block time: Wed Jun 10 2026 05:54:24 GMT+0900 (Korean Standard Time)

eth_chainId
eth_getTransactionReceipt
eth_getBlockByNumber
eth_chainId
eth_sendTransaction

  Transaction: 0x66e32c4ae76d269c1692c671e9630f67e8ca9e1e1c0d2a4c1e1ca0525075ac57
  Gas usage: 228742
  Block number: 590
  Block time: Wed Jun 10 2026 05:54:24 GMT+0900 (Korean Standard Time)

eth_chainId
eth_getTransactionReceipt
eth_getBlockByNumber
eth_chainId
eth_sendTransaction

  Transaction: 0xfb6def965dd8f4e7d06828a0574e869944fe5585210972bcf3c8d6021348fda8
  Gas usage: 228718
  Block number: 591
  Block time: Wed Jun 10 2026 05:54:24 GMT+0900 (Korean Standard Time)

eth_chainId
eth_getTransactionReceipt
eth_getBlockByNumber
eth_chainId
eth_sendTransaction

  Transaction: 0x88cc0d81477a3205aa3f1e615ec08ebe76be975aeb2bce43fd295e57b71f42e1
  Gas usage: 228694
  Block number: 592
  Block time: Wed Jun 10 2026 05:54:24 GMT+0900 (Korean Standard Time)

eth_chainId
eth_getTransactionReceipt
eth_getBlockByNumber
eth_chainId
eth_sendTransaction

  Transaction: 0x72b4c25b4d559d763d191d2c22d5706a71732fe1166872d9ffd676d550a39759
  Gas usage: 228814
  Block number: 593
  Block time: Wed Jun 10 2026 05:54:24 GMT+0900 (Korean Standard Time)

eth_chainId
eth_getTransactionReceipt
eth_getBlockByNumber
eth_chainId
eth_sendTransaction

  Transaction: 0x206b989514f0c1984b6118352f93ee4478a1272bcf35674dd48fec7a2efe5ea1
  Gas usage: 228826
  Block number: 594
  Block time: Wed Jun 10 2026 05:54:24 GMT+0900 (Korean Standard Time)

eth_chainId
eth_getTransactionReceipt
eth_getBlockByNumber
eth_chainId
eth_sendTransaction

  Transaction: 0x3d871a6b81e8fa7146f5458f8a91cb644a314b8e5d4b694ffbe8a994c4bca695
  Gas usage: 228766
  Block number: 595
  Block time: Wed Jun 10 2026 05:54:24 GMT+0900 (Korean Standard Time)

eth_chainId
eth_getTransactionReceipt
eth_getBlockByNumber
eth_chainId
eth_sendTransaction

  Transaction: 0x0302fe608c0e9f90b79147f0e189807e973941d3402dd94d3fce84d392c91222
  Gas usage: 228790
  Block number: 596
  Block time: Wed Jun 10 2026 05:54:24 GMT+0900 (Korean Standard Time)

eth_chainId
eth_getTransactionReceipt
eth_getBlockByNumber
eth_chainId
eth_sendTransaction

  Transaction: 0xcebcd8a7535db97da2bb370177bd733a6597ceba9436600c7b47bc3046a374cb
  Gas usage: 228694
  Block number: 597
  Block time: Wed Jun 10 2026 05:54:24 GMT+0900 (Korean Standard Time)

eth_chainId
eth_getTransactionReceipt
eth_getBlockByNumber
eth_chainId
eth_sendTransaction

  Transaction: 0xf5c60b521c8bd1cde22fd09d5c0ca7dfa6f6483357e4f312750199aa9f9a05ce
  Gas usage: 228658
  Block number: 598
  Block time: Wed Jun 10 2026 05:54:24 GMT+0900 (Korean Standard Time)

eth_chainId
eth_getTransactionReceipt
eth_getBlockByNumber
eth_chainId
eth_sendTransaction

  Transaction: 0xba82fdc439c685ad769c140aa81a0f863e12a6ae1e339dd2d7bbbfb141abe98e
  Gas usage: 228670
  Block number: 599
  Block time: Wed Jun 10 2026 05:54:24 GMT+0900 (Korean Standard Time)

eth_chainId
eth_getTransactionReceipt
eth_getBlockByNumber
eth_chainId
eth_sendTransaction

  Transaction: 0x4601c166e3c46eb6b56f7265b0066148c4dfa7c593cca0ccb2257098ccc6dd1f
  Gas usage: 228754
  Block number: 600
  Block time: Wed Jun 10 2026 05:54:24 GMT+0900 (Korean Standard Time)

eth_chainId
eth_getTransactionReceipt
eth_getBlockByNumber
eth_chainId
eth_sendTransaction

  Transaction: 0xaa02e33fc5942dd8118a0b807d1feb432e4afc398f88f3a5c6f12efc25603621
  Gas usage: 228790
  Block number: 601
  Block time: Wed Jun 10 2026 05:54:24 GMT+0900 (Korean Standard Time)

eth_chainId
eth_getTransactionReceipt
eth_getBlockByNumber
eth_chainId
eth_sendTransaction

  Transaction: 0x7752ba88302d50b7642c146f47158cc1342fc4cdd328a85f8ced6fbe899348d8
  Gas usage: 228766
  Block number: 602
  Block time: Wed Jun 10 2026 05:54:24 GMT+0900 (Korean Standard Time)

eth_chainId
eth_getTransactionReceipt
eth_getBlockByNumber
eth_chainId
eth_sendTransaction

  Transaction: 0xaceac280cadbc109e1b4607fc3d1f4e7762f09dd8f70882bc3429c30e27df120
  Gas usage: 228790
  Block number: 603
  Block time: Wed Jun 10 2026 05:54:24 GMT+0900 (Korean Standard Time)

eth_chainId
eth_getTransactionReceipt
eth_getBlockByNumber
eth_chainId
eth_sendTransaction

  Transaction: 0x4a2033b26f2137847f281bde2fa4f20828263028b0a7345844eaef0298357d47
  Gas usage: 228826
  Block number: 604
  Block time: Wed Jun 10 2026 05:54:24 GMT+0900 (Korean Standard Time)

eth_chainId
eth_getTransactionReceipt
eth_getBlockByNumber
eth_chainId
eth_sendTransaction

  Transaction: 0x6831d66df2cd1f91708017456b061eef67fed7bc19f67596077989c6538429db
  Gas usage: 228802
  Block number: 605
  Block time: Wed Jun 10 2026 05:54:24 GMT+0900 (Korean Standard Time)

eth_chainId
eth_getTransactionReceipt
eth_getBlockByNumber
eth_chainId
eth_sendTransaction

  Transaction: 0x0c18050244b960c50cd560e3deabc1a03eaf220350220684589fbd6023e6a683
  Gas usage: 228766
  Block number: 606
  Block time: Wed Jun 10 2026 05:54:24 GMT+0900 (Korean Standard Time)

eth_chainId
eth_getTransactionReceipt
eth_getBlockByNumber
eth_chainId
eth_sendTransaction

  Transaction: 0x1025fd0bc183d92bd69f0393a37209926f1c3ac37f550671796830a30adde4e4
  Gas usage: 228718
  Block number: 607
  Block time: Wed Jun 10 2026 05:54:24 GMT+0900 (Korean Standard Time)

eth_chainId
eth_getTransactionReceipt
eth_getBlockByNumber
eth_chainId
eth_sendTransaction

  Transaction: 0x5cc061861ccce52c6c66cd633848e2a61d4b13ca398d60e54ee3aa713a575c57
  Gas usage: 228622
  Block number: 608
  Block time: Wed Jun 10 2026 05:54:24 GMT+0900 (Korean Standard Time)

eth_chainId
eth_getTransactionReceipt
eth_getBlockByNumber
eth_chainId
eth_sendTransaction

  Transaction: 0x5fd8f0dffed6b6d5e7dcfcb230dd18feb930bf4e84685917b15f3f9c8746bc04
  Gas usage: 228730
  Block number: 609
  Block time: Wed Jun 10 2026 05:54:24 GMT+0900 (Korean Standard Time)

eth_chainId
eth_getTransactionReceipt
eth_getBlockByNumber
eth_chainId
eth_sendTransaction

  Transaction: 0x91166b656a188ce70a51ed31a4e1da9a9fff5a8e7164e26a4831008f88af33e9
  Gas usage: 228670
  Block number: 610
  Block time: Wed Jun 10 2026 05:54:24 GMT+0900 (Korean Standard Time)

eth_chainId
eth_getTransactionReceipt
eth_getBlockByNumber
eth_chainId
eth_sendTransaction

  Transaction: 0x17415993cf7077ef159dd9d815cead37d523e7d252a1898c3450d69d37077b84
  Gas usage: 228826
  Block number: 611
  Block time: Wed Jun 10 2026 05:54:24 GMT+0900 (Korean Standard Time)

eth_chainId
eth_getTransactionReceipt
eth_getBlockByNumber
eth_chainId
eth_sendTransaction

  Transaction: 0xca2d80a4f4856359cc37736b7c6531cc2356bba7690c93528f8df2f7c070c00a
  Gas usage: 228694
  Block number: 612
  Block time: Wed Jun 10 2026 05:54:24 GMT+0900 (Korean Standard Time)

eth_chainId
eth_getTransactionReceipt
eth_getBlockByNumber
eth_chainId
eth_sendTransaction

  Transaction: 0xdad0f595ed9dc068d8a8cd4f7bed12415a158b9f0665160ef542b6a34a32c147
  Gas usage: 228742
  Block number: 613
  Block time: Wed Jun 10 2026 05:54:24 GMT+0900 (Korean Standard Time)

eth_chainId
eth_getTransactionReceipt
eth_getBlockByNumber
eth_chainId
eth_sendTransaction

  Transaction: 0xb6460fce438381696c1890e92f67360c7adbbc33c2790dfddd94e6ffa1f92d0f
  Gas usage: 228706
  Block number: 614
  Block time: Wed Jun 10 2026 05:54:24 GMT+0900 (Korean Standard Time)

eth_chainId
eth_getTransactionReceipt
eth_getBlockByNumber
eth_chainId
eth_sendTransaction

  Transaction: 0x84ea3be1cdb3634cb90fb0cda90e4ecfa16138297d68a9929abb902b0fe11dcc
  Gas usage: 228730
  Block number: 615
  Block time: Wed Jun 10 2026 05:54:24 GMT+0900 (Korean Standard Time)

eth_chainId
eth_getTransactionReceipt
eth_getBlockByNumber
eth_chainId
eth_sendTransaction

  Transaction: 0x0ed16e051f64b4b2a1a02b10c52885d01af175ec11c2995e3ecaeae4751a0d07
  Gas usage: 228754
  Block number: 616
  Block time: Wed Jun 10 2026 05:54:24 GMT+0900 (Korean Standard Time)

eth_chainId
eth_getTransactionReceipt
eth_getBlockByNumber
eth_chainId
eth_sendTransaction

  Transaction: 0x3a2233ddfa28a84d72d174dd2cabb205a746bc5485e8b3a171980f8ac723c4e4
  Gas usage: 228646
  Block number: 617
  Block time: Wed Jun 10 2026 05:54:24 GMT+0900 (Korean Standard Time)

eth_chainId
eth_getTransactionReceipt
eth_getBlockByNumber
eth_chainId
eth_sendTransaction

  Transaction: 0x40d451f550807623242b968a2335442b1b9edc8d9589aef19f09225ea1f9e8b2
  Gas usage: 228694
  Block number: 618
  Block time: Wed Jun 10 2026 05:54:24 GMT+0900 (Korean Standard Time)

eth_chainId
eth_getTransactionReceipt
eth_getBlockByNumber
eth_chainId
eth_sendTransaction

  Transaction: 0xe8b3c24aec4ba797802b220e3e6916359d3a5f22963ab672f04ec59565c2668c
  Gas usage: 228838
  Block number: 619
  Block time: Wed Jun 10 2026 05:54:24 GMT+0900 (Korean Standard Time)

eth_chainId
eth_getTransactionReceipt
eth_getBlockByNumber
eth_chainId
eth_sendTransaction

  Transaction: 0x3d622ba9f17d384e2219e2b86738b6da01732174631124d524a55c19b6045958
  Gas usage: 228718
  Block number: 620
  Block time: Wed Jun 10 2026 05:54:25 GMT+0900 (Korean Standard Time)

eth_chainId
eth_getTransactionReceipt
eth_getBlockByNumber
eth_chainId
eth_sendTransaction

  Transaction: 0x62333ab7dde4b683decbd4ad14825de549e81d0a57668546e9cb6ac102f151d5
  Gas usage: 228694
  Block number: 621
  Block time: Wed Jun 10 2026 05:54:25 GMT+0900 (Korean Standard Time)

eth_chainId
eth_getTransactionReceipt
eth_getBlockByNumber
eth_chainId
eth_sendTransaction

  Transaction: 0x4c80074eedd5d616fd9795014592fe527782367b9916a84157a04d77461b60a4
  Gas usage: 228838
  Block number: 622
  Block time: Wed Jun 10 2026 05:54:25 GMT+0900 (Korean Standard Time)

eth_chainId
eth_getTransactionReceipt
eth_getBlockByNumber
eth_chainId
eth_sendTransaction

  Transaction: 0xfd5745769ddad33b7a67f8c231e56b328156464d333e2cf8fa5196042619eb20
  Gas usage: 228718
  Block number: 623
  Block time: Wed Jun 10 2026 05:54:25 GMT+0900 (Korean Standard Time)

eth_chainId
eth_getTransactionReceipt
eth_getBlockByNumber
eth_chainId
eth_sendTransaction

  Transaction: 0xdf82076ef3cfa62d04fb4a764c77f8c423466610d38faebbfff41b9a771dfd79
  Gas usage: 228802
  Block number: 624
  Block time: Wed Jun 10 2026 05:54:25 GMT+0900 (Korean Standard Time)

eth_chainId
eth_getTransactionReceipt
eth_getBlockByNumber
eth_chainId
eth_sendTransaction

  Transaction: 0x5ac6063e47abce6f8c8c9f302e4efdbaf368e3a80d34167edf741f22652a051b
  Gas usage: 228838
  Block number: 625
  Block time: Wed Jun 10 2026 05:54:25 GMT+0900 (Korean Standard Time)

eth_chainId
eth_getTransactionReceipt
eth_getBlockByNumber
eth_chainId
eth_sendTransaction

  Transaction: 0xe24a9b011a11389bfdce6b804ff95112df7683f4d6e702cc387ad916b2eb3b2f
  Gas usage: 228754
  Block number: 626
  Block time: Wed Jun 10 2026 05:54:25 GMT+0900 (Korean Standard Time)

eth_chainId
eth_getTransactionReceipt
eth_getBlockByNumber
eth_chainId
eth_sendTransaction

  Transaction: 0xcbd81b37d48c2182eb1c02a462971051f6bc21363b4e243e3d00577294a5c2d7
  Gas usage: 228658
  Block number: 627
  Block time: Wed Jun 10 2026 05:54:25 GMT+0900 (Korean Standard Time)

eth_chainId
eth_getTransactionReceipt
eth_getBlockByNumber
eth_chainId
eth_sendTransaction

  Transaction: 0x070c11947f63bc032a6f7f19341b20713aed8422f85f802b38941eef70e3e1a0
  Gas usage: 228706
  Block number: 628
  Block time: Wed Jun 10 2026 05:54:25 GMT+0900 (Korean Standard Time)

eth_chainId
eth_getTransactionReceipt
eth_getBlockByNumber
eth_chainId
eth_sendTransaction

  Transaction: 0x9776788dc77d6644179b1f296f4dc949a3a2bb05a29a520494753c7b88fa1862
  Gas usage: 228718
  Block number: 629
  Block time: Wed Jun 10 2026 05:54:25 GMT+0900 (Korean Standard Time)

eth_chainId
eth_getTransactionReceipt
eth_getBlockByNumber
eth_chainId
eth_sendTransaction

  Transaction: 0xa64c0fa658bb32fa5f1bc08f970390e72641a0c451d3545f36b04ed10e226ee0
  Gas usage: 228742
  Block number: 630
  Block time: Wed Jun 10 2026 05:54:25 GMT+0900 (Korean Standard Time)

eth_chainId
eth_getTransactionReceipt
eth_getBlockByNumber
eth_chainId
eth_sendTransaction

  Transaction: 0xf43d561f367c25bea7e68cdd7f84aaad3f8a367d17ef548045dc5b86142d0558
  Gas usage: 228706
  Block number: 631
  Block time: Wed Jun 10 2026 05:54:25 GMT+0900 (Korean Standard Time)

eth_chainId
eth_getTransactionReceipt
eth_getBlockByNumber
eth_chainId
eth_sendTransaction

  Transaction: 0x3481e551288a297559a4a63ec0abb035c4210f3bfac43ed818c51a5c4e950d20
  Gas usage: 228754
  Block number: 632
  Block time: Wed Jun 10 2026 05:54:25 GMT+0900 (Korean Standard Time)

eth_chainId
eth_getTransactionReceipt
eth_getBlockByNumber
eth_chainId
eth_sendTransaction

  Transaction: 0xad2b2f749f00bc1b7686fb57c08416c67ef1ecbf265a5a3109523e8f6d97cb7a
  Gas usage: 228742
  Block number: 633
  Block time: Wed Jun 10 2026 05:54:25 GMT+0900 (Korean Standard Time)

eth_chainId
eth_getTransactionReceipt
eth_getBlockByNumber
eth_chainId
eth_sendTransaction

  Transaction: 0x29bf64f426002b50bc4399dd54b2b80532c273f5510b7e668e440bffae4a3662
  Gas usage: 228706
  Block number: 634
  Block time: Wed Jun 10 2026 05:54:25 GMT+0900 (Korean Standard Time)

eth_chainId
eth_getTransactionReceipt
eth_getBlockByNumber
eth_chainId
eth_sendTransaction

  Transaction: 0x95c6aabd4730c8bfd873a2e651f0bf1fefe5dd0202bf140ac6cd1ca467f654c5
  Gas usage: 228670
  Block number: 635
  Block time: Wed Jun 10 2026 05:54:25 GMT+0900 (Korean Standard Time)

eth_chainId
eth_getTransactionReceipt
eth_getBlockByNumber
eth_chainId
eth_sendTransaction

  Transaction: 0x0e316a1543bf1f5ca996c43244105011091b2b85f480ec0b56a0601a35e6fe7d
  Gas usage: 228718
  Block number: 636
  Block time: Wed Jun 10 2026 05:54:25 GMT+0900 (Korean Standard Time)

eth_chainId
eth_getTransactionReceipt
eth_getBlockByNumber
eth_chainId
eth_sendTransaction

  Transaction: 0x1a7c0a15dc843d7dd1125a8dc8b1ada68b923593c6417aea607f5cafb9c0ffac
  Gas usage: 228730
  Block number: 637
  Block time: Wed Jun 10 2026 05:54:25 GMT+0900 (Korean Standard Time)

eth_chainId
eth_getTransactionReceipt
eth_getBlockByNumber
eth_chainId
eth_sendTransaction

  Transaction: 0x1b908d07a8f256aa72ada5c0ea8ad19cd020fdc4c4c6f1a426fa488e377fa2c8
  Gas usage: 228694
  Block number: 638
  Block time: Wed Jun 10 2026 05:54:25 GMT+0900 (Korean Standard Time)

eth_chainId
eth_getTransactionReceipt
eth_getBlockByNumber
eth_chainId
eth_sendTransaction

  Transaction: 0x690c825af879295eac1350382cc76f82a516df987ad4c60ac91793b8b2ee29b5
  Gas usage: 228778
  Block number: 639
  Block time: Wed Jun 10 2026 05:54:25 GMT+0900 (Korean Standard Time)

eth_chainId
eth_getTransactionReceipt
eth_getBlockByNumber
eth_chainId
eth_sendTransaction

  Transaction: 0x301369f290f629c69d1b42c19ba7c7a3712533247ca542af1c6f0bd4eea61ac2
  Gas usage: 228718
  Block number: 640
  Block time: Wed Jun 10 2026 05:54:25 GMT+0900 (Korean Standard Time)

eth_chainId
eth_getTransactionReceipt
eth_getBlockByNumber
eth_chainId
eth_sendTransaction

  Transaction: 0x51d6f94b23bd7a22924ce534b46c75b0c46769e534e8b4813560f26aa8a4b241
  Gas usage: 228742
  Block number: 641
  Block time: Wed Jun 10 2026 05:54:25 GMT+0900 (Korean Standard Time)

eth_chainId
eth_getTransactionReceipt
eth_getBlockByNumber
eth_chainId
eth_sendTransaction

  Transaction: 0xcc4799797c9ecb4c5fc43ab82a23581f5534f1213fa3a66ff8272e5254481104
  Gas usage: 228718
  Block number: 642
  Block time: Wed Jun 10 2026 05:54:25 GMT+0900 (Korean Standard Time)

eth_chainId
eth_getTransactionReceipt
eth_getBlockByNumber
eth_chainId
eth_sendTransaction

  Transaction: 0x71cd4cb3c57995b223826e7f7177f8a7afc5b9208ef3d76678f78e1f3a5611b1
  Gas usage: 228706
  Block number: 643
  Block time: Wed Jun 10 2026 05:54:25 GMT+0900 (Korean Standard Time)

eth_chainId
eth_getTransactionReceipt
eth_getBlockByNumber
eth_chainId
eth_sendTransaction

  Transaction: 0x81386611d92bfb694a3fb95beaaeae0102de20e68a647caf303a52bc841d7cd0
  Gas usage: 228814
  Block number: 644
  Block time: Wed Jun 10 2026 05:54:25 GMT+0900 (Korean Standard Time)

eth_chainId
eth_getTransactionReceipt
eth_getBlockByNumber
eth_chainId
eth_sendTransaction

  Transaction: 0x5efaad55256254705a064bbb9c8cd9152940a945cd46e8eff33188854d31f388
  Gas usage: 228742
  Block number: 645
  Block time: Wed Jun 10 2026 05:54:25 GMT+0900 (Korean Standard Time)

eth_chainId
eth_getTransactionReceipt
eth_getBlockByNumber
eth_chainId
eth_sendTransaction

  Transaction: 0xd249703733227fc8914fb492fda6ed6687fb9fa045b1603a54e42ab2134afc00
  Gas usage: 228742
  Block number: 646
  Block time: Wed Jun 10 2026 05:54:25 GMT+0900 (Korean Standard Time)

eth_chainId
eth_getTransactionReceipt
eth_getBlockByNumber
eth_chainId
eth_sendTransaction

  Transaction: 0x2e22cc74ea243d7e78c515d76783c914db434d4f69b4df21fc94b7e772914fec
  Gas usage: 228742
  Block number: 647
  Block time: Wed Jun 10 2026 05:54:25 GMT+0900 (Korean Standard Time)

eth_chainId
eth_getTransactionReceipt
eth_getBlockByNumber
eth_chainId
eth_sendTransaction

  Transaction: 0x80f0e7ab7c2476c6af5705780386a0daefbba311b03a7482687edfd90618630b
  Gas usage: 228814
  Block number: 648
  Block time: Wed Jun 10 2026 05:54:25 GMT+0900 (Korean Standard Time)

eth_chainId
eth_getTransactionReceipt
eth_getBlockByNumber
eth_chainId
eth_sendTransaction

  Transaction: 0x8fc57119c62e44b1b4fb4a073246704136b0ce2862339b07f06b7677e2ff0397
  Gas usage: 228754
  Block number: 649
  Block time: Wed Jun 10 2026 05:54:25 GMT+0900 (Korean Standard Time)

eth_chainId
eth_getTransactionReceipt
eth_getBlockByNumber
eth_chainId
eth_sendTransaction

  Transaction: 0x9dd022c1bc8ba7939fc83252c4d18650140679f05c8ce59929d146ea8cf0d9ee
  Gas usage: 228658
  Block number: 650
  Block time: Wed Jun 10 2026 05:54:25 GMT+0900 (Korean Standard Time)

eth_chainId
eth_getTransactionReceipt
eth_getBlockByNumber
eth_chainId
eth_sendTransaction

  Transaction: 0x7963db8474ff3e0f9105bf6301863e208eb9ceebefad1284d8816e82a013f55d
  Gas usage: 228874
  Block number: 651
  Block time: Wed Jun 10 2026 05:54:25 GMT+0900 (Korean Standard Time)

eth_chainId
eth_getTransactionReceipt
eth_getBlockByNumber
eth_chainId
eth_sendTransaction

  Transaction: 0x3cb0d737e700cb57334546285ff50ba8c9b55a05418729acc419dc34b95a1725
  Gas usage: 228814
  Block number: 652
  Block time: Wed Jun 10 2026 05:54:25 GMT+0900 (Korean Standard Time)

eth_chainId
eth_getTransactionReceipt
eth_getBlockByNumber
eth_chainId
eth_sendTransaction

  Transaction: 0x0353115e5fed89bdbc15a45e52d2f5ff966335dff0f29efd90982b2654d937be
  Gas usage: 228742
  Block number: 653
  Block time: Wed Jun 10 2026 05:54:25 GMT+0900 (Korean Standard Time)

eth_chainId
eth_getTransactionReceipt
eth_getBlockByNumber
eth_chainId
eth_sendTransaction

  Transaction: 0xc46517f074ffe861b75130cbcedca63e00796b65c8a0a1a30184eb94cc81c730
  Gas usage: 228706
  Block number: 654
  Block time: Wed Jun 10 2026 05:54:25 GMT+0900 (Korean Standard Time)

eth_chainId
eth_getTransactionReceipt
eth_getBlockByNumber
eth_chainId
eth_sendTransaction

  Transaction: 0x69755cf2b80f68c4c1f2d9486e37ff7cac8cbb1cf64cc665b8474a910901b8ca
  Gas usage: 228658
  Block number: 655
  Block time: Wed Jun 10 2026 05:54:25 GMT+0900 (Korean Standard Time)

eth_chainId
eth_getTransactionReceipt
eth_getBlockByNumber
eth_chainId
eth_sendTransaction

  Transaction: 0x16475fce4464d8f52290bb7e74f1656ee23bd15b30c8dc7b02382f61c9982c62
  Gas usage: 228754
  Block number: 656
  Block time: Wed Jun 10 2026 05:54:26 GMT+0900 (Korean Standard Time)

eth_chainId
eth_getTransactionReceipt
eth_getBlockByNumber
eth_chainId
eth_sendTransaction

  Transaction: 0x41c04e4720ee37a891f3d9f6652ac07f5be615b0340f52176cf52cb135e6bf77
  Gas usage: 228706
  Block number: 657
  Block time: Wed Jun 10 2026 05:54:26 GMT+0900 (Korean Standard Time)

eth_chainId
eth_getTransactionReceipt
eth_getBlockByNumber
eth_chainId
eth_sendTransaction

  Transaction: 0x731211835e00a4b87287ec7f7dc097eb2d68ec1485c1e897b8a8895c6d5fcea1
  Gas usage: 228766
  Block number: 658
  Block time: Wed Jun 10 2026 05:54:26 GMT+0900 (Korean Standard Time)

eth_chainId
eth_getTransactionReceipt
eth_getBlockByNumber
eth_chainId
eth_sendTransaction

  Transaction: 0x568a363f7089a38cec8dfb138bc9e7fcbe2672d12200b19185d510999fbce4f2
  Gas usage: 228682
  Block number: 659
  Block time: Wed Jun 10 2026 05:54:26 GMT+0900 (Korean Standard Time)

eth_chainId
eth_getTransactionReceipt
eth_getBlockByNumber
eth_chainId
eth_sendTransaction

  Transaction: 0xee8422df05cffb57e126e8cff55667fbb204aa1a2c2da1ec9ead5276cb21bef0
  Gas usage: 228754
  Block number: 660
  Block time: Wed Jun 10 2026 05:54:26 GMT+0900 (Korean Standard Time)

eth_chainId
eth_getTransactionReceipt
eth_getBlockByNumber
eth_chainId
eth_sendTransaction

  Transaction: 0xf3938894008b4c433124f82a84cf44333de3491b49b073d83f54eac2a04add9b
  Gas usage: 228886
  Block number: 661
  Block time: Wed Jun 10 2026 05:54:26 GMT+0900 (Korean Standard Time)

eth_chainId
eth_getTransactionReceipt
eth_getBlockByNumber
eth_chainId
eth_sendTransaction

  Transaction: 0x3a9426f5f42b17a6a593c028e6f5db2443ce051c71baa01785573a68d60172c9
  Gas usage: 228778
  Block number: 662
  Block time: Wed Jun 10 2026 05:54:26 GMT+0900 (Korean Standard Time)

eth_chainId
eth_getTransactionReceipt
eth_getBlockByNumber
eth_chainId
eth_sendTransaction

  Transaction: 0xae59466178f3755d509048c2f9fcc14d5a01da2993052711b5a8ad2a3c81c05f
  Gas usage: 228826
  Block number: 663
  Block time: Wed Jun 10 2026 05:54:26 GMT+0900 (Korean Standard Time)

eth_chainId
eth_getTransactionReceipt
eth_getBlockByNumber
eth_chainId
eth_sendTransaction

  Transaction: 0xbda6c2a1039070fae5c24ceb045125b3374a4272958a21a758f307e4b70e0bbc
  Gas usage: 228778
  Block number: 664
  Block time: Wed Jun 10 2026 05:54:26 GMT+0900 (Korean Standard Time)

eth_chainId
eth_getTransactionReceipt
eth_getBlockByNumber
eth_chainId
eth_sendTransaction

  Transaction: 0x1d3f6d26ad5de7f6875b2d1e379e084e3e3fe8a5a23cfcff961166d6fc0b2b54
  Gas usage: 228874
  Block number: 665
  Block time: Wed Jun 10 2026 05:54:26 GMT+0900 (Korean Standard Time)

eth_chainId
eth_getTransactionReceipt
eth_getBlockByNumber
eth_chainId
eth_sendTransaction

  Transaction: 0x887df99f62c6f149d74edb6b3359892bfbd646b101afedeba296491ad6941219
  Gas usage: 228730
  Block number: 666
  Block time: Wed Jun 10 2026 05:54:26 GMT+0900 (Korean Standard Time)

eth_chainId
eth_getTransactionReceipt
eth_getBlockByNumber
eth_chainId
eth_sendTransaction

  Transaction: 0xa4038e3a05e348b330a5e14e34866d31cb642bcaa0d987aa89ced40605cae3c9
  Gas usage: 228718
  Block number: 667
  Block time: Wed Jun 10 2026 05:54:26 GMT+0900 (Korean Standard Time)

eth_chainId
eth_getTransactionReceipt
eth_getBlockByNumber
eth_chainId
eth_sendTransaction

  Transaction: 0x98d3073efb06e9109236c7f3f76ef2da4049e9a37be8e4bb65e24e6b84aa15d9
  Gas usage: 228766
  Block number: 668
  Block time: Wed Jun 10 2026 05:54:26 GMT+0900 (Korean Standard Time)

eth_chainId
eth_getTransactionReceipt
eth_getBlockByNumber
eth_chainId
eth_sendTransaction

  Transaction: 0x7d31328e35b2744d0abcf808eb4186b0084b3a806723497d522bceb5d74228eb
  Gas usage: 228730
  Block number: 669
  Block time: Wed Jun 10 2026 05:54:26 GMT+0900 (Korean Standard Time)

eth_chainId
eth_getTransactionReceipt
eth_getBlockByNumber
eth_chainId
eth_sendTransaction

  Transaction: 0xfad7afc6c1af3332513ac772182b92be4b0c5880bc0b5f505a5a50d3886ccad5
  Gas usage: 273453
  Block number: 670
  Block time: Wed Jun 10 2026 05:54:26 GMT+0900 (Korean Standard Time)

eth_chainId
eth_getTransactionReceipt
eth_getBlockByNumber
eth_chainId
eth_sendTransaction

  Transaction: 0x3ab7921fb2294f8cce1a619b86ffec7842fad16b9fb9ff2de44ec26d3cdfd941
  Gas usage: 228742
  Block number: 671
  Block time: Wed Jun 10 2026 05:54:26 GMT+0900 (Korean Standard Time)

eth_chainId
eth_getTransactionReceipt
eth_getBlockByNumber
eth_chainId
eth_sendTransaction

  Transaction: 0x6e98f2385cf56ebcee44b420c160c617ecbeb40ccd74dd37504a3c1a6d9e541c
  Gas usage: 228778
  Block number: 672
  Block time: Wed Jun 10 2026 05:54:26 GMT+0900 (Korean Standard Time)

eth_chainId
eth_getTransactionReceipt
eth_getBlockByNumber
eth_chainId
eth_sendTransaction

  Transaction: 0x6b5894a611302cb694eafd7bcdcf66daad7a4a2e2b6fdd283dde5b10e846aede
  Gas usage: 228802
  Block number: 673
  Block time: Wed Jun 10 2026 05:54:26 GMT+0900 (Korean Standard Time)

eth_chainId
eth_getTransactionReceipt
eth_getBlockByNumber
eth_chainId
eth_sendTransaction

  Transaction: 0x183fbf0dfe2a9304cf0c1c98f2a3a7f7dc52a24bbc1da1c2fc38a64a66523cb3
  Gas usage: 228790
  Block number: 674
  Block time: Wed Jun 10 2026 05:54:26 GMT+0900 (Korean Standard Time)

eth_chainId
eth_getTransactionReceipt
eth_getBlockByNumber
eth_chainId
eth_sendTransaction

  Transaction: 0xfedaac4604285c62d7db6d46a21099567806df92f07984ccd5d9c42ca6d530b9
  Gas usage: 228718
  Block number: 675
  Block time: Wed Jun 10 2026 05:54:26 GMT+0900 (Korean Standard Time)

eth_chainId
eth_getTransactionReceipt
eth_getBlockByNumber
eth_chainId
eth_sendTransaction

  Transaction: 0x75fa1c310d59aa9ceb65fb9244e8b8347e3ae5d21a8e09a9f1516aa64a34cf56
  Gas usage: 228814
  Block number: 676
  Block time: Wed Jun 10 2026 05:54:26 GMT+0900 (Korean Standard Time)

eth_chainId
eth_getTransactionReceipt
eth_getBlockByNumber
eth_chainId
eth_sendTransaction

  Transaction: 0x3492435015ac0bcbb02f441de1d63966537fd58b0ec91cfc63e1d2f428e5a6b1
  Gas usage: 228754
  Block number: 677
  Block time: Wed Jun 10 2026 05:54:26 GMT+0900 (Korean Standard Time)

eth_chainId
eth_getTransactionReceipt
eth_getBlockByNumber
eth_chainId
eth_sendTransaction

  Transaction: 0xf9424300bcc49e1c98c88f97aca92f8bad39108365c8d34382a1792a5a2da12e
  Gas usage: 228694
  Block number: 678
  Block time: Wed Jun 10 2026 05:54:26 GMT+0900 (Korean Standard Time)

eth_chainId
eth_getTransactionReceipt
eth_getBlockByNumber
eth_chainId
eth_sendTransaction

  Transaction: 0xefca3bb9298f77fe4671066df0e74449ac19d7c8e2e35a45937e8c482e8a38e2
  Gas usage: 228754
  Block number: 679
  Block time: Wed Jun 10 2026 05:54:26 GMT+0900 (Korean Standard Time)

eth_chainId
eth_getTransactionReceipt
eth_getBlockByNumber
eth_chainId
eth_sendTransaction

  Transaction: 0x55720f1c41b29cdf22c7f43436bda858dd11af8769cd85f0ec7dc3e1a9828109
  Gas usage: 228718
  Block number: 680
  Block time: Wed Jun 10 2026 05:54:26 GMT+0900 (Korean Standard Time)

eth_chainId
eth_getTransactionReceipt
eth_getBlockByNumber
eth_chainId
eth_sendTransaction

  Transaction: 0xf166ac8b1f59da84bfb9de351ab4e891ae78a82551f8a04cb529a64c99d1098a
  Gas usage: 228778
  Block number: 681
  Block time: Wed Jun 10 2026 05:54:26 GMT+0900 (Korean Standard Time)

eth_chainId
eth_getTransactionReceipt
eth_getBlockByNumber
eth_chainId
eth_sendTransaction

  Transaction: 0x193d2f5903d328fd6e034e87f5f7a69eea344c1541a03a2c1940184b43797089
  Gas usage: 228718
  Block number: 682
  Block time: Wed Jun 10 2026 05:54:26 GMT+0900 (Korean Standard Time)

eth_chainId
eth_getTransactionReceipt
eth_getBlockByNumber
eth_chainId
eth_sendTransaction

  Transaction: 0xbbe6039410c6de149eb29e621d9524147c8bb4f5c88b8070d34229d23d41d3c4
  Gas usage: 228766
  Block number: 683
  Block time: Wed Jun 10 2026 05:54:26 GMT+0900 (Korean Standard Time)

eth_chainId
eth_getTransactionReceipt
eth_getBlockByNumber
eth_chainId
eth_sendTransaction

  Transaction: 0xdccb0622e6c67b9598f19c523c2d68ccf864cc59cd89bd3097c7e9ecfbced43e
  Gas usage: 228646
  Block number: 684
  Block time: Wed Jun 10 2026 05:54:26 GMT+0900 (Korean Standard Time)

eth_chainId
eth_getTransactionReceipt
eth_getBlockByNumber
eth_chainId
eth_sendTransaction

  Transaction: 0x84b0280b762540931698df38c3ae5bc49471c3eda9ca7f91b96627449b0b33df
  Gas usage: 228766
  Block number: 685
  Block time: Wed Jun 10 2026 05:54:26 GMT+0900 (Korean Standard Time)

eth_chainId
eth_getTransactionReceipt
eth_getBlockByNumber
eth_chainId
eth_sendTransaction

  Transaction: 0x5c1d46d81f477524d1f8043dae8f62db56b3f0b60ede05c410de09cef0ee34ad
  Gas usage: 228754
  Block number: 686
  Block time: Wed Jun 10 2026 05:54:26 GMT+0900 (Korean Standard Time)

eth_chainId
eth_getTransactionReceipt
eth_getBlockByNumber
eth_chainId
eth_sendTransaction

  Transaction: 0xa8f33466136de81377add581fbdd6f9f0caa874ec4753544da4a94866122da8b
  Gas usage: 228790
  Block number: 687
  Block time: Wed Jun 10 2026 05:54:26 GMT+0900 (Korean Standard Time)

eth_chainId
eth_getTransactionReceipt
eth_getBlockByNumber
eth_chainId
eth_sendTransaction

  Transaction: 0x0711db7ccea2c3d2af16e193b36d3fea9a277316163b99e4c85b5905185d733d
  Gas usage: 228730
  Block number: 688
  Block time: Wed Jun 10 2026 05:54:26 GMT+0900 (Korean Standard Time)

eth_chainId
eth_getTransactionReceipt
eth_getBlockByNumber
eth_chainId
eth_sendTransaction

  Transaction: 0x84d7eeb55b9f17ce6921b307568260ba6615d02d76e3cd70f60d35d58589a872
  Gas usage: 228802
  Block number: 689
  Block time: Wed Jun 10 2026 05:54:26 GMT+0900 (Korean Standard Time)

eth_chainId
eth_getTransactionReceipt
eth_getBlockByNumber
eth_chainId
eth_sendTransaction

  Transaction: 0x577728d0431c40bc6957c40889edd5559350b556f3a94a509e34dbbcf04c2aea
  Gas usage: 228718
  Block number: 690
  Block time: Wed Jun 10 2026 05:54:26 GMT+0900 (Korean Standard Time)

eth_chainId
eth_getTransactionReceipt
eth_getBlockByNumber
eth_chainId
eth_sendTransaction

  Transaction: 0x33edbb16ad3a13ca8c98f7fc153f048b5bacc5df9e2881af9b719f412f555930
  Gas usage: 228718
  Block number: 691
  Block time: Wed Jun 10 2026 05:54:27 GMT+0900 (Korean Standard Time)

eth_chainId
eth_getTransactionReceipt
eth_getBlockByNumber
eth_chainId
eth_sendTransaction

  Transaction: 0x3d22946e6795104b2af930d08107a63ec182e03fd4a909bae4590d9ec9adade9
  Gas usage: 228754
  Block number: 692
  Block time: Wed Jun 10 2026 05:54:27 GMT+0900 (Korean Standard Time)

eth_chainId
eth_getTransactionReceipt
eth_getBlockByNumber
eth_chainId
eth_sendTransaction

  Transaction: 0x79adaf364ac5d3ff18f3bf11592935827a88e7b059e400f2c8f46f95e47e16b3
  Gas usage: 228754
  Block number: 693
  Block time: Wed Jun 10 2026 05:54:27 GMT+0900 (Korean Standard Time)

eth_chainId
eth_getTransactionReceipt
eth_getBlockByNumber
eth_chainId
eth_sendTransaction

  Transaction: 0xcf443acdc733529ea52c8815e55e7967fe8adaea857b6fb832270a734296e857
  Gas usage: 228694
  Block number: 694
  Block time: Wed Jun 10 2026 05:54:27 GMT+0900 (Korean Standard Time)

eth_chainId
eth_getTransactionReceipt
eth_getBlockByNumber
eth_chainId
eth_sendTransaction

  Transaction: 0xfd2623a7a11dee8927c855158faef652a42ced14675aa03e191679bf3a731407
  Gas usage: 228718
  Block number: 695
  Block time: Wed Jun 10 2026 05:54:27 GMT+0900 (Korean Standard Time)

eth_chainId
eth_getTransactionReceipt
eth_getBlockByNumber
eth_chainId
eth_sendTransaction

  Transaction: 0x4e723ffbf66d2c2c873efc7e12a849efd7aafe9fb48fc7c7446caaaeaeeee71f
  Gas usage: 228766
  Block number: 696
  Block time: Wed Jun 10 2026 05:54:27 GMT+0900 (Korean Standard Time)

eth_chainId
eth_getTransactionReceipt
eth_getBlockByNumber
eth_chainId
eth_sendTransaction

  Transaction: 0xa58331b9f483f2fe8cbafc1c3cc7d7892f0257c0589232073278464fc5dc51c2
  Gas usage: 228670
  Block number: 697
  Block time: Wed Jun 10 2026 05:54:27 GMT+0900 (Korean Standard Time)

eth_chainId
eth_getTransactionReceipt
eth_getBlockByNumber
eth_chainId
eth_sendTransaction

  Transaction: 0xf0e7f61229b67f1b9df750ee7b73990e0a553c81d0606b4d70e0c552408f912e
  Gas usage: 228790
  Block number: 698
  Block time: Wed Jun 10 2026 05:54:27 GMT+0900 (Korean Standard Time)

eth_chainId
eth_getTransactionReceipt
eth_getBlockByNumber
eth_chainId
eth_sendTransaction

  Transaction: 0x64c9d5bcd3641c5c280ad83d333b69d1581393fc560f17ba768968ba9bc9d111
  Gas usage: 228658
  Block number: 699
  Block time: Wed Jun 10 2026 05:54:27 GMT+0900 (Korean Standard Time)

eth_chainId
eth_getTransactionReceipt
eth_getBlockByNumber
eth_chainId
eth_sendTransaction

  Transaction: 0xc4925b335d3874a3eb7e1cd45b6821fe7c7b4d47ccfe4b606de783ecffac0a62
  Gas usage: 228754
  Block number: 700
  Block time: Wed Jun 10 2026 05:54:27 GMT+0900 (Korean Standard Time)

eth_chainId
eth_getTransactionReceipt
eth_getBlockByNumber
eth_chainId
eth_sendTransaction

  Transaction: 0x8276541864416801b805e1aaf4a0bd78d77877c3c3131b4c3b5450369cd37478
  Gas usage: 228814
  Block number: 701
  Block time: Wed Jun 10 2026 05:54:27 GMT+0900 (Korean Standard Time)

eth_chainId
eth_getTransactionReceipt
eth_getBlockByNumber
eth_chainId
eth_sendTransaction

  Transaction: 0xee7ce63536d530e9d4b18692d3536122e2dee9be5192af4788f088ee63f0dde3
  Gas usage: 228694
  Block number: 702
  Block time: Wed Jun 10 2026 05:54:27 GMT+0900 (Korean Standard Time)

eth_chainId
eth_getTransactionReceipt
eth_getBlockByNumber
eth_chainId
eth_sendTransaction

  Transaction: 0x63e789c15e8378457fc60cbfd43b0f2a4a302bead95bf5756f715c5b14110006
  Gas usage: 228646
  Block number: 703
  Block time: Wed Jun 10 2026 05:54:27 GMT+0900 (Korean Standard Time)

eth_chainId
eth_getTransactionReceipt
eth_getBlockByNumber
eth_chainId
eth_sendTransaction

  Transaction: 0xbd9aaa363a52752f919aaf58eb28029a336fb4cf98ae39b16ae7beda6737be33
  Gas usage: 228766
  Block number: 704
  Block time: Wed Jun 10 2026 05:54:27 GMT+0900 (Korean Standard Time)

eth_chainId
eth_getTransactionReceipt
eth_getBlockByNumber
eth_chainId
eth_sendTransaction

  Transaction: 0xef6ccbf558bd6ac1b7caf46960bbc3ad36ac242eb0a77136320bc62a2e227c19
  Gas usage: 228814
  Block number: 705
  Block time: Wed Jun 10 2026 05:54:27 GMT+0900 (Korean Standard Time)

eth_chainId
eth_getTransactionReceipt
eth_getBlockByNumber
eth_chainId
eth_sendTransaction

  Transaction: 0x04e0229fec74dc143f7629ae39c7636c573db9137c349335a4e80389f9b0f089
  Gas usage: 228754
  Block number: 706
  Block time: Wed Jun 10 2026 05:54:27 GMT+0900 (Korean Standard Time)

eth_chainId
eth_getTransactionReceipt
eth_getBlockByNumber
eth_chainId
eth_sendTransaction

  Transaction: 0x774c37d076f3a664632c208c951937943fe42334488afd6a4b7f2cbc4bf5a9a5
  Gas usage: 228886
  Block number: 707
  Block time: Wed Jun 10 2026 05:54:27 GMT+0900 (Korean Standard Time)

eth_chainId
eth_getTransactionReceipt
eth_getBlockByNumber
eth_chainId
eth_sendTransaction

  Transaction: 0x0583d5204ba96428f9a5919ffd6e0a9aa3b4c4fcdf9cfa55c76dfac4390b716f
  Gas usage: 228778
  Block number: 708
  Block time: Wed Jun 10 2026 05:54:27 GMT+0900 (Korean Standard Time)

eth_chainId
eth_getTransactionReceipt
eth_getBlockByNumber
eth_chainId
eth_sendTransaction

  Transaction: 0xff7de830e949532f247f01ddc9f947f793a91272c0f8b3f560bd8bc74830d398
  Gas usage: 228766
  Block number: 709
  Block time: Wed Jun 10 2026 05:54:27 GMT+0900 (Korean Standard Time)

eth_chainId
eth_getTransactionReceipt
eth_getBlockByNumber
eth_chainId
eth_sendTransaction

  Transaction: 0x06e34f366a6acf4f91c56552ecb23175cc9c8281b85d2719408e0eadacfd8ebe
  Gas usage: 228718
  Block number: 710
  Block time: Wed Jun 10 2026 05:54:27 GMT+0900 (Korean Standard Time)

eth_chainId
eth_getTransactionReceipt
eth_getBlockByNumber
eth_chainId
eth_sendTransaction

  Transaction: 0x91f5bb777b179de4b705c3157ea6919d12d5842339f7887050515422fc77408a
  Gas usage: 228706
  Block number: 711
  Block time: Wed Jun 10 2026 05:54:27 GMT+0900 (Korean Standard Time)

eth_chainId
eth_getTransactionReceipt
eth_getBlockByNumber
eth_chainId
eth_sendTransaction

  Transaction: 0x214a705c55a6d2258fde994c9a6ed82c84df7ad007b4120153403edeb1a63ac5
  Gas usage: 228898
  Block number: 712
  Block time: Wed Jun 10 2026 05:54:27 GMT+0900 (Korean Standard Time)

eth_chainId
eth_getTransactionReceipt
eth_getBlockByNumber
eth_chainId
eth_sendTransaction

  Transaction: 0x328390efb69801708a9e876c58791c4247c421f83f02ef66a4deb0dfc1ef3403
  Gas usage: 228658
  Block number: 713
  Block time: Wed Jun 10 2026 05:54:27 GMT+0900 (Korean Standard Time)

eth_chainId
eth_getTransactionReceipt
eth_getBlockByNumber
eth_chainId
eth_sendTransaction

  Transaction: 0x8a26be5821f1d2c1a2ecd3e45018966fe4bb50c9071f98e77e281606f3c56952
  Gas usage: 228778
  Block number: 714
  Block time: Wed Jun 10 2026 05:54:27 GMT+0900 (Korean Standard Time)

eth_chainId
eth_getTransactionReceipt
eth_getBlockByNumber
eth_chainId
eth_sendTransaction

  Transaction: 0x5dff406ae1f913fc4eaa6ec037c290a05a35d039216f4235fcb197bcb6117ccc
  Gas usage: 228730
  Block number: 715
  Block time: Wed Jun 10 2026 05:54:27 GMT+0900 (Korean Standard Time)

eth_chainId
eth_getTransactionReceipt
eth_getBlockByNumber
eth_chainId
eth_sendTransaction

  Transaction: 0x8133c564b281634ddb3a7ec1c3915b07d94bcb864dbd3de34ef3c063bcac8d72
  Gas usage: 228718
  Block number: 716
  Block time: Wed Jun 10 2026 05:54:27 GMT+0900 (Korean Standard Time)

eth_chainId
eth_getTransactionReceipt
eth_getBlockByNumber
eth_chainId
eth_sendTransaction

  Transaction: 0x2b2f0fc474762feb7f911fe8277c4b3eae42fe2e881884d7ae15f0f22f6127a6
  Gas usage: 228682
  Block number: 717
  Block time: Wed Jun 10 2026 05:54:27 GMT+0900 (Korean Standard Time)

eth_chainId
eth_getTransactionReceipt
eth_getBlockByNumber
eth_chainId
eth_sendTransaction

  Transaction: 0xc1cf8c38ce9b9015ddf349aa62658ff68933c35e37b6759648638800d71d45a7
  Gas usage: 228718
  Block number: 718
  Block time: Wed Jun 10 2026 05:54:27 GMT+0900 (Korean Standard Time)

eth_chainId
eth_getTransactionReceipt
eth_getBlockByNumber
eth_chainId
eth_sendTransaction

  Transaction: 0x04db06c46a697f21a7643abb78ae3e88e7eae180b9db47737b985b868ec8d3a4
  Gas usage: 228826
  Block number: 719
  Block time: Wed Jun 10 2026 05:54:27 GMT+0900 (Korean Standard Time)

eth_chainId
eth_getTransactionReceipt
eth_getBlockByNumber
eth_chainId
eth_sendTransaction

  Transaction: 0xb0e29c425c31e1524150cdd49d6e2bdc448affb5ab603d8d41125dff059f9794
  Gas usage: 228718
  Block number: 720
  Block time: Wed Jun 10 2026 05:54:27 GMT+0900 (Korean Standard Time)

eth_chainId
eth_getTransactionReceipt
eth_getBlockByNumber
eth_chainId
eth_sendTransaction

  Transaction: 0xee9a0d9a23d723c8b2910472c8f83059622dc4ae3c85f8eb67e9b4dd859f1570
  Gas usage: 228742
  Block number: 721
  Block time: Wed Jun 10 2026 05:54:27 GMT+0900 (Korean Standard Time)

eth_chainId
eth_getTransactionReceipt
eth_getBlockByNumber
eth_chainId
eth_sendTransaction

  Transaction: 0x7202fbf1e8100f1887d3c3596cae10292564a8864ea015dfa1485007c3700782
  Gas usage: 228790
  Block number: 722
  Block time: Wed Jun 10 2026 05:54:27 GMT+0900 (Korean Standard Time)

eth_chainId
eth_getTransactionReceipt
eth_getBlockByNumber
eth_chainId
eth_sendTransaction

  Transaction: 0x4a308f123b43536be03eca65f66878b24de816e9b5a6177695650015177b6f86
  Gas usage: 228766
  Block number: 723
  Block time: Wed Jun 10 2026 05:54:27 GMT+0900 (Korean Standard Time)

eth_chainId
eth_getTransactionReceipt
eth_getBlockByNumber
eth_chainId
eth_sendTransaction

  Transaction: 0xea3553bb0108b0dab13eabdcc3f025cb5e8948f23de731d13ba3040e4f849439
  Gas usage: 228646
  Block number: 724
  Block time: Wed Jun 10 2026 05:54:27 GMT+0900 (Korean Standard Time)

eth_chainId
eth_getTransactionReceipt
eth_getBlockByNumber
eth_chainId
eth_sendTransaction

  Transaction: 0xe6ae029e1a91d0821259ced865b8d146ee3be150595748f8b30d2793a1c7859e
  Gas usage: 228646
  Block number: 725
  Block time: Wed Jun 10 2026 05:54:27 GMT+0900 (Korean Standard Time)

eth_chainId
eth_getTransactionReceipt
eth_getBlockByNumber
eth_chainId
eth_sendTransaction

  Transaction: 0xa8a08b682dfa25d62dbd391de4b94ea7da5bc30c47c51119ff546418c1dd78aa
  Gas usage: 228730
  Block number: 726
  Block time: Wed Jun 10 2026 05:54:27 GMT+0900 (Korean Standard Time)

eth_chainId
eth_getTransactionReceipt
eth_getBlockByNumber
eth_chainId
eth_sendTransaction

  Transaction: 0x0cacaf2594d8b7567ab8d81fd4c2481f3142cb75882915156b4591618c7bc8c8
  Gas usage: 228754
  Block number: 727
  Block time: Wed Jun 10 2026 05:54:28 GMT+0900 (Korean Standard Time)

eth_chainId
eth_getTransactionReceipt
eth_getBlockByNumber
eth_chainId
eth_sendTransaction

  Transaction: 0xab9817e9eb79e4ad1d48ad7f5007671307f96a635fd05b37a922089431409a0a
  Gas usage: 228754
  Block number: 728
  Block time: Wed Jun 10 2026 05:54:28 GMT+0900 (Korean Standard Time)

eth_chainId
eth_getTransactionReceipt
eth_getBlockByNumber
eth_chainId
eth_sendTransaction

  Transaction: 0x1c2c32c6fd0ea6e3be5e00c754b99bbb1351e9541ef0127a2bd18ddf1908ef60
  Gas usage: 228754
  Block number: 729
  Block time: Wed Jun 10 2026 05:54:28 GMT+0900 (Korean Standard Time)

eth_chainId
eth_getTransactionReceipt
eth_getBlockByNumber
eth_chainId
eth_sendTransaction

  Transaction: 0x6e66c7d039c3a712c11e42fd531495523ebd9db396661e5cbeca8c96036d9ec0
  Gas usage: 228694
  Block number: 730
  Block time: Wed Jun 10 2026 05:54:28 GMT+0900 (Korean Standard Time)

eth_chainId
eth_getTransactionReceipt
eth_getBlockByNumber
eth_chainId
eth_sendTransaction

  Transaction: 0xc1b565c956647d4e3d90eb4c53ba09a973359dcef5fce116d0d0b81ff3a1ccff
  Gas usage: 228658
  Block number: 731
  Block time: Wed Jun 10 2026 05:54:28 GMT+0900 (Korean Standard Time)

eth_chainId
eth_getTransactionReceipt
eth_getBlockByNumber
eth_chainId
eth_sendTransaction

  Transaction: 0x8a8aed0c3db7422e8ab29efbf7815e2f7f89332bed81217d99cae44f07b94647
  Gas usage: 228754
  Block number: 732
  Block time: Wed Jun 10 2026 05:54:28 GMT+0900 (Korean Standard Time)

eth_chainId
eth_getTransactionReceipt
eth_getBlockByNumber
eth_chainId
eth_sendTransaction

  Transaction: 0xb8f69659fddd8dacedd61de36b5ee1c2149e4f4845eb27abb23da78fd36fe3dc
  Gas usage: 228646
  Block number: 733
  Block time: Wed Jun 10 2026 05:54:28 GMT+0900 (Korean Standard Time)

eth_chainId
eth_getTransactionReceipt
eth_getBlockByNumber
eth_chainId
eth_sendTransaction

  Transaction: 0x8f4a4e5cb0f19188e44cd93e80b78f87dca934b166fb3ad9d68dd0d341d07a71
  Gas usage: 228838
  Block number: 734
  Block time: Wed Jun 10 2026 05:54:28 GMT+0900 (Korean Standard Time)

eth_chainId
eth_getTransactionReceipt
eth_getBlockByNumber
eth_chainId
eth_sendTransaction

  Transaction: 0x1610601ca66562880704f8c34642eeb9fe3ac451d10eebd3a32a8a3106c606b1
  Gas usage: 228694
  Block number: 735
  Block time: Wed Jun 10 2026 05:54:28 GMT+0900 (Korean Standard Time)

eth_chainId
eth_getTransactionReceipt
eth_getBlockByNumber
eth_chainId
eth_sendTransaction

  Transaction: 0xb5976f72c1b758e4b6aed4a8d43c2884e118d4c64b6adbcf870f4ed77da4d8f1
  Gas usage: 228670
  Block number: 736
  Block time: Wed Jun 10 2026 05:54:28 GMT+0900 (Korean Standard Time)

eth_chainId
eth_getTransactionReceipt
eth_getBlockByNumber
eth_chainId
eth_sendTransaction

  Transaction: 0x693d971079351b7a980b674f0e8b712d473e0cfb70b9c0b020bd790d4c194858
  Gas usage: 228658
  Block number: 737
  Block time: Wed Jun 10 2026 05:54:28 GMT+0900 (Korean Standard Time)

eth_chainId
eth_getTransactionReceipt
eth_getBlockByNumber
eth_chainId
eth_sendTransaction

  Transaction: 0x03df9bb6a644dfd9c1f72ed53d3ac392ad0b2ac6194522dcc62a65c2f5e674b6
  Gas usage: 228802
  Block number: 738
  Block time: Wed Jun 10 2026 05:54:28 GMT+0900 (Korean Standard Time)

eth_chainId
eth_getTransactionReceipt
eth_getBlockByNumber
eth_chainId
eth_sendTransaction

  Transaction: 0x6fd8ec3ebd8825cb0bbc25ee643369510797da19a95949d3fc8c1fa44d4c3642
  Gas usage: 228718
  Block number: 739
  Block time: Wed Jun 10 2026 05:54:28 GMT+0900 (Korean Standard Time)

eth_chainId
eth_getTransactionReceipt
eth_getBlockByNumber
eth_chainId
eth_sendTransaction

  Transaction: 0xc04a77ccd123d52f64c415e3b05cda9f48b545a0a58687b2a2e5bb8cecc136f8
  Gas usage: 228706
  Block number: 740
  Block time: Wed Jun 10 2026 05:54:28 GMT+0900 (Korean Standard Time)

eth_chainId
eth_getTransactionReceipt
eth_getBlockByNumber
eth_chainId
eth_sendTransaction

  Transaction: 0xbacc1350b50897551984d73001be68bccf25775fb8ce92b7938a2b38354a6b46
  Gas usage: 228778
  Block number: 741
  Block time: Wed Jun 10 2026 05:54:28 GMT+0900 (Korean Standard Time)

eth_chainId
eth_getTransactionReceipt
eth_getBlockByNumber
eth_chainId
eth_sendTransaction

  Transaction: 0xd02d0ec337402b83f870ba7bde38b4eb112c182b01d31b531d889a8e9e77e3fc
  Gas usage: 228718
  Block number: 742
  Block time: Wed Jun 10 2026 05:54:28 GMT+0900 (Korean Standard Time)

eth_chainId
eth_getTransactionReceipt
eth_getBlockByNumber
eth_chainId
eth_sendTransaction

  Transaction: 0xea7f5e9375097f14534e0a44444e27e3e43de1731149a35b2ccca63297dc9f68
  Gas usage: 228718
  Block number: 743
  Block time: Wed Jun 10 2026 05:54:28 GMT+0900 (Korean Standard Time)

eth_chainId
eth_getTransactionReceipt
eth_getBlockByNumber
eth_chainId
eth_sendTransaction

  Transaction: 0x409089377dc1bb313c0700b86619f0cc1ce803c757c1d8bc31a4e351ac6fdbcd
  Gas usage: 228778
  Block number: 744
  Block time: Wed Jun 10 2026 05:54:28 GMT+0900 (Korean Standard Time)

eth_chainId
eth_getTransactionReceipt
eth_getBlockByNumber
eth_chainId
eth_sendTransaction

  Transaction: 0x217e62fcb266a033cfcfe3b42ddae45d73cf2b6da9f9a686b4e09c60ecdb814f
  Gas usage: 228790
  Block number: 745
  Block time: Wed Jun 10 2026 05:54:28 GMT+0900 (Korean Standard Time)

eth_chainId
eth_getTransactionReceipt
eth_getBlockByNumber
eth_chainId
eth_sendTransaction

  Transaction: 0xde60923329196090daad330cb54cb0c6e6d2e30f11d6368983b17f2eeb0145c7
  Gas usage: 228814
  Block number: 746
  Block time: Wed Jun 10 2026 05:54:28 GMT+0900 (Korean Standard Time)

eth_chainId
eth_getTransactionReceipt
eth_getBlockByNumber
eth_chainId
eth_sendTransaction

  Transaction: 0xf1b70d45605e08629b89634b5710f28820bc23eb0fc20662ab8cc351f258e452
  Gas usage: 228766
  Block number: 747
  Block time: Wed Jun 10 2026 05:54:28 GMT+0900 (Korean Standard Time)

eth_chainId
eth_getTransactionReceipt
eth_getBlockByNumber
eth_chainId
eth_sendTransaction

  Transaction: 0x9abe1b8c7aa8ab555e937245aef93aa42754e371c2bded2867fe6bae92e48c1f
  Gas usage: 228694
  Block number: 748
  Block time: Wed Jun 10 2026 05:54:28 GMT+0900 (Korean Standard Time)

eth_chainId
eth_getTransactionReceipt
eth_getBlockByNumber
eth_chainId
eth_sendTransaction

  Transaction: 0x084e0fd6ec9e6d3f47ce6c7cfcf0ab210613772e0abdd0b5bb45186b75f2521a
  Gas usage: 228706
  Block number: 749
  Block time: Wed Jun 10 2026 05:54:28 GMT+0900 (Korean Standard Time)

eth_chainId
eth_getTransactionReceipt
eth_getBlockByNumber
eth_chainId
eth_sendTransaction

  Transaction: 0x163df8c6cfb2d962818da4feecf31d593c8f5af4bf2221a12231b3e902ff1c2a
  Gas usage: 228718
  Block number: 750
  Block time: Wed Jun 10 2026 05:54:28 GMT+0900 (Korean Standard Time)

eth_chainId
eth_getTransactionReceipt
eth_getBlockByNumber
eth_chainId
eth_sendTransaction

  Transaction: 0x2fe278c56c68ade9013d1f1bc971a34834ea5d320c4082a9c138131db19b72d3
  Gas usage: 228706
  Block number: 751
  Block time: Wed Jun 10 2026 05:54:28 GMT+0900 (Korean Standard Time)

eth_chainId
eth_getTransactionReceipt
eth_getBlockByNumber
eth_chainId
eth_sendTransaction

  Transaction: 0xf0cc91dfeeb8230c6065a981a6650c1b701ec6bb548e9cf2952020eb8fcad720
  Gas usage: 228730
  Block number: 752
  Block time: Wed Jun 10 2026 05:54:28 GMT+0900 (Korean Standard Time)

eth_chainId
eth_getTransactionReceipt
eth_getBlockByNumber
eth_chainId
eth_sendTransaction

  Transaction: 0xbdd92635cd9a65351666dc38bd14386e8029cc673d977a1e6f56527fb4fa24d4
  Gas usage: 228694
  Block number: 753
  Block time: Wed Jun 10 2026 05:54:28 GMT+0900 (Korean Standard Time)

eth_chainId
eth_getTransactionReceipt
eth_getBlockByNumber
eth_chainId
eth_sendTransaction

  Transaction: 0x06057cb3da94b9d0913e445ccb4b9fe659a26d723a8464513a70bd919b6d6eba
  Gas usage: 228754
  Block number: 754
  Block time: Wed Jun 10 2026 05:54:28 GMT+0900 (Korean Standard Time)

eth_chainId
eth_getTransactionReceipt
eth_getBlockByNumber
eth_chainId
eth_sendTransaction

  Transaction: 0xbaebaaebcec674c856a8b70a44ff28c62e115ebdc5bd739a2c6c4e8ad1d81971
  Gas usage: 228646
  Block number: 755
  Block time: Wed Jun 10 2026 05:54:28 GMT+0900 (Korean Standard Time)

eth_chainId
eth_getTransactionReceipt
eth_getBlockByNumber
eth_chainId
eth_sendTransaction

  Transaction: 0x8c9bf5b5bffff852ba521afb099f027fef6f953c9d3df8b2da39710ded1e80e6
  Gas usage: 228706
  Block number: 756
  Block time: Wed Jun 10 2026 05:54:28 GMT+0900 (Korean Standard Time)

eth_chainId
eth_getTransactionReceipt
eth_getBlockByNumber
eth_chainId
eth_sendTransaction

  Transaction: 0x5da409219bb9ef8a3490c98457ee384809faee331e332e002ea5479999697c35
  Gas usage: 228730
  Block number: 757
  Block time: Wed Jun 10 2026 05:54:28 GMT+0900 (Korean Standard Time)

eth_chainId
eth_getTransactionReceipt
eth_getBlockByNumber
eth_chainId
eth_sendTransaction

  Transaction: 0xe8cc628525dc7f31c1d77cbc388b895e6edb9cc11a371600fb380924bf48695c
  Gas usage: 273429
  Block number: 758
  Block time: Wed Jun 10 2026 05:54:28 GMT+0900 (Korean Standard Time)

eth_chainId
eth_getTransactionReceipt
eth_getBlockByNumber
eth_chainId
eth_sendTransaction

  Transaction: 0x15d6cabbfd6c4680b818e88c8cc73b527ead2093ab1c279ac143a08ad586725d
  Gas usage: 228730
  Block number: 759
  Block time: Wed Jun 10 2026 05:54:28 GMT+0900 (Korean Standard Time)

eth_chainId
eth_getTransactionReceipt
eth_getBlockByNumber
eth_chainId
eth_sendTransaction

  Transaction: 0x1cce5fad044dbac33fd4606de43d9ece072a1c96bc12057ed3e3e11d005025b9
  Gas usage: 228814
  Block number: 760
  Block time: Wed Jun 10 2026 05:54:28 GMT+0900 (Korean Standard Time)

eth_chainId
eth_getTransactionReceipt
eth_getBlockByNumber
eth_chainId
eth_sendTransaction

  Transaction: 0x71adf0bd50ac2335908877453509f32df0ca27fa20128b63c402944d422c63c7
  Gas usage: 228766
  Block number: 761
  Block time: Wed Jun 10 2026 05:54:28 GMT+0900 (Korean Standard Time)

eth_chainId
eth_getTransactionReceipt
eth_getBlockByNumber
eth_chainId
eth_sendTransaction

  Transaction: 0x84513ffd6dbfc569731d9db231b3a945539efbc18629547b0e4a3e9823b6379b
  Gas usage: 228790
  Block number: 762
  Block time: Wed Jun 10 2026 05:54:28 GMT+0900 (Korean Standard Time)

eth_chainId
eth_getTransactionReceipt
eth_getBlockByNumber
eth_chainId
eth_sendTransaction

  Transaction: 0xc7e813735c34aca0aa4eb0e7f59a65abb44000b85c029d2ef43d3e2bbcad1d3b
  Gas usage: 228802
  Block number: 763
  Block time: Wed Jun 10 2026 05:54:29 GMT+0900 (Korean Standard Time)

eth_chainId
eth_getTransactionReceipt
eth_getBlockByNumber
eth_chainId
eth_sendTransaction

  Transaction: 0x8ab88470339ca3c2290f6acfdafc0734e7f2fbd73bbbd93271a94fc7de3a9910
  Gas usage: 228754
  Block number: 764
  Block time: Wed Jun 10 2026 05:54:29 GMT+0900 (Korean Standard Time)

eth_chainId
eth_getTransactionReceipt
eth_getBlockByNumber
eth_chainId
eth_sendTransaction

  Transaction: 0x5399ff7a1c85a5e533489dcee712978575dcf6b09647b33f33f739f63919c5c5
  Gas usage: 228730
  Block number: 765
  Block time: Wed Jun 10 2026 05:54:29 GMT+0900 (Korean Standard Time)

eth_chainId
eth_getTransactionReceipt
eth_getBlockByNumber
eth_chainId
eth_sendTransaction

  Transaction: 0x3beb7305483c27ed3982aeff652c7cb8a1000f76610e14d6ec219f068aa8f667
  Gas usage: 228682
  Block number: 766
  Block time: Wed Jun 10 2026 05:54:29 GMT+0900 (Korean Standard Time)

eth_chainId
eth_getTransactionReceipt
eth_getBlockByNumber
eth_chainId
eth_sendTransaction

  Transaction: 0x30d2c5dee027487a91df82e67fc0de279a9d19179d44abf8078d4954ed2481b2
  Gas usage: 228658
  Block number: 767
  Block time: Wed Jun 10 2026 05:54:29 GMT+0900 (Korean Standard Time)

eth_chainId
eth_getTransactionReceipt
eth_getBlockByNumber
eth_chainId
eth_sendTransaction

  Transaction: 0x6b301df23eef4b74351611e8491e01e07736e673edce8195a59f4115650957e8
  Gas usage: 228766
  Block number: 768
  Block time: Wed Jun 10 2026 05:54:29 GMT+0900 (Korean Standard Time)

eth_chainId
eth_getTransactionReceipt
eth_getBlockByNumber
eth_chainId
eth_sendTransaction

  Transaction: 0x13d51cea2319e2bb2d00bb7062e7e19548d959cb277dcf54a021430f577c7560
  Gas usage: 228634
  Block number: 769
  Block time: Wed Jun 10 2026 05:54:29 GMT+0900 (Korean Standard Time)

eth_chainId
eth_getTransactionReceipt
eth_getBlockByNumber
eth_chainId
eth_sendTransaction

  Transaction: 0x6483b85696e69c71c43e25ef3efc6166d4bf1da1e06c04087233c4ab5546c3d3
  Gas usage: 228742
  Block number: 770
  Block time: Wed Jun 10 2026 05:54:29 GMT+0900 (Korean Standard Time)

eth_chainId
eth_getTransactionReceipt
eth_getBlockByNumber
eth_chainId
eth_sendTransaction

  Transaction: 0x95f786c5c7972996a245e649ee1f042ffd3df50c8ff9956cf7954891e5789578
  Gas usage: 228742
  Block number: 771
  Block time: Wed Jun 10 2026 05:54:29 GMT+0900 (Korean Standard Time)

eth_chainId
eth_getTransactionReceipt
eth_getBlockByNumber
eth_chainId
eth_sendTransaction

  Transaction: 0x29097c53537373d0b3fc8e086dff238e4c0414f1d1d9fa9f20e61204893dc41b
  Gas usage: 228670
  Block number: 772
  Block time: Wed Jun 10 2026 05:54:29 GMT+0900 (Korean Standard Time)

eth_chainId
eth_getTransactionReceipt
eth_getBlockByNumber
eth_chainId
eth_sendTransaction

  Transaction: 0x071f21bc3b2b1ea4f6bcc13083fd62d7f3145e05bffaadf9f5460ab85a916453
  Gas usage: 228718
  Block number: 773
  Block time: Wed Jun 10 2026 05:54:29 GMT+0900 (Korean Standard Time)

eth_chainId
eth_getTransactionReceipt
eth_getBlockByNumber
eth_chainId
eth_sendTransaction

  Transaction: 0xb12f681f5d40e0fc9e3dc1d15aa23ffae0274fe79d75204c9511445a30b31dbb
  Gas usage: 228778
  Block number: 774
  Block time: Wed Jun 10 2026 05:54:29 GMT+0900 (Korean Standard Time)

eth_chainId
eth_getTransactionReceipt
eth_getBlockByNumber
eth_chainId
eth_sendTransaction

  Transaction: 0xa453bc93553a9b1389c2b02769a7ae40ca50a21252315631803fbd8fa3474a33
  Gas usage: 228742
  Block number: 775
  Block time: Wed Jun 10 2026 05:54:29 GMT+0900 (Korean Standard Time)

eth_chainId
eth_getTransactionReceipt
eth_getBlockByNumber
eth_chainId
eth_sendTransaction

  Transaction: 0xc88ba63c052abaf073246b351f7b193f3ad95fd41e223805c950f45b322f2c61
  Gas usage: 228658
  Block number: 776
  Block time: Wed Jun 10 2026 05:54:29 GMT+0900 (Korean Standard Time)

eth_chainId
eth_getTransactionReceipt
eth_getBlockByNumber
eth_chainId
eth_sendTransaction

  Transaction: 0xfc74d66c4399147ee9f08382f21ef11db8dff6c0059722d6f4346d0bf4310490
  Gas usage: 228754
  Block number: 777
  Block time: Wed Jun 10 2026 05:54:29 GMT+0900 (Korean Standard Time)

eth_chainId
eth_getTransactionReceipt
eth_getBlockByNumber
eth_chainId
eth_sendTransaction

  Transaction: 0xc03e3d40f93fc2b5a72f95b786f9e94e88db2eb34ac66664a7ea8d5c25a91359
  Gas usage: 228766
  Block number: 778
  Block time: Wed Jun 10 2026 05:54:29 GMT+0900 (Korean Standard Time)

eth_chainId
eth_getTransactionReceipt
eth_getBlockByNumber
eth_chainId
eth_sendTransaction

  Transaction: 0x1fa4e3e8055b45d12d4f9ca3d9ee199c78fa26bbb7c234f7aace2a14020eb9af
  Gas usage: 228646
  Block number: 779
  Block time: Wed Jun 10 2026 05:54:29 GMT+0900 (Korean Standard Time)

eth_chainId
eth_getTransactionReceipt
eth_getBlockByNumber
eth_chainId
eth_sendTransaction

  Transaction: 0xf7fb3b705e1bdec65d2db8923dd2056a11abadb5e9e8273e1ba0f7d24e9ba413
  Gas usage: 228754
  Block number: 780
  Block time: Wed Jun 10 2026 05:54:29 GMT+0900 (Korean Standard Time)

eth_chainId
eth_getTransactionReceipt
eth_getBlockByNumber
eth_chainId
eth_sendTransaction

  Transaction: 0xf3508be3b15f4f96f3d014118548d888297280a43b1d21381c97a4b631fe5377
  Gas usage: 228778
  Block number: 781
  Block time: Wed Jun 10 2026 05:54:29 GMT+0900 (Korean Standard Time)

eth_chainId
eth_getTransactionReceipt
eth_getBlockByNumber
eth_chainId
eth_sendTransaction

  Transaction: 0x621c4168e596db8b71d082fd3aabf5f48223d5dad25f903fa5d82a0de28541dd
  Gas usage: 228754
  Block number: 782
  Block time: Wed Jun 10 2026 05:54:29 GMT+0900 (Korean Standard Time)

eth_chainId
eth_getTransactionReceipt
eth_getBlockByNumber
eth_chainId
eth_sendTransaction

  Transaction: 0xdaaefa6c7e070daadc83c916697a45c0242200a484f0a054317ce1d5ec0cb267
  Gas usage: 228658
  Block number: 783
  Block time: Wed Jun 10 2026 05:54:29 GMT+0900 (Korean Standard Time)

eth_chainId
eth_getTransactionReceipt
eth_getBlockByNumber
eth_chainId
eth_sendTransaction

  Transaction: 0x5793e9e40b2ec2a00260f5504ad35acb990bab072ef1b2e5c1d17e09aaf5fa5d
  Gas usage: 228706
  Block number: 784
  Block time: Wed Jun 10 2026 05:54:29 GMT+0900 (Korean Standard Time)

eth_chainId
eth_getTransactionReceipt
eth_getBlockByNumber
eth_chainId
eth_sendTransaction

  Transaction: 0xcdf0d52c54437706ce8c79df10b101d050a6a5abcd4c092511a0ea097fd14217
  Gas usage: 228694
  Block number: 785
  Block time: Wed Jun 10 2026 05:54:29 GMT+0900 (Korean Standard Time)

eth_chainId
eth_getTransactionReceipt
eth_getBlockByNumber
eth_chainId
eth_sendTransaction

  Transaction: 0xf4aaf64811d295055bc99b7ca23578dcb108061d2ede85657bca4c0d1e850eb0
  Gas usage: 228658
  Block number: 786
  Block time: Wed Jun 10 2026 05:54:29 GMT+0900 (Korean Standard Time)

eth_chainId
eth_getTransactionReceipt
eth_getBlockByNumber
eth_chainId
eth_sendTransaction

  Transaction: 0x87dbd3829370cf3fd60484848405d3e3ca222ac7c8050efcb1b818d54045a46d
  Gas usage: 228718
  Block number: 787
  Block time: Wed Jun 10 2026 05:54:29 GMT+0900 (Korean Standard Time)

eth_chainId
eth_getTransactionReceipt
eth_getBlockByNumber
eth_chainId
eth_sendTransaction

  Transaction: 0x807a6cf3dc7dfbcbbb3a8a6a910968873d36feea099035414d142f313ccba1e7
  Gas usage: 228886
  Block number: 788
  Block time: Wed Jun 10 2026 05:54:29 GMT+0900 (Korean Standard Time)

eth_chainId
eth_getTransactionReceipt
eth_getBlockByNumber
eth_chainId
eth_sendTransaction

  Transaction: 0x1d685d41e46666f71f64575d1bb757f4c43dcdecdfac41886d652220833f617f
  Gas usage: 228778
  Block number: 789
  Block time: Wed Jun 10 2026 05:54:29 GMT+0900 (Korean Standard Time)

eth_chainId
eth_getTransactionReceipt
eth_getBlockByNumber
eth_chainId
eth_sendTransaction

  Transaction: 0x1f00cd3bffc03c6a021d27af07ba69ab38c4b0d719ecd72660b9c0cdbb7a451c
  Gas usage: 228670
  Block number: 790
  Block time: Wed Jun 10 2026 05:54:29 GMT+0900 (Korean Standard Time)

eth_chainId
eth_getTransactionReceipt
eth_getBlockByNumber
eth_chainId
eth_sendTransaction

  Transaction: 0x11417b08a7e72b76c72530f67a4fd9c64e8faa0e994f3234f7f9e7325867a753
  Gas usage: 228802
  Block number: 791
  Block time: Wed Jun 10 2026 05:54:29 GMT+0900 (Korean Standard Time)

eth_chainId
eth_getTransactionReceipt
eth_getBlockByNumber
eth_chainId
eth_sendTransaction

  Transaction: 0x26594b2dfef5439e8e12faab9fa5b40fe21136519b49d6417494a80314abe7de
  Gas usage: 228766
  Block number: 792
  Block time: Wed Jun 10 2026 05:54:29 GMT+0900 (Korean Standard Time)

eth_chainId
eth_getTransactionReceipt
eth_getBlockByNumber
eth_chainId
eth_sendTransaction

  Transaction: 0x5bd3df87a7027551f18b016a76e89804d2b33efff806af2eb8ab2e1b709d57be
  Gas usage: 228742
  Block number: 793
  Block time: Wed Jun 10 2026 05:54:29 GMT+0900 (Korean Standard Time)

eth_chainId
eth_getTransactionReceipt
eth_getBlockByNumber
eth_chainId
eth_sendTransaction

  Transaction: 0xde55ddf91c4c2012cacbb0d5b511cc82410d681aeea956089ef35fe7d59a1588
  Gas usage: 228742
  Block number: 794
  Block time: Wed Jun 10 2026 05:54:29 GMT+0900 (Korean Standard Time)

eth_chainId
eth_getTransactionReceipt
eth_getBlockByNumber
eth_chainId
eth_sendTransaction

  Transaction: 0xcd11960dae8ecbd6e02fa89e8a39a547be77d29cbb639ef04116b692101f8752
  Gas usage: 228790
  Block number: 795
  Block time: Wed Jun 10 2026 05:54:29 GMT+0900 (Korean Standard Time)

eth_chainId
eth_getTransactionReceipt
eth_getBlockByNumber
eth_chainId
eth_sendTransaction

  Transaction: 0x5a0c907f68624cfbab73f3aa69af4be4d02eb19424155335b7aea002f9f57076
  Gas usage: 228682
  Block number: 796
  Block time: Wed Jun 10 2026 05:54:29 GMT+0900 (Korean Standard Time)

eth_chainId
eth_getTransactionReceipt
eth_getBlockByNumber
eth_chainId
eth_sendTransaction

  Transaction: 0xd61c1f463661ba05a471fbb2099943338b751fc300487c0e790c737769425452
  Gas usage: 228730
  Block number: 797
  Block time: Wed Jun 10 2026 05:54:30 GMT+0900 (Korean Standard Time)

eth_chainId
eth_getTransactionReceipt
eth_getBlockByNumber
eth_chainId
eth_sendTransaction

  Transaction: 0x442e79be62e013ae1e6b4a1d823b950b981b39eaa1814aa56d93b67b6cefd165
  Gas usage: 228790
  Block number: 798
  Block time: Wed Jun 10 2026 05:54:30 GMT+0900 (Korean Standard Time)

eth_chainId
eth_getTransactionReceipt
eth_getBlockByNumber
eth_chainId
eth_sendTransaction

  Transaction: 0x8d3ae008eab08c485804b1ed217cd253b2f3a09c75a1df7131ba5ef7916cd3c9
  Gas usage: 228622
  Block number: 799
  Block time: Wed Jun 10 2026 05:54:30 GMT+0900 (Korean Standard Time)

eth_chainId
eth_getTransactionReceipt
eth_getBlockByNumber
eth_chainId
eth_sendTransaction

  Transaction: 0x25f7f82294d7f3ed2a101f43a0b2b332f8cc307225e5f57896ecc23a83c3ed9a
  Gas usage: 228802
  Block number: 800
  Block time: Wed Jun 10 2026 05:54:30 GMT+0900 (Korean Standard Time)

eth_chainId
eth_getTransactionReceipt
eth_getBlockByNumber
eth_chainId
eth_sendTransaction

  Transaction: 0x5edf81aafed39fd88a6ea973033e66429f79e090c939d3fbd7d7140bc8eef52d
  Gas usage: 228766
  Block number: 801
  Block time: Wed Jun 10 2026 05:54:30 GMT+0900 (Korean Standard Time)

eth_chainId
eth_getTransactionReceipt
eth_getBlockByNumber
eth_chainId
eth_sendTransaction

  Transaction: 0xc64f047264b91017ce642bb8b0679c4cefdcc96644cd85f76289a20ddcfd22d6
  Gas usage: 228730
  Block number: 802
  Block time: Wed Jun 10 2026 05:54:30 GMT+0900 (Korean Standard Time)

eth_chainId
eth_getTransactionReceipt
eth_getBlockByNumber
eth_chainId
eth_sendTransaction

  Transaction: 0xfd05bb485daca4ed3c8f371bff73e7f794e4fba7176974097baa4e358272ed14
  Gas usage: 228778
  Block number: 803
  Block time: Wed Jun 10 2026 05:54:30 GMT+0900 (Korean Standard Time)

eth_chainId
eth_getTransactionReceipt
eth_getBlockByNumber
eth_chainId
eth_sendTransaction

  Transaction: 0x249618fd2cc5e1fe46c75515778f7e984bca33a277ec9d6401906f2343088435
  Gas usage: 228694
  Block number: 804
  Block time: Wed Jun 10 2026 05:54:30 GMT+0900 (Korean Standard Time)

eth_chainId
eth_getTransactionReceipt
eth_getBlockByNumber
eth_chainId
eth_sendTransaction

  Transaction: 0x6cbf17837c5cc29281ec268d4593bb4e2ad4568144b032f57aea5cf60b5ebccf
  Gas usage: 228658
  Block number: 805
  Block time: Wed Jun 10 2026 05:54:30 GMT+0900 (Korean Standard Time)

eth_chainId
eth_getTransactionReceipt
eth_getBlockByNumber
eth_chainId
eth_sendTransaction

  Transaction: 0x830a6537fa4efc01af2794acaeca27db8d72006df564bca326c5a550d30a4e68
  Gas usage: 228790
  Block number: 806
  Block time: Wed Jun 10 2026 05:54:30 GMT+0900 (Korean Standard Time)

eth_chainId
eth_getTransactionReceipt
eth_getBlockByNumber
eth_chainId
eth_sendTransaction

  Transaction: 0xca271fea5225a5f968475b39d67b7e3b8a8b70900f66bc3d6cfde59b8bfc38cd
  Gas usage: 228742
  Block number: 807
  Block time: Wed Jun 10 2026 05:54:30 GMT+0900 (Korean Standard Time)

eth_chainId
eth_getTransactionReceipt
eth_chainId
eth_call
eth_chainId
eth_getBlockByNumber
eth_chainId
eth_sendTransaction

  Transaction: 0x3980b51932dcaf5cd66acbae87daf04a52baf704125436a2854dde8f4875e67e
  Gas usage: 99528
  Block number: 808
  Block time: Wed Jun 10 2026 05:54:30 GMT+0900 (Korean Standard Time)

eth_chainId
eth_getTransactionReceipt
eth_getBlockByNumber
eth_chainId
eth_sendTransaction

  Transaction: 0x539d4eb871674019742a0cc580e215287c5361dff649e76250bb7b215c4da823
  Gas usage: 99528
  Block number: 809
  Block time: Wed Jun 10 2026 05:54:30 GMT+0900 (Korean Standard Time)

eth_chainId
eth_getTransactionReceipt
eth_getBlockByNumber
eth_chainId
eth_sendTransaction

  Transaction: 0xfd1d951aaa05172eba21808e0275eadda120b5af1abfe1a645536cf892561fcb
  Gas usage: 99528
  Block number: 810
  Block time: Wed Jun 10 2026 05:54:30 GMT+0900 (Korean Standard Time)

eth_chainId
eth_getTransactionReceipt
eth_getBlockByNumber
eth_chainId
eth_sendTransaction

  Transaction: 0x8809beb1355594969b1e073c2e352b3c15d1991113a6aa1dd40d9818e562ab9a
  Gas usage: 99528
  Block number: 811
  Block time: Wed Jun 10 2026 05:54:30 GMT+0900 (Korean Standard Time)

eth_chainId
eth_getTransactionReceipt
eth_getBlockByNumber
eth_chainId
eth_sendTransaction

  Transaction: 0x98d973453987ef4e4ede0aa81353b1a2dd644dc158c7f4752eb7af47d77392ba
  Gas usage: 99528
  Block number: 812
  Block time: Wed Jun 10 2026 05:54:30 GMT+0900 (Korean Standard Time)

eth_chainId
eth_getTransactionReceipt
eth_getBlockByNumber
eth_chainId
eth_sendTransaction

  Transaction: 0xdbeb184b48e3608fb3319cef00aca14d13f87d3aa933c855780f6ba6c7de2018
  Gas usage: 99516
  Block number: 813
  Block time: Wed Jun 10 2026 05:54:30 GMT+0900 (Korean Standard Time)

eth_chainId
eth_getTransactionReceipt
eth_getBlockByNumber
eth_chainId
eth_sendTransaction

  Transaction: 0x174d708ba0871d56823ad02653580e4ce3eb046761a0cd182ea4aa68d6fd22e6
  Gas usage: 99528
  Block number: 814
  Block time: Wed Jun 10 2026 05:54:30 GMT+0900 (Korean Standard Time)

eth_chainId
eth_getTransactionReceipt
eth_getBlockByNumber
eth_chainId
eth_sendTransaction

  Transaction: 0x54ef61d5a66f48e0950f81bf0a1d8adf42d396eab4b151cb0a9e376c8497671d
  Gas usage: 99528
  Block number: 815
  Block time: Wed Jun 10 2026 05:54:30 GMT+0900 (Korean Standard Time)

eth_chainId
eth_getTransactionReceipt
eth_getBlockByNumber
eth_chainId
eth_sendTransaction

  Transaction: 0x1cfa60d1e5f615a23f59e954b049b96ce5e1141088b6d9665a67d084b75509e9
  Gas usage: 99528
  Block number: 816
  Block time: Wed Jun 10 2026 05:54:30 GMT+0900 (Korean Standard Time)

eth_chainId
eth_getTransactionReceipt
eth_getBlockByNumber
eth_chainId
eth_sendTransaction

  Transaction: 0xbad8cb661b1921ac7678dfd65433ec69e9a7d9b56bf9e4df2471b155fffe1dd6
  Gas usage: 99528
  Block number: 817
  Block time: Wed Jun 10 2026 05:54:30 GMT+0900 (Korean Standard Time)

eth_chainId
eth_getTransactionReceipt
eth_getBlockByNumber
eth_chainId
eth_sendTransaction

  Transaction: 0x5906ce6f9cb525d0e87cf0d16c846c0a7522c427241377a054a18ab0cd786757
  Gas usage: 99528
  Block number: 818
  Block time: Wed Jun 10 2026 05:54:30 GMT+0900 (Korean Standard Time)

eth_chainId
eth_getTransactionReceipt
eth_getBlockByNumber
eth_chainId
eth_sendTransaction

  Transaction: 0x0bcc65b7f25c47ae6857677831cc6c0cd1db50250010446d9e29b8f86914a8eb
  Gas usage: 99528
  Block number: 819
  Block time: Wed Jun 10 2026 05:54:30 GMT+0900 (Korean Standard Time)

eth_chainId
eth_getTransactionReceipt
eth_getBlockByNumber
eth_chainId
eth_sendTransaction

  Transaction: 0x3fb4b12dc7e29eee0dafae8ac6001451a6a84669214be476f1d41ff1069928df
  Gas usage: 99528
  Block number: 820
  Block time: Wed Jun 10 2026 05:54:30 GMT+0900 (Korean Standard Time)

eth_chainId
eth_getTransactionReceipt
eth_getBlockByNumber
eth_chainId
eth_sendTransaction

  Transaction: 0x9f7819bc1a881f5b8595f837bb40a86bb61b28462de185d86ded27e2a95eacd5
  Gas usage: 99528
  Block number: 821
  Block time: Wed Jun 10 2026 05:54:30 GMT+0900 (Korean Standard Time)

eth_chainId
eth_getTransactionReceipt
eth_getBlockByNumber
eth_chainId
eth_sendTransaction

  Transaction: 0x78dd38c3c767eeb5feccf70306c66677949acf7a1e0b9f0ab5c1c776e05eecfb
  Gas usage: 99528
  Block number: 822
  Block time: Wed Jun 10 2026 05:54:30 GMT+0900 (Korean Standard Time)

eth_chainId
eth_getTransactionReceipt
eth_getBlockByNumber
eth_chainId
eth_sendTransaction

  Transaction: 0x38eb0e0ca8a7073a4a835aa5aa98041904a31277f02c53aa5760a9c0ba84777f
  Gas usage: 99528
  Block number: 823
  Block time: Wed Jun 10 2026 05:54:30 GMT+0900 (Korean Standard Time)

eth_chainId
eth_getTransactionReceipt
eth_getBlockByNumber
eth_chainId
eth_sendTransaction

  Transaction: 0x918fa819c15d346137385f5ff4982eb0e9afacc5f74800d2f12b03016164aa5d
  Gas usage: 99528
  Block number: 824
  Block time: Wed Jun 10 2026 05:54:30 GMT+0900 (Korean Standard Time)

eth_chainId
eth_getTransactionReceipt
eth_getBlockByNumber
eth_chainId
eth_sendTransaction

  Transaction: 0x4b143ddec9e47463e3c861f6ff6ab1d052041b606c585c72880a075add3e4882
  Gas usage: 99528
  Block number: 825
  Block time: Wed Jun 10 2026 05:54:30 GMT+0900 (Korean Standard Time)

eth_chainId
eth_getTransactionReceipt
eth_getBlockByNumber
eth_chainId
eth_sendTransaction

  Transaction: 0xf5bfc0d63f7dc10831b01614d01561b3a279f72a2f9bbc9228fefdc49c90d4ce
  Gas usage: 99528
  Block number: 826
  Block time: Wed Jun 10 2026 05:54:30 GMT+0900 (Korean Standard Time)

eth_chainId
eth_getTransactionReceipt
eth_getBlockByNumber
eth_chainId
eth_sendTransaction

  Transaction: 0x86ecaf81af42046fc2eb389ec21b0bd9d830e410467d1cc517d8b6ed815d600a
  Gas usage: 99528
  Block number: 827
  Block time: Wed Jun 10 2026 05:54:30 GMT+0900 (Korean Standard Time)

eth_chainId
eth_getTransactionReceipt
eth_getBlockByNumber
eth_chainId
eth_sendTransaction

  Transaction: 0xcb5cd598879231ed644a9bc4c69608063352a54c58a8fd672f28d8404b749b6e
  Gas usage: 99516
  Block number: 828
  Block time: Wed Jun 10 2026 05:54:30 GMT+0900 (Korean Standard Time)

eth_chainId
eth_getTransactionReceipt
eth_getBlockByNumber
eth_chainId
eth_sendTransaction

  Transaction: 0x073f49656dd0ec1f5d238dd1368c9e47c308e87afeef083103552919cbfaf950
  Gas usage: 99528
  Block number: 829
  Block time: Wed Jun 10 2026 05:54:30 GMT+0900 (Korean Standard Time)

eth_chainId
eth_getTransactionReceipt
eth_getBlockByNumber
eth_chainId
eth_sendTransaction

  Transaction: 0xb201b9f63c07bc7634404185d3cc86622ca9fab6d606f7481c76faa0a9e1ef69
  Gas usage: 99528
  Block number: 830
  Block time: Wed Jun 10 2026 05:54:30 GMT+0900 (Korean Standard Time)

eth_chainId
eth_getTransactionReceipt
eth_getBlockByNumber
eth_chainId
eth_sendTransaction

  Transaction: 0x1b6f6b1a4e28f5f8d1d49fdd54e68291dce419890f93871a238c644a5b731cd1
  Gas usage: 99528
  Block number: 831
  Block time: Wed Jun 10 2026 05:54:30 GMT+0900 (Korean Standard Time)

eth_chainId
eth_getTransactionReceipt
eth_getBlockByNumber
eth_chainId
eth_sendTransaction

  Transaction: 0xfa09711cad92423ad37dc14b32bd16185fbf81dab1a18ca6a0791f9d517668dc
  Gas usage: 99528
  Block number: 832
  Block time: Wed Jun 10 2026 05:54:30 GMT+0900 (Korean Standard Time)

eth_chainId
eth_getTransactionReceipt
eth_getBlockByNumber
eth_chainId
eth_sendTransaction

  Transaction: 0x79b6df72903467cadad67ebcde53a655e7136e951f75bbcbc00b6d7da74c74b3
  Gas usage: 99528
  Block number: 833
  Block time: Wed Jun 10 2026 05:54:30 GMT+0900 (Korean Standard Time)

eth_chainId
eth_getTransactionReceipt
eth_getBlockByNumber
eth_chainId
eth_sendTransaction

  Transaction: 0x46168de256a7d2e1450cbefbe6bc66ef7697e4b3822fec6e5e6f1c88f7ad2ba1
  Gas usage: 99528
  Block number: 834
  Block time: Wed Jun 10 2026 05:54:30 GMT+0900 (Korean Standard Time)

eth_chainId
eth_getTransactionReceipt
eth_getBlockByNumber
eth_chainId
eth_sendTransaction

  Transaction: 0x371fbf60e175716b90f6a1d13f8a4fd5c6b49917f426164445cf8ad611b71061
  Gas usage: 99528
  Block number: 835
  Block time: Wed Jun 10 2026 05:54:30 GMT+0900 (Korean Standard Time)

eth_chainId
eth_getTransactionReceipt
eth_getBlockByNumber
eth_chainId
eth_sendTransaction

  Transaction: 0xf60625fcde8891235f7f7c098ddac2fa2aefae86135d9c31728ad8d9272f9569
  Gas usage: 99528
  Block number: 836
  Block time: Wed Jun 10 2026 05:54:30 GMT+0900 (Korean Standard Time)

eth_chainId
eth_getTransactionReceipt
eth_getBlockByNumber
eth_chainId
eth_sendTransaction

  Transaction: 0x088fa88cf7fc19db89b275ee8ee6f3179dfb50bf131fe5a67b5af52adde9a74f
  Gas usage: 99528
  Block number: 837
  Block time: Wed Jun 10 2026 05:54:30 GMT+0900 (Korean Standard Time)

eth_chainId
eth_getTransactionReceipt
eth_getBlockByNumber
eth_chainId
eth_sendTransaction

  Transaction: 0xcdcec1c123107e2add6c293035ae889a6a8362ed75824c70265bb9f2cfcf974e
  Gas usage: 99528
  Block number: 838
  Block time: Wed Jun 10 2026 05:54:30 GMT+0900 (Korean Standard Time)

eth_chainId
eth_getTransactionReceipt
eth_getBlockByNumber
eth_chainId
eth_sendTransaction

  Transaction: 0x94144add6cefabc5ad7bda771dace6ed113ad78fb111feab617554110dc7959d
  Gas usage: 99528
  Block number: 839
  Block time: Wed Jun 10 2026 05:54:30 GMT+0900 (Korean Standard Time)

eth_chainId
eth_getTransactionReceipt
eth_getBlockByNumber
eth_chainId
eth_sendTransaction

  Transaction: 0xb02bc623cfc3606048cbee7af60abeffb2e8cb80f07016869817ae114b9a9b94
  Gas usage: 99528
  Block number: 840
  Block time: Wed Jun 10 2026 05:54:30 GMT+0900 (Korean Standard Time)

eth_chainId
eth_getTransactionReceipt
eth_getBlockByNumber
eth_chainId
eth_sendTransaction

  Transaction: 0x4a7bccef62ef1fcf251ae370613e992d76e44759a1d309330e96052430cdb072
  Gas usage: 99516
  Block number: 841
  Block time: Wed Jun 10 2026 05:54:30 GMT+0900 (Korean Standard Time)

eth_chainId
eth_getTransactionReceipt
eth_getBlockByNumber
eth_chainId
eth_sendTransaction

  Transaction: 0x93bf57e9c396828ec7e4ee17b95c02336d687f9f808fbc7561075168a49ad163
  Gas usage: 99528
  Block number: 842
  Block time: Wed Jun 10 2026 05:54:30 GMT+0900 (Korean Standard Time)

eth_chainId
eth_getTransactionReceipt
eth_getBlockByNumber
eth_chainId
eth_sendTransaction

  Transaction: 0xb6563d641e7024b22c1055139e1505b372d102dd7185d9cf6fddff53eea629b1
  Gas usage: 99528
  Block number: 843
  Block time: Wed Jun 10 2026 05:54:30 GMT+0900 (Korean Standard Time)

eth_chainId
eth_getTransactionReceipt
eth_getBlockByNumber
eth_chainId
eth_sendTransaction

  Transaction: 0xb877b389c4df4b681e60e418f3ad11515e8030370d172f882f98c79e057617c7
  Gas usage: 99528
  Block number: 844
  Block time: Wed Jun 10 2026 05:54:30 GMT+0900 (Korean Standard Time)

eth_chainId
eth_getTransactionReceipt
eth_getBlockByNumber
eth_chainId
eth_sendTransaction

  Transaction: 0xd16a20003e21d73f1d33f4a227d7e8855b2f848213e40e432eede2bca2ca79f4
  Gas usage: 99528
  Block number: 845
  Block time: Wed Jun 10 2026 05:54:30 GMT+0900 (Korean Standard Time)

eth_chainId
eth_getTransactionReceipt
eth_getBlockByNumber
eth_chainId
eth_sendTransaction

  Transaction: 0x6305a0e0ef490c896a9111a8ed13c3fc5fb2b78a60a65bb63d1ab88ee1da42d6
  Gas usage: 99528
  Block number: 846
  Block time: Wed Jun 10 2026 05:54:30 GMT+0900 (Korean Standard Time)

eth_chainId
eth_getTransactionReceipt
eth_getBlockByNumber
eth_chainId
eth_sendTransaction

  Transaction: 0x46510b66dc073038599d3f8b2080fc79412510415d7bc13d74258935e43165e5
  Gas usage: 99528
  Block number: 847
  Block time: Wed Jun 10 2026 05:54:30 GMT+0900 (Korean Standard Time)

eth_chainId
eth_getTransactionReceipt
eth_getBlockByNumber
eth_chainId
eth_sendTransaction

  Transaction: 0x880dab57fe96410ee410839b6c509d5aaec61e59c62f35eb1b2bbe11492ad353
  Gas usage: 99528
  Block number: 848
  Block time: Wed Jun 10 2026 05:54:30 GMT+0900 (Korean Standard Time)

eth_chainId
eth_getTransactionReceipt
eth_getBlockByNumber
eth_chainId
eth_sendTransaction

  Transaction: 0x3d66b43e5db7ab8a015a1aa537940008fcf8f01ea694d0ea24be5da41f4154b5
  Gas usage: 99528
  Block number: 849
  Block time: Wed Jun 10 2026 05:54:30 GMT+0900 (Korean Standard Time)

eth_chainId
eth_getTransactionReceipt
eth_getBlockByNumber
eth_chainId
eth_sendTransaction

  Transaction: 0xfd312fdf2d303863003db151d69050536a1ebde7472e9cfb90aec1fe603caeef
  Gas usage: 99528
  Block number: 850
  Block time: Wed Jun 10 2026 05:54:30 GMT+0900 (Korean Standard Time)

eth_chainId
eth_getTransactionReceipt
eth_getBlockByNumber
eth_chainId
eth_sendTransaction

  Transaction: 0x80a08062d8eb53677a9089799a1b98f1255aab863b9e7219090462343a35a5df
  Gas usage: 99516
  Block number: 851
  Block time: Wed Jun 10 2026 05:54:31 GMT+0900 (Korean Standard Time)

eth_chainId
eth_getTransactionReceipt
eth_getBlockByNumber
eth_chainId
eth_sendTransaction

  Transaction: 0x666c674c3bcb239ba2f88a247d221f633d4c13dc1acd71914ab2aa0241270c87
  Gas usage: 99528
  Block number: 852
  Block time: Wed Jun 10 2026 05:54:31 GMT+0900 (Korean Standard Time)

eth_chainId
eth_getTransactionReceipt
eth_getBlockByNumber
eth_chainId
eth_sendTransaction

  Transaction: 0xe4248cb44c9596efd64ea39f4112a0610803ed4510118e4d18172b119accb522
  Gas usage: 99528
  Block number: 853
  Block time: Wed Jun 10 2026 05:54:31 GMT+0900 (Korean Standard Time)

eth_chainId
eth_getTransactionReceipt
eth_getBlockByNumber
eth_chainId
eth_sendTransaction

  Transaction: 0x62ae9de24b804e86420b8c9ea4155e7fbbff13e180ec35905b2d22e793c67e46
  Gas usage: 99528
  Block number: 854
  Block time: Wed Jun 10 2026 05:54:31 GMT+0900 (Korean Standard Time)

eth_chainId
eth_getTransactionReceipt
eth_getBlockByNumber
eth_chainId
eth_sendTransaction

  Transaction: 0xfb2faa90b132746588cf7c192f46f7653a0edff2037c9e05fb5198333dfd04af
  Gas usage: 99528
  Block number: 855
  Block time: Wed Jun 10 2026 05:54:31 GMT+0900 (Korean Standard Time)

eth_chainId
eth_getTransactionReceipt
eth_getBlockByNumber
eth_chainId
eth_sendTransaction

  Transaction: 0x5014b01508762389fbf451f59014de2cc2c4a79582bb0b2edcfe306845f9d439
  Gas usage: 99504
  Block number: 856
  Block time: Wed Jun 10 2026 05:54:31 GMT+0900 (Korean Standard Time)

eth_chainId
eth_getTransactionReceipt
eth_getBlockByNumber
eth_chainId
eth_sendTransaction

  Transaction: 0xa397ceab50f4a462dc697a5ccb6f05c14cd158f735e75db7be7ac1fa4d712ccd
  Gas usage: 99528
  Block number: 857
  Block time: Wed Jun 10 2026 05:54:31 GMT+0900 (Korean Standard Time)

eth_chainId
eth_getTransactionReceipt
eth_getBlockByNumber
eth_chainId
eth_sendTransaction

  Transaction: 0xd9cb1258d7693277ae32ebf5970688c25f870eb6d8b7d2e78d864a754600ea2f
  Gas usage: 99528
  Block number: 858
  Block time: Wed Jun 10 2026 05:54:31 GMT+0900 (Korean Standard Time)

eth_chainId
eth_getTransactionReceipt
eth_getBlockByNumber
eth_chainId
eth_sendTransaction

  Transaction: 0x372938d66afe937464b24a59da9216a5313f459a6e1a8f911fabcb913e397d9b
  Gas usage: 99528
  Block number: 859
  Block time: Wed Jun 10 2026 05:54:31 GMT+0900 (Korean Standard Time)

eth_chainId
eth_getTransactionReceipt
eth_getBlockByNumber
eth_chainId
eth_sendTransaction

  Transaction: 0xa6d2888011d96d18311591b56800e9e5f1b0af5dd7efbd892d3ff43afea9442c
  Gas usage: 99528
  Block number: 860
  Block time: Wed Jun 10 2026 05:54:31 GMT+0900 (Korean Standard Time)

eth_chainId
eth_getTransactionReceipt
eth_getBlockByNumber
eth_chainId
eth_sendTransaction

  Transaction: 0xa8a79c0673acf458a56e0df0cc1e1ef9f4083ea82cd7dd1b84a19cc1015e96d0
  Gas usage: 99528
  Block number: 861
  Block time: Wed Jun 10 2026 05:54:31 GMT+0900 (Korean Standard Time)

eth_chainId
eth_getTransactionReceipt
eth_getBlockByNumber
eth_chainId
eth_sendTransaction

  Transaction: 0x69abb65e49bf5a91809b29206a373d95152c9d473d459465e75b481539b9c206
  Gas usage: 99528
  Block number: 862
  Block time: Wed Jun 10 2026 05:54:31 GMT+0900 (Korean Standard Time)

eth_chainId
eth_getTransactionReceipt
eth_getBlockByNumber
eth_chainId
eth_sendTransaction

  Transaction: 0x365711a202460c9931cc2ef8f6f0dc3f0d4184cf69af72efee2927b33a1df9cc
  Gas usage: 99516
  Block number: 863
  Block time: Wed Jun 10 2026 05:54:31 GMT+0900 (Korean Standard Time)

eth_chainId
eth_getTransactionReceipt
eth_getBlockByNumber
eth_chainId
eth_sendTransaction

  Transaction: 0xf0cb9b7fa1e2b788c5b4323aa05c83bc44ad76c36d256c2b633fdfef7a13ea6a
  Gas usage: 99528
  Block number: 864
  Block time: Wed Jun 10 2026 05:54:31 GMT+0900 (Korean Standard Time)

eth_chainId
eth_getTransactionReceipt
eth_getBlockByNumber
eth_chainId
eth_sendTransaction

  Transaction: 0x1508601daef18743bf81245f44c02f94a12d5af262d9b819b8159f64ce386a71
  Gas usage: 99528
  Block number: 865
  Block time: Wed Jun 10 2026 05:54:31 GMT+0900 (Korean Standard Time)

eth_chainId
eth_getTransactionReceipt
eth_getBlockByNumber
eth_chainId
eth_sendTransaction

  Transaction: 0x8bdd54387569f0634532f177185879411d828bef3dd7a4cc341b7f40bda2ad2f
  Gas usage: 99528
  Block number: 866
  Block time: Wed Jun 10 2026 05:54:31 GMT+0900 (Korean Standard Time)

eth_chainId
eth_getTransactionReceipt
eth_getBlockByNumber
eth_chainId
eth_sendTransaction

  Transaction: 0x62797a0f8726aae2f2eaef17ed35d930edc315b7f50d67af06b3dea1b41874f3
  Gas usage: 99528
  Block number: 867
  Block time: Wed Jun 10 2026 05:54:31 GMT+0900 (Korean Standard Time)

eth_chainId
eth_getTransactionReceipt
eth_getBlockByNumber
eth_chainId
eth_sendTransaction

  Transaction: 0xddcb75c2648dbaf4c3f51233912ad8c02ca86dd9b58ca4ce495afac82affbf16
  Gas usage: 99528
  Block number: 868
  Block time: Wed Jun 10 2026 05:54:31 GMT+0900 (Korean Standard Time)

eth_chainId
eth_getTransactionReceipt
eth_getBlockByNumber
eth_chainId
eth_sendTransaction

  Transaction: 0x34142b4ca11316fdd2d1044ff4f86904afb20a2c88917d5770ba96d9dbe6db5b
  Gas usage: 99528
  Block number: 869
  Block time: Wed Jun 10 2026 05:54:31 GMT+0900 (Korean Standard Time)

eth_chainId
eth_getTransactionReceipt
eth_getBlockByNumber
eth_chainId
eth_sendTransaction

  Transaction: 0x33ed162e49fec00961c64ef12337a9e23b65b1b1e56162310ea5ea79226c8642
  Gas usage: 99528
  Block number: 870
  Block time: Wed Jun 10 2026 05:54:31 GMT+0900 (Korean Standard Time)

eth_chainId
eth_getTransactionReceipt
eth_getBlockByNumber
eth_chainId
eth_sendTransaction

  Transaction: 0xccb0173cabe2ba5f7184dd31ec07d3d17ad2e0f6ebbc1345a63be9c5f7ea76ad
  Gas usage: 99528
  Block number: 871
  Block time: Wed Jun 10 2026 05:54:31 GMT+0900 (Korean Standard Time)

eth_chainId
eth_getTransactionReceipt
eth_getBlockByNumber
eth_chainId
eth_sendTransaction

  Transaction: 0x3369a115239b11924d4623a9849edd0c90986aba647b23a873df77e2f1cc5c67
  Gas usage: 99528
  Block number: 872
  Block time: Wed Jun 10 2026 05:54:31 GMT+0900 (Korean Standard Time)

eth_chainId
eth_getTransactionReceipt
eth_getBlockByNumber
eth_chainId
eth_sendTransaction

  Transaction: 0xa5b98a659d1dd4112e72d13c85cf14e0963e0f0d16477beaae525e950a13893f
  Gas usage: 99516
  Block number: 873
  Block time: Wed Jun 10 2026 05:54:31 GMT+0900 (Korean Standard Time)

eth_chainId
eth_getTransactionReceipt
eth_getBlockByNumber
eth_chainId
eth_sendTransaction

  Transaction: 0xefd40db8e7d1cb52de6726e9db8d2e7177e6109b145c63ea4ca1a4928a6b391a
  Gas usage: 99528
  Block number: 874
  Block time: Wed Jun 10 2026 05:54:31 GMT+0900 (Korean Standard Time)

eth_chainId
eth_getTransactionReceipt
eth_getBlockByNumber
eth_chainId
eth_sendTransaction

  Transaction: 0xc07cf6f5615222007d79c79c055bd07ff32131a4cb48f4e58a4a5d4d0ec68317
  Gas usage: 99528
  Block number: 875
  Block time: Wed Jun 10 2026 05:54:31 GMT+0900 (Korean Standard Time)

eth_chainId
eth_getTransactionReceipt
eth_getBlockByNumber
eth_chainId
eth_sendTransaction

  Transaction: 0x2e82a438a91e2a53cebe35c4db200c802fc2f0d24350a2f50ea5322553f7ffe8
  Gas usage: 99528
  Block number: 876
  Block time: Wed Jun 10 2026 05:54:31 GMT+0900 (Korean Standard Time)

eth_chainId
eth_getTransactionReceipt
eth_getBlockByNumber
eth_chainId
eth_sendTransaction

  Transaction: 0x152399eadf92864bc8606b21fc019e0c81b495ca35253c5c4070e3c51f071adf
  Gas usage: 99516
  Block number: 877
  Block time: Wed Jun 10 2026 05:54:31 GMT+0900 (Korean Standard Time)

eth_chainId
eth_getTransactionReceipt
eth_getBlockByNumber
eth_chainId
eth_sendTransaction

  Transaction: 0x950128f81f1d125250e59c3cfeddbb381126b15bf28b89e9ee6e868a006a263a
  Gas usage: 99528
  Block number: 878
  Block time: Wed Jun 10 2026 05:54:31 GMT+0900 (Korean Standard Time)

eth_chainId
eth_getTransactionReceipt
eth_getBlockByNumber
eth_chainId
eth_sendTransaction

  Transaction: 0xa52eb90607056b48cb4b52824f1a82aa802c0ca998d4c53903620e22d5c86f21
  Gas usage: 99528
  Block number: 879
  Block time: Wed Jun 10 2026 05:54:31 GMT+0900 (Korean Standard Time)

eth_chainId
eth_getTransactionReceipt
eth_getBlockByNumber
eth_chainId
eth_sendTransaction

  Transaction: 0xb4379d8fd00092ef8cd1aa2eefe227b99f3f6322630e69f573518d3bf0018289
  Gas usage: 99528
  Block number: 880
  Block time: Wed Jun 10 2026 05:54:31 GMT+0900 (Korean Standard Time)

eth_chainId
eth_getTransactionReceipt
eth_getBlockByNumber
eth_chainId
eth_sendTransaction

  Transaction: 0x4c9586b5fb2ca60100f21bc4a9bf456ff373104c1e573e237b4f409122e52d44
  Gas usage: 99528
  Block number: 881
  Block time: Wed Jun 10 2026 05:54:31 GMT+0900 (Korean Standard Time)

eth_chainId
eth_getTransactionReceipt
eth_getBlockByNumber
eth_chainId
eth_sendTransaction

  Transaction: 0x618812f87ff40e6f002318e71f9b6f1b99cbd571c6b37ca10395353c80d0e5f3
  Gas usage: 99528
  Block number: 882
  Block time: Wed Jun 10 2026 05:54:31 GMT+0900 (Korean Standard Time)

eth_chainId
eth_getTransactionReceipt
eth_getBlockByNumber
eth_chainId
eth_sendTransaction

  Transaction: 0xca1c7a8c132009321e5b1bf1fc1943474d3a1c313b612de2f9fc058e0d30fcc1
  Gas usage: 99528
  Block number: 883
  Block time: Wed Jun 10 2026 05:54:31 GMT+0900 (Korean Standard Time)

eth_chainId
eth_getTransactionReceipt
eth_getBlockByNumber
eth_chainId
eth_sendTransaction

  Transaction: 0xffd76164868f1910065039fd62dd731644c33ec3975634906c5c82a393f12aa0
  Gas usage: 99516
  Block number: 884
  Block time: Wed Jun 10 2026 05:54:31 GMT+0900 (Korean Standard Time)

eth_chainId
eth_getTransactionReceipt
eth_getBlockByNumber
eth_chainId
eth_sendTransaction

  Transaction: 0x55bdbfed262491195f2c0383596eed46f66051c3369feff04199b41624987653
  Gas usage: 99528
  Block number: 885
  Block time: Wed Jun 10 2026 05:54:31 GMT+0900 (Korean Standard Time)

eth_chainId
eth_getTransactionReceipt
eth_getBlockByNumber
eth_chainId
eth_sendTransaction

  Transaction: 0xafb3f4d8d349d6a796ad9043b380962e4fe9da0b05ddcacb55bf0a6c1806bfd2
  Gas usage: 99528
  Block number: 886
  Block time: Wed Jun 10 2026 05:54:31 GMT+0900 (Korean Standard Time)

eth_chainId
eth_getTransactionReceipt
eth_getBlockByNumber
eth_chainId
eth_sendTransaction

  Transaction: 0xeb27a070a41b66ccd459a01a077acd69a4452da8671a39435bd3c951dfa168bc
  Gas usage: 99528
  Block number: 887
  Block time: Wed Jun 10 2026 05:54:31 GMT+0900 (Korean Standard Time)

eth_chainId
eth_getTransactionReceipt
eth_getBlockByNumber
eth_chainId
eth_sendTransaction

  Transaction: 0x7b2161ad3e6d8a3e82b6fb9eb25c6b40210703a081132c1900a1a66828072bce
  Gas usage: 99528
  Block number: 888
  Block time: Wed Jun 10 2026 05:54:31 GMT+0900 (Korean Standard Time)

eth_chainId
eth_getTransactionReceipt
eth_getBlockByNumber
eth_chainId
eth_sendTransaction

  Transaction: 0x348b00fe6767ffac9bfd3961e063297ca7d87af86f2b96b2ef6d17b1e186abf3
  Gas usage: 99528
  Block number: 889
  Block time: Wed Jun 10 2026 05:54:31 GMT+0900 (Korean Standard Time)

eth_chainId
eth_getTransactionReceipt
eth_getBlockByNumber
eth_chainId
eth_sendTransaction

  Transaction: 0x4bcb9a20d3bdc5592ebafe24fd6eca38cc795f9cdf248481745dab8c2259923d
  Gas usage: 99528
  Block number: 890
  Block time: Wed Jun 10 2026 05:54:31 GMT+0900 (Korean Standard Time)

eth_chainId
eth_getTransactionReceipt
eth_getBlockByNumber
eth_chainId
eth_sendTransaction

  Transaction: 0x991cee1861f9e0042dc75feefd87ea304e46221e5b4886520258be3da2591b49
  Gas usage: 99528
  Block number: 891
  Block time: Wed Jun 10 2026 05:54:31 GMT+0900 (Korean Standard Time)

eth_chainId
eth_getTransactionReceipt
eth_getBlockByNumber
eth_chainId
eth_sendTransaction

  Transaction: 0x302d994546391613fb2dceae956bd5892a976f668d668bbed12670a09b60557d
  Gas usage: 99528
  Block number: 892
  Block time: Wed Jun 10 2026 05:54:31 GMT+0900 (Korean Standard Time)

eth_chainId
eth_getTransactionReceipt
eth_getBlockByNumber
eth_chainId
eth_sendTransaction

  Transaction: 0x714f7896b1093cc88c27cd77a3313dd9750ea8f3c9423b742721b4725d5a49a0
  Gas usage: 99528
  Block number: 893
  Block time: Wed Jun 10 2026 05:54:31 GMT+0900 (Korean Standard Time)

eth_chainId
eth_getTransactionReceipt
eth_getBlockByNumber
eth_chainId
eth_sendTransaction

  Transaction: 0x014bfc152586cccc802d9f46a83beed32c8494e6e9d638ba0a48aa003a66fd24
  Gas usage: 99528
  Block number: 894
  Block time: Wed Jun 10 2026 05:54:31 GMT+0900 (Korean Standard Time)

eth_chainId
eth_getTransactionReceipt
eth_getBlockByNumber
eth_chainId
eth_sendTransaction

  Transaction: 0xc4de58e2728c249640625f66ce72949450a2e8ef5a6b35b0b9ee0bb93d6dcfc0
  Gas usage: 99528
  Block number: 895
  Block time: Wed Jun 10 2026 05:54:31 GMT+0900 (Korean Standard Time)

eth_chainId
eth_getTransactionReceipt
eth_getBlockByNumber
eth_chainId
eth_sendTransaction

  Transaction: 0x4055a4764e53388a4846ca8c80fefd463c430e3e597a0a7339b37580223893bf
  Gas usage: 99528
  Block number: 896
  Block time: Wed Jun 10 2026 05:54:31 GMT+0900 (Korean Standard Time)

eth_chainId
eth_getTransactionReceipt
eth_getBlockByNumber
eth_chainId
eth_sendTransaction

  Transaction: 0xcace33740fb1647987032073976ebfecb9acf0f3b30c95fedba11108f4e1c892
  Gas usage: 99528
  Block number: 897
  Block time: Wed Jun 10 2026 05:54:31 GMT+0900 (Korean Standard Time)

eth_chainId
eth_getTransactionReceipt
eth_getBlockByNumber
eth_chainId
eth_sendTransaction

  Transaction: 0x84a6e37e21cf1411ebd741325edebb3e18cb4e996d93408079f61cae00f80169
  Gas usage: 99528
  Block number: 898
  Block time: Wed Jun 10 2026 05:54:31 GMT+0900 (Korean Standard Time)

eth_chainId
eth_getTransactionReceipt
eth_getBlockByNumber
eth_chainId
eth_sendTransaction

  Transaction: 0x3c60cbafd060ecc8c591750cf5a4c0355ca074943fc099da5045d6c6c43be0ba
  Gas usage: 99528
  Block number: 899
  Block time: Wed Jun 10 2026 05:54:31 GMT+0900 (Korean Standard Time)

eth_chainId
eth_getTransactionReceipt
eth_getBlockByNumber
eth_chainId
eth_sendTransaction

  Transaction: 0xb12feee6efbc2c668afb59353dc7b0c1663f76299e0da696b8b111f89163ae8e
  Gas usage: 99528
  Block number: 900
  Block time: Wed Jun 10 2026 05:54:31 GMT+0900 (Korean Standard Time)

eth_chainId
eth_getTransactionReceipt
eth_getBlockByNumber
eth_chainId
eth_sendTransaction

  Transaction: 0xb5a28571585f9ad283aee83afca85ea91ddc1a8b5cdd993e38a3a3ec902464dd
  Gas usage: 99528
  Block number: 901
  Block time: Wed Jun 10 2026 05:54:31 GMT+0900 (Korean Standard Time)

eth_chainId
eth_getTransactionReceipt
eth_getBlockByNumber
eth_chainId
eth_sendTransaction

  Transaction: 0xe0883e5bf79f576f627d433d220a33c3440549bb4a6d82b557453d47844e6df8
  Gas usage: 99516
  Block number: 902
  Block time: Wed Jun 10 2026 05:54:31 GMT+0900 (Korean Standard Time)

eth_chainId
eth_getTransactionReceipt
eth_getBlockByNumber
eth_chainId
eth_sendTransaction

  Transaction: 0x67b31ef992fe292d0f577957b89aad74191215fcf45e063299df29ed3d4db3da
  Gas usage: 99528
  Block number: 903
  Block time: Wed Jun 10 2026 05:54:31 GMT+0900 (Korean Standard Time)

eth_chainId
eth_getTransactionReceipt
eth_getBlockByNumber
eth_chainId
eth_sendTransaction

  Transaction: 0x6738eac1086f8eb80479cb36ec2d4fe4dee3f6424e749ee4a08bbae74e5de378
  Gas usage: 99528
  Block number: 904
  Block time: Wed Jun 10 2026 05:54:31 GMT+0900 (Korean Standard Time)

eth_chainId
eth_getTransactionReceipt
eth_getBlockByNumber
eth_chainId
eth_sendTransaction

  Transaction: 0xbad26067d08c6c3e1b7dac353441c88552e2837ff2a6ffa2563a4cebe88ee978
  Gas usage: 99528
  Block number: 905
  Block time: Wed Jun 10 2026 05:54:31 GMT+0900 (Korean Standard Time)

eth_chainId
eth_getTransactionReceipt
eth_getBlockByNumber
eth_chainId
eth_sendTransaction

  Transaction: 0x1e6485b70969f2c08a6e1b8d1ccef0277fcf849452bfacfa971e7de7e7ca8558
  Gas usage: 99528
  Block number: 906
  Block time: Wed Jun 10 2026 05:54:31 GMT+0900 (Korean Standard Time)

eth_chainId
eth_getTransactionReceipt
eth_getBlockByNumber
eth_chainId
eth_sendTransaction

  Transaction: 0x701df14ce3868f1f3158bd6ecc74c7e7970926d7b6da989294537599edbc7fd6
  Gas usage: 99528
  Block number: 907
  Block time: Wed Jun 10 2026 05:54:31 GMT+0900 (Korean Standard Time)

eth_chainId
eth_getTransactionReceipt
eth_getBlockByNumber
eth_chainId
eth_sendTransaction

  Transaction: 0x42f8aab3206c67c7f754d1cb9af510982cb2518d3663fe5a73f781fc9712cdca
  Gas usage: 99528
  Block number: 908
  Block time: Wed Jun 10 2026 05:54:31 GMT+0900 (Korean Standard Time)

eth_chainId
eth_getTransactionReceipt
eth_getBlockByNumber
eth_chainId
eth_sendTransaction

  Transaction: 0x9d6d87d2f4b2ab6e4120963999c0bde438f2732b536f62b7471880d498d2db58
  Gas usage: 99528
  Block number: 909
  Block time: Wed Jun 10 2026 05:54:31 GMT+0900 (Korean Standard Time)

eth_chainId
eth_getTransactionReceipt
eth_getBlockByNumber
eth_chainId
eth_sendTransaction

  Transaction: 0x355aa0e17cae1c23c29135d98365c8c626b27118dbd2345f695bf97986498da3
  Gas usage: 99528
  Block number: 910
  Block time: Wed Jun 10 2026 05:54:31 GMT+0900 (Korean Standard Time)

eth_chainId
eth_getTransactionReceipt
eth_getBlockByNumber
eth_chainId
eth_sendTransaction

  Transaction: 0xa584a79b6fb234ae160addebb30ae93da9f6cebe2b9ac37f3be3f357ba79be7a
  Gas usage: 99528
  Block number: 911
  Block time: Wed Jun 10 2026 05:54:32 GMT+0900 (Korean Standard Time)

eth_chainId
eth_getTransactionReceipt
eth_getBlockByNumber
eth_chainId
eth_sendTransaction

  Transaction: 0xdddb3e3a2ab502b66bd2ae15b26e524db4636db1858e2a4627bfa2a8f419eea7
  Gas usage: 99528
  Block number: 912
  Block time: Wed Jun 10 2026 05:54:32 GMT+0900 (Korean Standard Time)

eth_chainId
eth_getTransactionReceipt
eth_getBlockByNumber
eth_chainId
eth_sendTransaction

  Transaction: 0x795fc88de8b69d0a644eb65237fcd09b983a48cb3f6b04a78e77e91bdb726860
  Gas usage: 99516
  Block number: 913
  Block time: Wed Jun 10 2026 05:54:32 GMT+0900 (Korean Standard Time)

eth_chainId
eth_getTransactionReceipt
eth_getBlockByNumber
eth_chainId
eth_sendTransaction

  Transaction: 0x87e5a94ad26750373923741d45dd37e2292801d14ca6c615ef0841972f6cf50a
  Gas usage: 99528
  Block number: 914
  Block time: Wed Jun 10 2026 05:54:32 GMT+0900 (Korean Standard Time)

eth_chainId
eth_getTransactionReceipt
eth_getBlockByNumber
eth_chainId
eth_sendTransaction

  Transaction: 0xd18433fe86fc6dbc6330e02c6f40d1b232e3961fce4204c7801162c1f9991ce3
  Gas usage: 99528
  Block number: 915
  Block time: Wed Jun 10 2026 05:54:32 GMT+0900 (Korean Standard Time)

eth_chainId
eth_getTransactionReceipt
eth_getBlockByNumber
eth_chainId
eth_sendTransaction

  Transaction: 0xfed8737d1ccf5d0339dfb87b5138dc9d6770850278de152f57cab52932fec858
  Gas usage: 99528
  Block number: 916
  Block time: Wed Jun 10 2026 05:54:32 GMT+0900 (Korean Standard Time)

eth_chainId
eth_getTransactionReceipt
eth_getBlockByNumber
eth_chainId
eth_sendTransaction

  Transaction: 0xc6a5e70f32f004eaa8f8a1f07abc8d2305faf2f23b3fdbe5eb2d693b67b12a48
  Gas usage: 99528
  Block number: 917
  Block time: Wed Jun 10 2026 05:54:32 GMT+0900 (Korean Standard Time)

eth_chainId
eth_getTransactionReceipt
eth_getBlockByNumber
eth_chainId
eth_sendTransaction

  Transaction: 0x1852148e8cbecdd1b0112fbbc34ee00de70418b749624998c007c2c66228766b
  Gas usage: 99528
  Block number: 918
  Block time: Wed Jun 10 2026 05:54:32 GMT+0900 (Korean Standard Time)

eth_chainId
eth_getTransactionReceipt
eth_getBlockByNumber
eth_chainId
eth_sendTransaction

  Transaction: 0x4e6c20742f17aebd4054224dcda19ffa1488ca8fb8dc295dce2735efde97348c
  Gas usage: 99528
  Block number: 919
  Block time: Wed Jun 10 2026 05:54:32 GMT+0900 (Korean Standard Time)

eth_chainId
eth_getTransactionReceipt
eth_getBlockByNumber
eth_chainId
eth_sendTransaction

  Transaction: 0xa2147047ce0621bec0efc0eb156686a51600ce69c71b56ec277c5c938759a35f
  Gas usage: 99528
  Block number: 920
  Block time: Wed Jun 10 2026 05:54:32 GMT+0900 (Korean Standard Time)

eth_chainId
eth_getTransactionReceipt
eth_getBlockByNumber
eth_chainId
eth_sendTransaction

  Transaction: 0x3b14aab7d78d931a70e0207b2d0263ff5dee6d4f7b5aebc0bf694aa317b11519
  Gas usage: 99528
  Block number: 921
  Block time: Wed Jun 10 2026 05:54:32 GMT+0900 (Korean Standard Time)

eth_chainId
eth_getTransactionReceipt
eth_getBlockByNumber
eth_chainId
eth_sendTransaction

  Transaction: 0x99fc66d86c80289d2a65c01fdcbba8a38f944f0b126a3a16e3a8ab5b83f6f28b
  Gas usage: 99528
  Block number: 922
  Block time: Wed Jun 10 2026 05:54:32 GMT+0900 (Korean Standard Time)

eth_chainId
eth_getTransactionReceipt
eth_getBlockByNumber
eth_chainId
eth_sendTransaction

  Transaction: 0x6c9f42cee56f8ef07be42b31c42b5817142b649b76fbe5b063aa94e3957cf863
  Gas usage: 99528
  Block number: 923
  Block time: Wed Jun 10 2026 05:54:32 GMT+0900 (Korean Standard Time)

eth_chainId
eth_getTransactionReceipt
eth_getBlockByNumber
eth_chainId
eth_sendTransaction

  Transaction: 0x1c9216a94f9287c8fb95fc4544b07c57e8bf9d98140331e0168118cb67db48db
  Gas usage: 99528
  Block number: 924
  Block time: Wed Jun 10 2026 05:54:32 GMT+0900 (Korean Standard Time)

eth_chainId
eth_getTransactionReceipt
eth_getBlockByNumber
eth_chainId
eth_sendTransaction

  Transaction: 0xa7ee0494400dd36d083b24f163b25ed14acd4a1d23b6531a923299b99be07aec
  Gas usage: 99528
  Block number: 925
  Block time: Wed Jun 10 2026 05:54:32 GMT+0900 (Korean Standard Time)

eth_chainId
eth_getTransactionReceipt
eth_getBlockByNumber
eth_chainId
eth_sendTransaction

  Transaction: 0x06ab74a534a764aab29f0e689c3b685d71459a152657840d4cb3cdb120d6e3be
  Gas usage: 99528
  Block number: 926
  Block time: Wed Jun 10 2026 05:54:32 GMT+0900 (Korean Standard Time)

eth_chainId
eth_getTransactionReceipt
eth_getBlockByNumber
eth_chainId
eth_sendTransaction

  Transaction: 0x596dcaa0bca7f60b5ba1cb747f30ada30569494d9bd70a6740087dcf27ee1de8
  Gas usage: 99528
  Block number: 927
  Block time: Wed Jun 10 2026 05:54:32 GMT+0900 (Korean Standard Time)

eth_chainId
eth_getTransactionReceipt
eth_getBlockByNumber
eth_chainId
eth_sendTransaction

  Transaction: 0xa190a31cabb139a0b506d2c1b4089c0fc790ca1f2dabd035d26a1053ca29d0dd
  Gas usage: 99528
  Block number: 928
  Block time: Wed Jun 10 2026 05:54:32 GMT+0900 (Korean Standard Time)

eth_chainId
eth_getTransactionReceipt
eth_getBlockByNumber
eth_chainId
eth_sendTransaction

  Transaction: 0x946d93e61292bf5a738961c24e324c0566ba8336ff9070f62d0afa622f94b3a7
  Gas usage: 99528
  Block number: 929
  Block time: Wed Jun 10 2026 05:54:32 GMT+0900 (Korean Standard Time)

eth_chainId
eth_getTransactionReceipt
eth_getBlockByNumber
eth_chainId
eth_sendTransaction

  Transaction: 0xf57f96aab8b774d182ef5728f22bee2646ff0354084a5aeeea80d59e81886b5f
  Gas usage: 99528
  Block number: 930
  Block time: Wed Jun 10 2026 05:54:32 GMT+0900 (Korean Standard Time)

eth_chainId
eth_getTransactionReceipt
eth_getBlockByNumber
eth_chainId
eth_sendTransaction

  Transaction: 0x97e68f990cf20f5989b80f4fa37f9f980273c5e2b0ba1b57ab4facba32ac5a9a
  Gas usage: 99528
  Block number: 931
  Block time: Wed Jun 10 2026 05:54:32 GMT+0900 (Korean Standard Time)

eth_chainId
eth_getTransactionReceipt
eth_getBlockByNumber
eth_chainId
eth_sendTransaction

  Transaction: 0x3126cc0fe8db0a4e82e60c09b9d3a682082cd61cb57ef5e6caf4933407d87126
  Gas usage: 99528
  Block number: 932
  Block time: Wed Jun 10 2026 05:54:32 GMT+0900 (Korean Standard Time)

eth_chainId
eth_getTransactionReceipt
eth_getBlockByNumber
eth_chainId
eth_sendTransaction

  Transaction: 0x47dbd5b936096ba6894e09336f12d89562dc39adac04b6fb6cded0c3da2ce433
  Gas usage: 99528
  Block number: 933
  Block time: Wed Jun 10 2026 05:54:32 GMT+0900 (Korean Standard Time)

eth_chainId
eth_getTransactionReceipt
eth_getBlockByNumber
eth_chainId
eth_sendTransaction

  Transaction: 0x567a91d3258213358f316e944280a4bd2eceef9ea1e442c73aca656691a5e965
  Gas usage: 99516
  Block number: 934
  Block time: Wed Jun 10 2026 05:54:32 GMT+0900 (Korean Standard Time)

eth_chainId
eth_getTransactionReceipt
eth_getBlockByNumber
eth_chainId
eth_sendTransaction

  Transaction: 0x750f4bb860cd65c05a1031fb271f9640537386dde35c7f658c1c06545833ca39
  Gas usage: 99528
  Block number: 935
  Block time: Wed Jun 10 2026 05:54:32 GMT+0900 (Korean Standard Time)

eth_chainId
eth_getTransactionReceipt
eth_getBlockByNumber
eth_chainId
eth_sendTransaction

  Transaction: 0x6111eea6c2cb199841b3960f19681041a4ea10269517372b6522a2a37e5eeefb
  Gas usage: 99528
  Block number: 936
  Block time: Wed Jun 10 2026 05:54:32 GMT+0900 (Korean Standard Time)

eth_chainId
eth_getTransactionReceipt
eth_getBlockByNumber
eth_chainId
eth_sendTransaction

  Transaction: 0x44e84ef2c268237f09f8b6cfff9febb3c0ee3292a96bb6aa5a8cf9d5f82470cf
  Gas usage: 99516
  Block number: 937
  Block time: Wed Jun 10 2026 05:54:32 GMT+0900 (Korean Standard Time)

eth_chainId
eth_getTransactionReceipt
eth_getBlockByNumber
eth_chainId
eth_sendTransaction

  Transaction: 0x154f890630e7087c703fcfe9c721e8aab09ee64a43915a5837db7294c2c11f62
  Gas usage: 99516
  Block number: 938
  Block time: Wed Jun 10 2026 05:54:32 GMT+0900 (Korean Standard Time)

eth_chainId
eth_getTransactionReceipt
eth_getBlockByNumber
eth_chainId
eth_sendTransaction

  Transaction: 0xb70bd900c255a58970ed9a9824dde4ea05b65d27e16b2e22eb568359a293e2bd
  Gas usage: 99528
  Block number: 939
  Block time: Wed Jun 10 2026 05:54:32 GMT+0900 (Korean Standard Time)

eth_chainId
eth_getTransactionReceipt
eth_getBlockByNumber
eth_chainId
eth_sendTransaction

  Transaction: 0x1e6e40afb73c30be7ca0bc7dded666db46c7e6b4cf24617e8346513e37006912
  Gas usage: 99528
  Block number: 940
  Block time: Wed Jun 10 2026 05:54:32 GMT+0900 (Korean Standard Time)

eth_chainId
eth_getTransactionReceipt
eth_getBlockByNumber
eth_chainId
eth_sendTransaction

  Transaction: 0xfe3425cc9722bd1b4c4e591f58a7e2158864d10a6e86d3ccecf32e9983c6e005
  Gas usage: 99528
  Block number: 941
  Block time: Wed Jun 10 2026 05:54:32 GMT+0900 (Korean Standard Time)

eth_chainId
eth_getTransactionReceipt
eth_getBlockByNumber
eth_chainId
eth_sendTransaction

  Transaction: 0x750440a85d26e9801f99501791cf640472c6ff9179081bc710c8c2e496f28261
  Gas usage: 99528
  Block number: 942
  Block time: Wed Jun 10 2026 05:54:32 GMT+0900 (Korean Standard Time)

eth_chainId
eth_getTransactionReceipt
eth_getBlockByNumber
eth_chainId
eth_sendTransaction

  Transaction: 0xb8200e42f5f5111d647f2572ac0c03d46cfac25b780bfa3ac23176e571d15378
  Gas usage: 99528
  Block number: 943
  Block time: Wed Jun 10 2026 05:54:32 GMT+0900 (Korean Standard Time)

eth_chainId
eth_getTransactionReceipt
eth_getBlockByNumber
eth_chainId
eth_sendTransaction

  Transaction: 0xeede05eac90d6ba2695d3b9b3850bcb1fa432b224abcc6993f4908d6bcf70dca
  Gas usage: 99528
  Block number: 944
  Block time: Wed Jun 10 2026 05:54:32 GMT+0900 (Korean Standard Time)

eth_chainId
eth_getTransactionReceipt
eth_getBlockByNumber
eth_chainId
eth_sendTransaction

  Transaction: 0xa844fa47d8e13236f6be7344b22435756cdc2c0c3a622a1fbf69b5945a322f3f
  Gas usage: 99528
  Block number: 945
  Block time: Wed Jun 10 2026 05:54:32 GMT+0900 (Korean Standard Time)

eth_chainId
eth_getTransactionReceipt
eth_getBlockByNumber
eth_chainId
eth_sendTransaction

  Transaction: 0xb42ab6e38f1fcd0f7ff30c828e99e43c6b97e30fdf72645781855f6d5768d151
  Gas usage: 99528
  Block number: 946
  Block time: Wed Jun 10 2026 05:54:32 GMT+0900 (Korean Standard Time)

eth_chainId
eth_getTransactionReceipt
eth_getBlockByNumber
eth_chainId
eth_sendTransaction

  Transaction: 0xaaefc757b55637f122f81a295b04f46708a4fdd22bff160d64d6f63b901bcc5b
  Gas usage: 99516
  Block number: 947
  Block time: Wed Jun 10 2026 05:54:32 GMT+0900 (Korean Standard Time)

eth_chainId
eth_getTransactionReceipt
eth_getBlockByNumber
eth_chainId
eth_sendTransaction

  Transaction: 0x9456d1fadb96bff498fcbc9781576013a127923600034cd9ace97403aa59c03d
  Gas usage: 99528
  Block number: 948
  Block time: Wed Jun 10 2026 05:54:32 GMT+0900 (Korean Standard Time)

eth_chainId
eth_getTransactionReceipt
eth_getBlockByNumber
eth_chainId
eth_sendTransaction

  Transaction: 0x65a8574075471a9dbe3eaceddf1bd7b56bb746f1e530a9c1fb93747d48e14141
  Gas usage: 99516
  Block number: 949
  Block time: Wed Jun 10 2026 05:54:32 GMT+0900 (Korean Standard Time)

eth_chainId
eth_getTransactionReceipt
eth_getBlockByNumber
eth_chainId
eth_sendTransaction

  Transaction: 0x1c8620ec60a7c8e9813daac3e3600d091de82c6553737bfafe346dc02f228756
  Gas usage: 99528
  Block number: 950
  Block time: Wed Jun 10 2026 05:54:32 GMT+0900 (Korean Standard Time)

eth_chainId
eth_getTransactionReceipt
eth_getBlockByNumber
eth_chainId
eth_sendTransaction

  Transaction: 0x2278efbbea3d761d95d6190b05fb0592da22286a650d5fd82ece4d7d3ff07720
  Gas usage: 99528
  Block number: 951
  Block time: Wed Jun 10 2026 05:54:32 GMT+0900 (Korean Standard Time)

eth_chainId
eth_getTransactionReceipt
eth_getBlockByNumber
eth_chainId
eth_sendTransaction

  Transaction: 0x645a111619b7391de280070c465ee03f15828df709339d387e2bc47555eafc2a
  Gas usage: 99528
  Block number: 952
  Block time: Wed Jun 10 2026 05:54:32 GMT+0900 (Korean Standard Time)

eth_chainId
eth_getTransactionReceipt
eth_getBlockByNumber
eth_chainId
eth_sendTransaction

  Transaction: 0xd4175178a44f575d2887716e9d9d2d33e9c4db353b7c8085c0f19f3ce23a3da7
  Gas usage: 99528
  Block number: 953
  Block time: Wed Jun 10 2026 05:54:32 GMT+0900 (Korean Standard Time)

eth_chainId
eth_getTransactionReceipt
eth_getBlockByNumber
eth_chainId
eth_sendTransaction

  Transaction: 0xb154d306f445426ab58b03530c5bb493f5f0f81a40c71c7292bcd9afcf0ca767
  Gas usage: 99528
  Block number: 954
  Block time: Wed Jun 10 2026 05:54:32 GMT+0900 (Korean Standard Time)

eth_chainId
eth_getTransactionReceipt
eth_getBlockByNumber
eth_chainId
eth_sendTransaction

  Transaction: 0xc464494528d4cc33096788ad0ba44f227950b17f452ee31b0d7462a99102e595
  Gas usage: 99504
  Block number: 955
  Block time: Wed Jun 10 2026 05:54:32 GMT+0900 (Korean Standard Time)

eth_chainId
eth_getTransactionReceipt
eth_getBlockByNumber
eth_chainId
eth_sendTransaction

  Transaction: 0x6d18f48c496dd5f7400d2a49b24fe4b881bc143a8f90226bbf1ec30a28f0f9fa
  Gas usage: 99516
  Block number: 956
  Block time: Wed Jun 10 2026 05:54:32 GMT+0900 (Korean Standard Time)

eth_chainId
eth_getTransactionReceipt
eth_getBlockByNumber
eth_chainId
eth_sendTransaction

  Transaction: 0x6f2066fa7057b26d6601ff446cd48f0a47d4449d563d30c60a8c04027b5675da
  Gas usage: 99516
  Block number: 957
  Block time: Wed Jun 10 2026 05:54:32 GMT+0900 (Korean Standard Time)

eth_chainId
eth_getTransactionReceipt
eth_getBlockByNumber
eth_chainId
eth_sendTransaction

  Transaction: 0xc348cffec6d7a670a692634d3605339c94a65acb9e9c751e3500c84305804ab5
  Gas usage: 99528
  Block number: 958
  Block time: Wed Jun 10 2026 05:54:32 GMT+0900 (Korean Standard Time)

eth_chainId
eth_getTransactionReceipt
eth_getBlockByNumber
eth_chainId
eth_sendTransaction

  Transaction: 0x2cd09b0110ed34c21477a3d4095d579b7b8db583e89e2f86d66e53b9307b5199
  Gas usage: 99528
  Block number: 959
  Block time: Wed Jun 10 2026 05:54:32 GMT+0900 (Korean Standard Time)

eth_chainId
eth_getTransactionReceipt
eth_getBlockByNumber
eth_chainId
eth_sendTransaction

  Transaction: 0x085a8722135a5cdcac4e73b9f2b261d1150affa5bcf4fc18a220404a8e11c2a8
  Gas usage: 99528
  Block number: 960
  Block time: Wed Jun 10 2026 05:54:32 GMT+0900 (Korean Standard Time)

eth_chainId
eth_getTransactionReceipt
eth_getBlockByNumber
eth_chainId
eth_sendTransaction

  Transaction: 0x01c2c93a4bd6f131484b66f3dc826af36b3836bea6d748700dc4e5ff7bd0fbca
  Gas usage: 99528
  Block number: 961
  Block time: Wed Jun 10 2026 05:54:32 GMT+0900 (Korean Standard Time)

eth_chainId
eth_getTransactionReceipt
eth_getBlockByNumber
eth_chainId
eth_sendTransaction

  Transaction: 0x54764a423d1e7afd32421a63e0df580fd30ff1da28f445fe245c882dc8a54a0a
  Gas usage: 99528
  Block number: 962
  Block time: Wed Jun 10 2026 05:54:32 GMT+0900 (Korean Standard Time)

eth_chainId
eth_getTransactionReceipt
eth_getBlockByNumber
eth_chainId
eth_sendTransaction

  Transaction: 0x4bbe5031c83b5e0b2c6af5e535564543d2299887e206e931478e0d27c80bb448
  Gas usage: 99528
  Block number: 963
  Block time: Wed Jun 10 2026 05:54:32 GMT+0900 (Korean Standard Time)

eth_chainId
eth_getTransactionReceipt
eth_getBlockByNumber
eth_chainId
eth_sendTransaction

  Transaction: 0x9753592904cd45bfe2b53460320bf475bd5a91d48e95a7f9e1556bd1a12d1b16
  Gas usage: 99528
  Block number: 964
  Block time: Wed Jun 10 2026 05:54:32 GMT+0900 (Korean Standard Time)

eth_chainId
eth_getTransactionReceipt
eth_getBlockByNumber
eth_chainId
eth_sendTransaction

  Transaction: 0xc60004b457b5a323ce3042a4801c392834802f155544e8f5af458ebebb89a18c
  Gas usage: 99528
  Block number: 965
  Block time: Wed Jun 10 2026 05:54:32 GMT+0900 (Korean Standard Time)

eth_chainId
eth_getTransactionReceipt
eth_getBlockByNumber
eth_chainId
eth_sendTransaction

  Transaction: 0x154b4b7e36c9210766930e8a15c00c0271ba6797df479adfecab7d62112db992
  Gas usage: 99528
  Block number: 966
  Block time: Wed Jun 10 2026 05:54:32 GMT+0900 (Korean Standard Time)

eth_chainId
eth_getTransactionReceipt
eth_getBlockByNumber
eth_chainId
eth_sendTransaction

  Transaction: 0x1b300f582b96dd6ef672d2bc311a314c252e02dc36fa8669d04f42c71333408a
  Gas usage: 99528
  Block number: 967
  Block time: Wed Jun 10 2026 05:54:32 GMT+0900 (Korean Standard Time)

eth_chainId
eth_getTransactionReceipt
eth_getBlockByNumber
eth_chainId
eth_sendTransaction

  Transaction: 0xad6580df6e3450b7e17991624c135328c2b4b8a70c6f6d2e1c646f4c10721867
  Gas usage: 99528
  Block number: 968
  Block time: Wed Jun 10 2026 05:54:32 GMT+0900 (Korean Standard Time)

eth_chainId
eth_getTransactionReceipt
eth_getBlockByNumber
eth_chainId
eth_sendTransaction

  Transaction: 0x22ed631fc65b04a9b0ed7dd92ebd673262c7a6b3d49421adc38a4f3bfe0a532a
  Gas usage: 99528
  Block number: 969
  Block time: Wed Jun 10 2026 05:54:32 GMT+0900 (Korean Standard Time)

eth_chainId
eth_getTransactionReceipt
eth_getBlockByNumber
eth_chainId
eth_sendTransaction

  Transaction: 0xf45d05efd363e8c8615240b19344cac9a38273f53fe8f0e921dd62af85168b61
  Gas usage: 99528
  Block number: 970
  Block time: Wed Jun 10 2026 05:54:32 GMT+0900 (Korean Standard Time)

eth_chainId
eth_getTransactionReceipt
eth_getBlockByNumber
eth_chainId
eth_sendTransaction

  Transaction: 0xc40288e0610554f15cab570dfa48fbaadd08dfa064692a31c39703980ae5b4cc
  Gas usage: 99528
  Block number: 971
  Block time: Wed Jun 10 2026 05:54:32 GMT+0900 (Korean Standard Time)

eth_chainId
eth_getTransactionReceipt
eth_getBlockByNumber
eth_chainId
eth_sendTransaction

  Transaction: 0x603968b03e9493ce0392ac3eca48eaa960c8c457e4021c7c81b9cc88fa564810
  Gas usage: 99528
  Block number: 972
  Block time: Wed Jun 10 2026 05:54:32 GMT+0900 (Korean Standard Time)

eth_chainId
eth_getTransactionReceipt
eth_getBlockByNumber
eth_chainId
eth_sendTransaction

  Transaction: 0xe6dec60682fdb5506faf22116c50be23086d087d49d3ff942f58d20fc621d1ce
  Gas usage: 99528
  Block number: 973
  Block time: Wed Jun 10 2026 05:54:33 GMT+0900 (Korean Standard Time)

eth_chainId
eth_getTransactionReceipt
eth_getBlockByNumber
eth_chainId
eth_sendTransaction

  Transaction: 0x76bc11b966c3bd3992388f0e275426690def6973468135865674af6c0ddd19dc
  Gas usage: 99528
  Block number: 974
  Block time: Wed Jun 10 2026 05:54:33 GMT+0900 (Korean Standard Time)

eth_chainId
eth_getTransactionReceipt
eth_getBlockByNumber
eth_chainId
eth_sendTransaction

  Transaction: 0x6289bfe573e56c95d50cec16c5bb4f63d165172eb3cd2b06bce6786791f2a2d4
  Gas usage: 99528
  Block number: 975
  Block time: Wed Jun 10 2026 05:54:33 GMT+0900 (Korean Standard Time)

eth_chainId
eth_getTransactionReceipt
eth_getBlockByNumber
eth_chainId
eth_sendTransaction

  Transaction: 0xd6538baa90b56b99c30081a4582d2d7c289c355e9aa38a03192a7049e799d04f
  Gas usage: 99528
  Block number: 976
  Block time: Wed Jun 10 2026 05:54:33 GMT+0900 (Korean Standard Time)

eth_chainId
eth_getTransactionReceipt
eth_getBlockByNumber
eth_chainId
eth_sendTransaction

  Transaction: 0x26f60602f2974b5de1d2d9526170a7e0e3ee4026b224fc7292773625568659a8
  Gas usage: 99528
  Block number: 977
  Block time: Wed Jun 10 2026 05:54:33 GMT+0900 (Korean Standard Time)

eth_chainId
eth_getTransactionReceipt
eth_getBlockByNumber
eth_chainId
eth_sendTransaction

  Transaction: 0x0659d246be5f75a6d3891254fd6fcf3f9a8b1e0ade8283eef3372fb8ae825a51
  Gas usage: 99516
  Block number: 978
  Block time: Wed Jun 10 2026 05:54:33 GMT+0900 (Korean Standard Time)

eth_chainId
eth_getTransactionReceipt
eth_getBlockByNumber
eth_chainId
eth_sendTransaction

  Transaction: 0xbbe9197de3a1a76edb92d67b1cd6fb7004067f1b86dc46fbae191010971d184f
  Gas usage: 99528
  Block number: 979
  Block time: Wed Jun 10 2026 05:54:33 GMT+0900 (Korean Standard Time)

eth_chainId
eth_getTransactionReceipt
eth_getBlockByNumber
eth_chainId
eth_sendTransaction

  Transaction: 0x3f9a49f3f069e0eb82792db3de488a09ed8453ca686799ab7d078692d1c31ca5
  Gas usage: 99528
  Block number: 980
  Block time: Wed Jun 10 2026 05:54:33 GMT+0900 (Korean Standard Time)

eth_chainId
eth_getTransactionReceipt
eth_getBlockByNumber
eth_chainId
eth_sendTransaction

  Transaction: 0xf7fc56bd5e3c423240ab6ab7932132595a3429596bbab17db78f1c4fee3294d9
  Gas usage: 99528
  Block number: 981
  Block time: Wed Jun 10 2026 05:54:33 GMT+0900 (Korean Standard Time)

eth_chainId
eth_getTransactionReceipt
eth_getBlockByNumber
eth_chainId
eth_sendTransaction

  Transaction: 0x0b580c6c98f0270b70e65f418df8954faa0ae0635db19e05ce6c1fd4d6b3ba13
  Gas usage: 99528
  Block number: 982
  Block time: Wed Jun 10 2026 05:54:33 GMT+0900 (Korean Standard Time)

eth_chainId
eth_getTransactionReceipt
eth_getBlockByNumber
eth_chainId
eth_sendTransaction

  Transaction: 0xa0cac79ef26dd03ba932f947c356410b40c0557c82f4f6ed80aea3e460d789bf
  Gas usage: 99528
  Block number: 983
  Block time: Wed Jun 10 2026 05:54:33 GMT+0900 (Korean Standard Time)

eth_chainId
eth_getTransactionReceipt
eth_getBlockByNumber
eth_chainId
eth_sendTransaction

  Transaction: 0xa63a778d924bde09e3ebeedc6d3a2feed9a38d2c502cf93d842e2ec30d668015
  Gas usage: 99528
  Block number: 984
  Block time: Wed Jun 10 2026 05:54:33 GMT+0900 (Korean Standard Time)

eth_chainId
eth_getTransactionReceipt
eth_getBlockByNumber
eth_chainId
eth_sendTransaction

  Transaction: 0xa9bc4ae62d6858bfb2684c27614380d8e3fd3a5eb28626508245677b502c16f7
  Gas usage: 99528
  Block number: 985
  Block time: Wed Jun 10 2026 05:54:33 GMT+0900 (Korean Standard Time)

eth_chainId
eth_getTransactionReceipt
eth_getBlockByNumber
eth_chainId
eth_sendTransaction

  Transaction: 0x336b296eaaefdb71117a8c1f8cde11583a825a4df5b47156edaa0c8a7498c3ce
  Gas usage: 99528
  Block number: 986
  Block time: Wed Jun 10 2026 05:54:33 GMT+0900 (Korean Standard Time)

eth_chainId
eth_getTransactionReceipt
eth_getBlockByNumber
eth_chainId
eth_sendTransaction

  Transaction: 0x73a6b892fcfb732c275e167c4829450ecf09dcad75374d28634603ccb42e79c6
  Gas usage: 99528
  Block number: 987
  Block time: Wed Jun 10 2026 05:54:33 GMT+0900 (Korean Standard Time)

eth_chainId
eth_getTransactionReceipt
eth_getBlockByNumber
eth_chainId
eth_sendTransaction

  Transaction: 0x406babd49c0e468f6cf6827c28af819bd20c6ea3b39b1c54ec883ab18ddb78a2
  Gas usage: 99528
  Block number: 988
  Block time: Wed Jun 10 2026 05:54:33 GMT+0900 (Korean Standard Time)

eth_chainId
eth_getTransactionReceipt
eth_getBlockByNumber
eth_chainId
eth_sendTransaction

  Transaction: 0x115c5a8b3ef0e9e9b83619c50f14f19e14fa4810dc0af68d7eb62f2869496741
  Gas usage: 99528
  Block number: 989
  Block time: Wed Jun 10 2026 05:54:33 GMT+0900 (Korean Standard Time)

eth_chainId
eth_getTransactionReceipt
eth_getBlockByNumber
eth_chainId
eth_sendTransaction

  Transaction: 0xe14e45bfdd7caab3f108c952b18653f9feb5fc53adaa57b5b797b845be69eb5d
  Gas usage: 99528
  Block number: 990
  Block time: Wed Jun 10 2026 05:54:33 GMT+0900 (Korean Standard Time)

eth_chainId
eth_getTransactionReceipt
eth_getBlockByNumber
eth_chainId
eth_sendTransaction

  Transaction: 0xadd43c166a20f5c84216be10fc5df08159e52dd06e04a3346b6f7c3892b374d9
  Gas usage: 99528
  Block number: 991
  Block time: Wed Jun 10 2026 05:54:33 GMT+0900 (Korean Standard Time)

eth_chainId
eth_getTransactionReceipt
eth_getBlockByNumber
eth_chainId
eth_sendTransaction

  Transaction: 0x438915ba0c377552ca56fd50835755156a8d34ae90d8ec609cdc0412ee2105e6
  Gas usage: 99528
  Block number: 992
  Block time: Wed Jun 10 2026 05:54:33 GMT+0900 (Korean Standard Time)

eth_chainId
eth_getTransactionReceipt
eth_getBlockByNumber
eth_chainId
eth_sendTransaction

  Transaction: 0x33076a0fcbee0998f4a271e7e7a6a992ba45b3dbf9c1a5af3e361b2dd4c0f5c6
  Gas usage: 99528
  Block number: 993
  Block time: Wed Jun 10 2026 05:54:33 GMT+0900 (Korean Standard Time)

eth_chainId
eth_getTransactionReceipt
eth_getBlockByNumber
eth_chainId
eth_sendTransaction

  Transaction: 0xd5f81977c0bfb6d9af53218a1a942fae87ad71420eb804206e9e771655ed4400
  Gas usage: 99528
  Block number: 994
  Block time: Wed Jun 10 2026 05:54:33 GMT+0900 (Korean Standard Time)

eth_chainId
eth_getTransactionReceipt
eth_getBlockByNumber
eth_chainId
eth_sendTransaction

  Transaction: 0x5c37424ea3b9b6dfd8a04db5f6fef2a3a6e8fc205be97d2db3e8bc206bd0622f
  Gas usage: 99528
  Block number: 995
  Block time: Wed Jun 10 2026 05:54:33 GMT+0900 (Korean Standard Time)

eth_chainId
eth_getTransactionReceipt
eth_getBlockByNumber
eth_chainId
eth_sendTransaction

  Transaction: 0x5a4794e5d2a8cb42ebfa664228cf5e5464214434f94e9984c6ac18ff1e9c300d
  Gas usage: 99528
  Block number: 996
  Block time: Wed Jun 10 2026 05:54:33 GMT+0900 (Korean Standard Time)

eth_chainId
eth_getTransactionReceipt
eth_getBlockByNumber
eth_chainId
eth_sendTransaction

  Transaction: 0x49491400b462e542901f3dd1921029f7ffa0d58740499bf32a7d6d641e81eb22
  Gas usage: 99528
  Block number: 997
  Block time: Wed Jun 10 2026 05:54:33 GMT+0900 (Korean Standard Time)

eth_chainId
eth_getTransactionReceipt
eth_getBlockByNumber
eth_chainId
eth_sendTransaction

  Transaction: 0xc6e18f58b96c7bed04246a73ba57120a3a4152a1a25cf745cc3cf775e8b45e9d
  Gas usage: 99516
  Block number: 998
  Block time: Wed Jun 10 2026 05:54:33 GMT+0900 (Korean Standard Time)

eth_chainId
eth_getTransactionReceipt
eth_getBlockByNumber
eth_chainId
eth_sendTransaction

  Transaction: 0x6ce19034b069120d12ad241d9863653c9cb08569e7a143b1e5a388dd6be763e7
  Gas usage: 99528
  Block number: 999
  Block time: Wed Jun 10 2026 05:54:33 GMT+0900 (Korean Standard Time)

eth_chainId
eth_getTransactionReceipt
eth_getBlockByNumber
eth_chainId
eth_sendTransaction

  Transaction: 0xa2e0fc46e19dec6c7ca955ec0cfd73d60256e867f4d7c46002249623bbde9e81
  Gas usage: 99528
  Block number: 1000
  Block time: Wed Jun 10 2026 05:54:33 GMT+0900 (Korean Standard Time)

eth_chainId
eth_getTransactionReceipt
eth_getBlockByNumber
eth_chainId
eth_sendTransaction

  Transaction: 0x09c9de20bc83653526ec2b76d793fa0af8fe586cd1755885bbe9d642e2f926dd
  Gas usage: 99528
  Block number: 1001
  Block time: Wed Jun 10 2026 05:54:33 GMT+0900 (Korean Standard Time)

eth_chainId
eth_getTransactionReceipt
eth_getBlockByNumber
eth_chainId
eth_sendTransaction

  Transaction: 0x491caec966167bdeeb25d97d9b4076e103c69ca2897975e2d3767585804db281
  Gas usage: 99516
  Block number: 1002
  Block time: Wed Jun 10 2026 05:54:33 GMT+0900 (Korean Standard Time)

eth_chainId
eth_getTransactionReceipt
eth_getBlockByNumber
eth_chainId
eth_sendTransaction

  Transaction: 0xf9d429df94b8b5ac9b1b406ef034558cb99853dfaa100b2c941bf6d8c5e4c3b8
  Gas usage: 99528
  Block number: 1003
  Block time: Wed Jun 10 2026 05:54:33 GMT+0900 (Korean Standard Time)

eth_chainId
eth_getTransactionReceipt
eth_getBlockByNumber
eth_chainId
eth_sendTransaction

  Transaction: 0xe474c714952e390fc47009918bb04aaafba13f944e189b8e1673f2dc5223a86e
  Gas usage: 99528
  Block number: 1004
  Block time: Wed Jun 10 2026 05:54:33 GMT+0900 (Korean Standard Time)

eth_chainId
eth_getTransactionReceipt
eth_getBlockByNumber
eth_chainId
eth_sendTransaction

  Transaction: 0x73d5d41cf5b60c1213f7cf2140fda0f0c4ece6b1880cc38ecc4550fd623663bd
  Gas usage: 99528
  Block number: 1005
  Block time: Wed Jun 10 2026 05:54:33 GMT+0900 (Korean Standard Time)

eth_chainId
eth_getTransactionReceipt
eth_getBlockByNumber
eth_chainId
eth_sendTransaction

  Transaction: 0xae62c321371cd434558e9a278261b271cc663f184823bca9c0e5dc65d959cfa1
  Gas usage: 99528
  Block number: 1006
  Block time: Wed Jun 10 2026 05:54:33 GMT+0900 (Korean Standard Time)

eth_chainId
eth_getTransactionReceipt
eth_getBlockByNumber
eth_chainId
eth_sendTransaction

  Transaction: 0x4c0b009383211437800e82620c46415c86e4969569508e8d1448b88cc8d32e62
  Gas usage: 99528
  Block number: 1007
  Block time: Wed Jun 10 2026 05:54:33 GMT+0900 (Korean Standard Time)

eth_chainId
eth_getTransactionReceipt
eth_getBlockByNumber
eth_chainId
eth_sendTransaction

  Transaction: 0x9da909917dc313c4eb8b7a92b0115a1b62e1cc52b9481907b0652495bb67c918
  Gas usage: 99528
  Block number: 1008
  Block time: Wed Jun 10 2026 05:54:33 GMT+0900 (Korean Standard Time)

eth_chainId
eth_getTransactionReceipt
eth_getBlockByNumber
eth_chainId
eth_sendTransaction

  Transaction: 0x070605cc22e833c3482d2559cd64783e3e935d7d036de0ffe4f3e4415a71636d
  Gas usage: 99528
  Block number: 1009
  Block time: Wed Jun 10 2026 05:54:33 GMT+0900 (Korean Standard Time)

eth_chainId
eth_getTransactionReceipt
eth_getBlockByNumber
eth_chainId
eth_sendTransaction

  Transaction: 0xc428f4bb4b8aa99d6744ebd4d8941d0100e57bcd034dd8976ab54d34d4d465f1
  Gas usage: 99528
  Block number: 1010
  Block time: Wed Jun 10 2026 05:54:33 GMT+0900 (Korean Standard Time)

eth_chainId
eth_getTransactionReceipt
eth_getBlockByNumber
eth_chainId
eth_sendTransaction

  Transaction: 0x64f9d4bdc7db45693b9f3cd4e69055c9c39539138137d47c4f02cf13393c6212
  Gas usage: 99528
  Block number: 1011
  Block time: Wed Jun 10 2026 05:54:33 GMT+0900 (Korean Standard Time)

eth_chainId
eth_getTransactionReceipt
eth_getBlockByNumber
eth_chainId
eth_sendTransaction

  Transaction: 0x95ceb44e1c651db40699b218fd9f77bc4f87d948474052f177a51bc12cd86b3e
  Gas usage: 99528
  Block number: 1012
  Block time: Wed Jun 10 2026 05:54:33 GMT+0900 (Korean Standard Time)

eth_chainId
eth_getTransactionReceipt
eth_getBlockByNumber
eth_chainId
eth_sendTransaction

  Transaction: 0x5d4822b70312165f9feca937d412ea00e37bfbc2382889d3bb850bc0ae547b9c
  Gas usage: 99528
  Block number: 1013
  Block time: Wed Jun 10 2026 05:54:33 GMT+0900 (Korean Standard Time)

eth_chainId
eth_getTransactionReceipt
eth_getBlockByNumber
eth_chainId
eth_sendTransaction

  Transaction: 0x063fd01d30be43491ab6c8bbcbca436271c31f0d64954d8c9776987af9bdf4ea
  Gas usage: 99528
  Block number: 1014
  Block time: Wed Jun 10 2026 05:54:33 GMT+0900 (Korean Standard Time)

eth_chainId
eth_getTransactionReceipt
eth_getBlockByNumber
eth_chainId
eth_sendTransaction

  Transaction: 0x8691826adfb34bcc86c367a168162d8fc0332a512995657828ff7939d4db4b26
  Gas usage: 99528
  Block number: 1015
  Block time: Wed Jun 10 2026 05:54:33 GMT+0900 (Korean Standard Time)

eth_chainId
eth_getTransactionReceipt
eth_getBlockByNumber
eth_chainId
eth_sendTransaction

  Transaction: 0x224bfe15e4c0d7644bcc4d80719403faafe5c2529431941f6fe77b2b79516c7e
  Gas usage: 99528
  Block number: 1016
  Block time: Wed Jun 10 2026 05:54:33 GMT+0900 (Korean Standard Time)

eth_chainId
eth_getTransactionReceipt
eth_getBlockByNumber
eth_chainId
eth_sendTransaction

  Transaction: 0x7886ba44bd62a4c19914e1449cf0fe354a8031c2ef1d4cbd72d1acbaf3d433cc
  Gas usage: 99528
  Block number: 1017
  Block time: Wed Jun 10 2026 05:54:33 GMT+0900 (Korean Standard Time)

eth_chainId
eth_getTransactionReceipt
eth_getBlockByNumber
eth_chainId
eth_sendTransaction

  Transaction: 0xf8ee99db050f02802bf6759d67dc00444f5a43901667ada46ebfdf879c27d07e
  Gas usage: 99528
  Block number: 1018
  Block time: Wed Jun 10 2026 05:54:33 GMT+0900 (Korean Standard Time)

eth_chainId
eth_getTransactionReceipt
eth_getBlockByNumber
eth_chainId
eth_sendTransaction

  Transaction: 0x4d00e0e76ea111703ed7b9a1e769a165ac8ad189d2844a4b4e161382606fdcec
  Gas usage: 99528
  Block number: 1019
  Block time: Wed Jun 10 2026 05:54:33 GMT+0900 (Korean Standard Time)

eth_chainId
eth_getTransactionReceipt
eth_getBlockByNumber
eth_chainId
eth_sendTransaction

  Transaction: 0x4645882f33deff084fbdd673f8f95792253f0e0ca8ef8f9fdaf3f710735bcadd
  Gas usage: 99528
  Block number: 1020
  Block time: Wed Jun 10 2026 05:54:33 GMT+0900 (Korean Standard Time)

eth_chainId
eth_getTransactionReceipt
eth_getBlockByNumber
eth_chainId
eth_sendTransaction

  Transaction: 0x33ac2c999f12ccb9318362d6b02912a0d182665c81ac6c0817a81d9105a096aa
  Gas usage: 99528
  Block number: 1021
  Block time: Wed Jun 10 2026 05:54:33 GMT+0900 (Korean Standard Time)

eth_chainId
eth_getTransactionReceipt
eth_getBlockByNumber
eth_chainId
eth_sendTransaction

  Transaction: 0x34aea32dbee9097081d1c758f2aab92376940d10d8e34831d749acf9690137e5
  Gas usage: 99528
  Block number: 1022
  Block time: Wed Jun 10 2026 05:54:33 GMT+0900 (Korean Standard Time)

eth_chainId
eth_getTransactionReceipt
eth_getBlockByNumber
eth_chainId
eth_sendTransaction

  Transaction: 0x364440ee8dcae444a05995cb73687b0f8283a45f088f1172b50f57206042937b
  Gas usage: 99528
  Block number: 1023
  Block time: Wed Jun 10 2026 05:54:33 GMT+0900 (Korean Standard Time)

eth_chainId
eth_getTransactionReceipt
eth_getBlockByNumber
eth_chainId
eth_sendTransaction

  Transaction: 0x4709d18787e95989c4c7abc7010aa87b6d6400dedf9251d30fa11995acefa5f1
  Gas usage: 99516
  Block number: 1024
  Block time: Wed Jun 10 2026 05:54:33 GMT+0900 (Korean Standard Time)

eth_chainId
eth_getTransactionReceipt
eth_getBlockByNumber
eth_chainId
eth_sendTransaction

  Transaction: 0xa04c79aa68f6e9e02f918fe9b703c7f18c7b8cb5af931b486e1d3b567bc39921
  Gas usage: 99528
  Block number: 1025
  Block time: Wed Jun 10 2026 05:54:33 GMT+0900 (Korean Standard Time)

eth_chainId
eth_getTransactionReceipt
eth_getBlockByNumber
eth_chainId
eth_sendTransaction

  Transaction: 0x243991d48a683648a474c8f7957a36a0fef15b7d9a38826c829d78d3f746067b
  Gas usage: 99528
  Block number: 1026
  Block time: Wed Jun 10 2026 05:54:33 GMT+0900 (Korean Standard Time)

eth_chainId
eth_getTransactionReceipt
eth_getBlockByNumber
eth_chainId
eth_sendTransaction

  Transaction: 0x74346718cebb9ba37af857df3d231928bf6feac47ac4bc68da8c03a0ad841b9c
  Gas usage: 99516
  Block number: 1027
  Block time: Wed Jun 10 2026 05:54:33 GMT+0900 (Korean Standard Time)

eth_chainId
eth_getTransactionReceipt
eth_getBlockByNumber
eth_chainId
eth_sendTransaction

  Transaction: 0xe215ca21153e2477b358ad2d219187b42ca4680255fc904fba9625371595e43b
  Gas usage: 99528
  Block number: 1028
  Block time: Wed Jun 10 2026 05:54:33 GMT+0900 (Korean Standard Time)

eth_chainId
eth_getTransactionReceipt
eth_getBlockByNumber
eth_chainId
eth_sendTransaction

  Transaction: 0xe37e08ca273f60c831c11abb9ef92b5006ad38d25e9a0ee843b3771b8fd19a0a
  Gas usage: 99528
  Block number: 1029
  Block time: Wed Jun 10 2026 05:54:33 GMT+0900 (Korean Standard Time)

eth_chainId
eth_getTransactionReceipt
eth_getBlockByNumber
eth_chainId
eth_sendTransaction

  Transaction: 0x107427ca9062d8b29e3233f4acb3114512763bf2d54af5947a51032bb5ab8322
  Gas usage: 99528
  Block number: 1030
  Block time: Wed Jun 10 2026 05:54:33 GMT+0900 (Korean Standard Time)

eth_chainId
eth_getTransactionReceipt
eth_getBlockByNumber
eth_chainId
eth_sendTransaction

  Transaction: 0xf84ef88012c0a14758103a6c13c467f81f14adc7fb6437fbaee1924b8c4eecde
  Gas usage: 99516
  Block number: 1031
  Block time: Wed Jun 10 2026 05:54:33 GMT+0900 (Korean Standard Time)

eth_chainId
eth_getTransactionReceipt
eth_getBlockByNumber
eth_chainId
eth_sendTransaction

  Transaction: 0x4c0a08a99337108093d9351e97634eeb61a7574b0f1cc62863198bbcd18be92f
  Gas usage: 99528
  Block number: 1032
  Block time: Wed Jun 10 2026 05:54:33 GMT+0900 (Korean Standard Time)

eth_chainId
eth_getTransactionReceipt
eth_getBlockByNumber
eth_chainId
eth_sendTransaction

  Transaction: 0x37e036861783746d33a2a46641bbfef86241ea2a5bc59f957f75a8c77df2acf7
  Gas usage: 99516
  Block number: 1033
  Block time: Wed Jun 10 2026 05:54:33 GMT+0900 (Korean Standard Time)

eth_chainId
eth_getTransactionReceipt
eth_getBlockByNumber
eth_chainId
eth_sendTransaction

  Transaction: 0x688f336d34c08d9d8f7541c6cc19bf8d8f41907cbed21995968728563fdea7b2
  Gas usage: 99528
  Block number: 1034
  Block time: Wed Jun 10 2026 05:54:33 GMT+0900 (Korean Standard Time)

eth_chainId
eth_getTransactionReceipt
eth_getBlockByNumber
eth_chainId
eth_sendTransaction

  Transaction: 0xf7c4b839301688becb99b0a4c602939233c4c1676843d85c38ff64500c0f08c7
  Gas usage: 99528
  Block number: 1035
  Block time: Wed Jun 10 2026 05:54:34 GMT+0900 (Korean Standard Time)

eth_chainId
eth_getTransactionReceipt
eth_getBlockByNumber
eth_chainId
eth_sendTransaction

  Transaction: 0x28bb7139e780e1895e9665ea1d44adfdfc02b9ee8b187a773660c06ca57faec9
  Gas usage: 99528
  Block number: 1036
  Block time: Wed Jun 10 2026 05:54:34 GMT+0900 (Korean Standard Time)

eth_chainId
eth_getTransactionReceipt
eth_getBlockByNumber
eth_chainId
eth_sendTransaction

  Transaction: 0xd5ea064803425965a30c57f81e4a9420fb88f01dd82da6980ac6ca831e510c4d
  Gas usage: 99528
  Block number: 1037
  Block time: Wed Jun 10 2026 05:54:34 GMT+0900 (Korean Standard Time)

eth_chainId
eth_getTransactionReceipt
eth_getBlockByNumber
eth_chainId
eth_sendTransaction

  Transaction: 0x0f006c2fcb049816e4e3878b5fe2a313c4c111087e1ebf184f6df031b60ddc20
  Gas usage: 99528
  Block number: 1038
  Block time: Wed Jun 10 2026 05:54:34 GMT+0900 (Korean Standard Time)

eth_chainId
eth_getTransactionReceipt
eth_getBlockByNumber
eth_chainId
eth_sendTransaction

  Transaction: 0xfcc6a0132bf30cc38e19a1e2569d38a5e39e631ba20660cd091bb784bfb7b2af
  Gas usage: 99528
  Block number: 1039
  Block time: Wed Jun 10 2026 05:54:34 GMT+0900 (Korean Standard Time)

eth_chainId
eth_getTransactionReceipt
eth_getBlockByNumber
eth_chainId
eth_sendTransaction

  Transaction: 0xc6141b17ff14dd76a7d3bed3c6e8e7d792bcb49a0e9a78fc54e3370da9dcabee
  Gas usage: 99528
  Block number: 1040
  Block time: Wed Jun 10 2026 05:54:34 GMT+0900 (Korean Standard Time)

eth_chainId
eth_getTransactionReceipt
eth_getBlockByNumber
eth_chainId
eth_sendTransaction

  Transaction: 0x449f3f5e5fbdd54e989452f70667d2c0ce785021f74c6378392d9f05f84abd5c
  Gas usage: 99528
  Block number: 1041
  Block time: Wed Jun 10 2026 05:54:34 GMT+0900 (Korean Standard Time)

eth_chainId
eth_getTransactionReceipt
eth_getBlockByNumber
eth_chainId
eth_sendTransaction

  Transaction: 0x44294b164237f8d8ce36e5864849cb5718670c2f10b41a60a152929fc945d43b
  Gas usage: 99528
  Block number: 1042
  Block time: Wed Jun 10 2026 05:54:34 GMT+0900 (Korean Standard Time)

eth_chainId
eth_getTransactionReceipt
eth_getBlockByNumber
eth_chainId
eth_sendTransaction

  Transaction: 0x481b8ef14fc5f69c50db976f88602647e00c2647735e9ea94d510a745a69d739
  Gas usage: 99528
  Block number: 1043
  Block time: Wed Jun 10 2026 05:54:34 GMT+0900 (Korean Standard Time)

eth_chainId
eth_getTransactionReceipt
eth_getBlockByNumber
eth_chainId
eth_sendTransaction

  Transaction: 0xc560192188262ee511fca250ace5bf5c9cccb42a5e8241a44daa301bcce8db37
  Gas usage: 99528
  Block number: 1044
  Block time: Wed Jun 10 2026 05:54:34 GMT+0900 (Korean Standard Time)

eth_chainId
eth_getTransactionReceipt
eth_getBlockByNumber
eth_chainId
eth_sendTransaction

  Transaction: 0x56ca02af7f848bf4aacb0d37f4a5127ada980bdbf2a6cefcccac4e6424dbec0b
  Gas usage: 99528
  Block number: 1045
  Block time: Wed Jun 10 2026 05:54:34 GMT+0900 (Korean Standard Time)

eth_chainId
eth_getTransactionReceipt
eth_getBlockByNumber
eth_chainId
eth_sendTransaction

  Transaction: 0x2bb24fcae31d7422d591ea8957825a35a5ddd132ba5dd959daa0683b79b9174b
  Gas usage: 99528
  Block number: 1046
  Block time: Wed Jun 10 2026 05:54:34 GMT+0900 (Korean Standard Time)

eth_chainId
eth_getTransactionReceipt
eth_getBlockByNumber
eth_chainId
eth_sendTransaction

  Transaction: 0xdfd13ce4fdda0b4841bee717a02ad492a7da0c96c45d73deeab904d534b42672
  Gas usage: 99516
  Block number: 1047
  Block time: Wed Jun 10 2026 05:54:34 GMT+0900 (Korean Standard Time)

eth_chainId
eth_getTransactionReceipt
eth_getBlockByNumber
eth_chainId
eth_sendTransaction

  Transaction: 0x8baf0723afa1de0f5ba68941cb58106b95ef24ed88c174256347f2e0bf2203a1
  Gas usage: 99528
  Block number: 1048
  Block time: Wed Jun 10 2026 05:54:34 GMT+0900 (Korean Standard Time)

eth_chainId
eth_getTransactionReceipt
eth_getBlockByNumber
eth_chainId
eth_sendTransaction

  Transaction: 0xaf593598257fafae03dd2eadec1f99eda2c8cce4e963f6556bade6cabd6c1b0e
  Gas usage: 99516
  Block number: 1049
  Block time: Wed Jun 10 2026 05:54:34 GMT+0900 (Korean Standard Time)

eth_chainId
eth_getTransactionReceipt
eth_getBlockByNumber
eth_chainId
eth_sendTransaction

  Transaction: 0x967840f8f93ece2b77d35b8b7eb6775ede2ecb39225db40a6511cf87f2754680
  Gas usage: 99528
  Block number: 1050
  Block time: Wed Jun 10 2026 05:54:34 GMT+0900 (Korean Standard Time)

eth_chainId
eth_getTransactionReceipt
eth_getBlockByNumber
eth_chainId
eth_sendTransaction

  Transaction: 0x83e95a07ab527c5e0294bcc9bb8b909f86ae63d5d53c95174470fb9fc96fae4a
  Gas usage: 99528
  Block number: 1051
  Block time: Wed Jun 10 2026 05:54:34 GMT+0900 (Korean Standard Time)

eth_chainId
eth_getTransactionReceipt
eth_getBlockByNumber
eth_chainId
eth_sendTransaction

  Transaction: 0x281c4762913edbf2e8659d1c3f57cb191c95362da241c77960560cdc89bb48d5
  Gas usage: 99528
  Block number: 1052
  Block time: Wed Jun 10 2026 05:54:34 GMT+0900 (Korean Standard Time)

eth_chainId
eth_getTransactionReceipt
eth_getBlockByNumber
eth_chainId
eth_sendTransaction

  Transaction: 0x781c6a3f73bdcbc2080776efe7b4e8d4fb57c8738c15d6c2ef09d5f4fda4660c
  Gas usage: 99528
  Block number: 1053
  Block time: Wed Jun 10 2026 05:54:34 GMT+0900 (Korean Standard Time)

eth_chainId
eth_getTransactionReceipt
eth_getBlockByNumber
eth_chainId
eth_sendTransaction

  Transaction: 0x9d22c5557c09e6378c639df8b92409b9a30e6838bafb4c71d56eb8ddf60b14d2
  Gas usage: 99528
  Block number: 1054
  Block time: Wed Jun 10 2026 05:54:34 GMT+0900 (Korean Standard Time)

eth_chainId
eth_getTransactionReceipt
eth_getBlockByNumber
eth_chainId
eth_sendTransaction

  Transaction: 0x8455a9f07b5f7684db7773cd864561d917b446c4d98a61b4af8361ac01b0c968
  Gas usage: 99528
  Block number: 1055
  Block time: Wed Jun 10 2026 05:54:34 GMT+0900 (Korean Standard Time)

eth_chainId
eth_getTransactionReceipt
eth_getBlockByNumber
eth_chainId
eth_sendTransaction

  Transaction: 0x88f4fb2fb4afdf1b29aa042cad82b4e87b0e7bf2ff8040b306db5d093a8dbfd2
  Gas usage: 99528
  Block number: 1056
  Block time: Wed Jun 10 2026 05:54:34 GMT+0900 (Korean Standard Time)

eth_chainId
eth_getTransactionReceipt
eth_getBlockByNumber
eth_chainId
eth_sendTransaction

  Transaction: 0x6c475b3f7668370d9aa80fb37c4b358c39b563d2f1df7ba87e564214f77b7263
  Gas usage: 99528
  Block number: 1057
  Block time: Wed Jun 10 2026 05:54:34 GMT+0900 (Korean Standard Time)

eth_chainId
eth_getTransactionReceipt
eth_getBlockByNumber
eth_chainId
eth_sendTransaction

  Transaction: 0xf887fdeffa8cfa1d8a25836965dbd6220935823d76af4d61efe7c006623c1061
  Gas usage: 99528
  Block number: 1058
  Block time: Wed Jun 10 2026 05:54:34 GMT+0900 (Korean Standard Time)

eth_chainId
eth_getTransactionReceipt
eth_getBlockByNumber
eth_chainId
eth_sendTransaction

  Transaction: 0xda9a4fab5505ea3781615385cbec7aa5ea912578f8f26024959a8b221d8745d3
  Gas usage: 99528
  Block number: 1059
  Block time: Wed Jun 10 2026 05:54:34 GMT+0900 (Korean Standard Time)

eth_chainId
eth_getTransactionReceipt
eth_getBlockByNumber
eth_chainId
eth_sendTransaction

  Transaction: 0x3b2a15ce20d22bb235ff01f28630bb4cc7fcc8a0e4d277e4011e9a49b6274c82
  Gas usage: 99528
  Block number: 1060
  Block time: Wed Jun 10 2026 05:54:34 GMT+0900 (Korean Standard Time)

eth_chainId
eth_getTransactionReceipt
eth_getBlockByNumber
eth_chainId
eth_sendTransaction

  Transaction: 0x0f8c878401c9a91cbf0cf590ede05d916a78375cf49beb8a8d1974fae1b8a2db
  Gas usage: 99528
  Block number: 1061
  Block time: Wed Jun 10 2026 05:54:34 GMT+0900 (Korean Standard Time)

eth_chainId
eth_getTransactionReceipt
eth_getBlockByNumber
eth_chainId
eth_sendTransaction

  Transaction: 0x23d5fdf0d07096e6a86ebfc622c1f5d7e9c1c160925b2ac5916fb8d0861bee26
  Gas usage: 99516
  Block number: 1062
  Block time: Wed Jun 10 2026 05:54:34 GMT+0900 (Korean Standard Time)

eth_chainId
eth_getTransactionReceipt
eth_getBlockByNumber
eth_chainId
eth_sendTransaction

  Transaction: 0xe4f9341f3ee1229896c3fa5894806b3a82932e62999aba35965c2b5224cb6528
  Gas usage: 99528
  Block number: 1063
  Block time: Wed Jun 10 2026 05:54:34 GMT+0900 (Korean Standard Time)

eth_chainId
eth_getTransactionReceipt
eth_getBlockByNumber
eth_chainId
eth_sendTransaction

  Transaction: 0x619a518c7e565fe5753885f361c16c360dd130ff16b29d3b4100e08928f67f65
  Gas usage: 99528
  Block number: 1064
  Block time: Wed Jun 10 2026 05:54:34 GMT+0900 (Korean Standard Time)

eth_chainId
eth_getTransactionReceipt
eth_getBlockByNumber
eth_chainId
eth_sendTransaction

  Transaction: 0xc9d9efade6306801114bffa264fd55a29ddbd84ecc6dc176bb2ea6d1205acd72
  Gas usage: 99528
  Block number: 1065
  Block time: Wed Jun 10 2026 05:54:34 GMT+0900 (Korean Standard Time)

eth_chainId
eth_getTransactionReceipt
eth_getBlockByNumber
eth_chainId
eth_sendTransaction

  Transaction: 0xb9f0115f75c9b4f855c3909822ff7bf34709073d21f4912fbfff81240ec501da
  Gas usage: 99528
  Block number: 1066
  Block time: Wed Jun 10 2026 05:54:34 GMT+0900 (Korean Standard Time)

eth_chainId
eth_getTransactionReceipt
eth_getBlockByNumber
eth_chainId
eth_sendTransaction

  Transaction: 0x2a9ad1eb3103f50ed77195712b8303badf3c6d2cd5367b3955f283538fb82283
  Gas usage: 99528
  Block number: 1067
  Block time: Wed Jun 10 2026 05:54:34 GMT+0900 (Korean Standard Time)

eth_chainId
eth_getTransactionReceipt
eth_getBlockByNumber
eth_chainId
eth_sendTransaction

  Transaction: 0x5d9dca194abad6797cdec7c5d94f5526c1937384c7bdbfd5919e829f561fd7fe
  Gas usage: 99528
  Block number: 1068
  Block time: Wed Jun 10 2026 05:54:34 GMT+0900 (Korean Standard Time)

eth_chainId
eth_getTransactionReceipt
eth_getBlockByNumber
eth_chainId
eth_sendTransaction

  Transaction: 0xfbf26d7929f096cfbc6b215149c21876cef51047a1a7e8c9ab133555eb707a99
  Gas usage: 99528
  Block number: 1069
  Block time: Wed Jun 10 2026 05:54:34 GMT+0900 (Korean Standard Time)

eth_chainId
eth_getTransactionReceipt
eth_getBlockByNumber
eth_chainId
eth_sendTransaction

  Transaction: 0xdc5f18d8ac29e8d9894cd2bf4d345b01690c95906b3e6a68c9d3d1033d77c03a
  Gas usage: 99528
  Block number: 1070
  Block time: Wed Jun 10 2026 05:54:34 GMT+0900 (Korean Standard Time)

eth_chainId
eth_getTransactionReceipt
eth_getBlockByNumber
eth_chainId
eth_sendTransaction

  Transaction: 0xf2af6bf2a0a7b43697d314b4333c88dc63f74eb4ce3082edea18a5adfeccbefb
  Gas usage: 99528
  Block number: 1071
  Block time: Wed Jun 10 2026 05:54:34 GMT+0900 (Korean Standard Time)

eth_chainId
eth_getTransactionReceipt
eth_getBlockByNumber
eth_chainId
eth_sendTransaction

  Transaction: 0x83bc2a04d8698df8fc06960bd879df10fb344459f9869d5f184973bb47ddc094
  Gas usage: 99528
  Block number: 1072
  Block time: Wed Jun 10 2026 05:54:34 GMT+0900 (Korean Standard Time)

eth_chainId
eth_getTransactionReceipt
eth_getBlockByNumber
eth_chainId
eth_sendTransaction

  Transaction: 0x0030acda884f7c240ea8513e27021585091801b26397009d0656fb964c3579bd
  Gas usage: 99528
  Block number: 1073
  Block time: Wed Jun 10 2026 05:54:34 GMT+0900 (Korean Standard Time)

eth_chainId
eth_getTransactionReceipt
eth_getBlockByNumber
eth_chainId
eth_sendTransaction

  Transaction: 0x6f942733bd005d12f018fa9d5db912672e594d54e832cf9a0eddf6ffb33bbc19
  Gas usage: 99528
  Block number: 1074
  Block time: Wed Jun 10 2026 05:54:34 GMT+0900 (Korean Standard Time)

eth_chainId
eth_getTransactionReceipt
eth_getBlockByNumber
eth_chainId
eth_sendTransaction

  Transaction: 0x6327d4e6a48b13c59ae2f549a78a39ad943c5519cce3fca3098e93b37df182ba
  Gas usage: 99528
  Block number: 1075
  Block time: Wed Jun 10 2026 05:54:34 GMT+0900 (Korean Standard Time)

eth_chainId
eth_getTransactionReceipt
eth_getBlockByNumber
eth_chainId
eth_sendTransaction

  Transaction: 0xa6e883dde099d7be563539b5ecc02f3e2443f15706174b249623300ca1666c4d
  Gas usage: 99528
  Block number: 1076
  Block time: Wed Jun 10 2026 05:54:34 GMT+0900 (Korean Standard Time)

eth_chainId
eth_getTransactionReceipt
eth_getBlockByNumber
eth_chainId
eth_sendTransaction

  Transaction: 0x5b2a485c2195658ac6b6d89c54ed247139774088991001cebeae8e1bff974c94
  Gas usage: 99516
  Block number: 1077
  Block time: Wed Jun 10 2026 05:54:34 GMT+0900 (Korean Standard Time)

eth_chainId
eth_getTransactionReceipt
eth_getBlockByNumber
eth_chainId
eth_sendTransaction

  Transaction: 0x9b66705b6fb18907fba45c0afd8d3dc448c62e2c62c860dfbbc1e083db4c3608
  Gas usage: 99528
  Block number: 1078
  Block time: Wed Jun 10 2026 05:54:34 GMT+0900 (Korean Standard Time)

eth_chainId
eth_getTransactionReceipt
eth_getBlockByNumber
eth_chainId
eth_sendTransaction

  Transaction: 0x0ef9278c04564a832be1e90bc010cf9489fe64754667da07403f59bb31a14df3
  Gas usage: 99528
  Block number: 1079
  Block time: Wed Jun 10 2026 05:54:34 GMT+0900 (Korean Standard Time)

eth_chainId
eth_getTransactionReceipt
eth_getBlockByNumber
eth_chainId
eth_sendTransaction

  Transaction: 0x12f32a1f5344ec907f84c54cc0955c26c5c0b55b0943cac96c008a3464cdfc76
  Gas usage: 99528
  Block number: 1080
  Block time: Wed Jun 10 2026 05:54:34 GMT+0900 (Korean Standard Time)

eth_chainId
eth_getTransactionReceipt
eth_getBlockByNumber
eth_chainId
eth_sendTransaction

  Transaction: 0x97adea19623e8f9bdbabdd723994bad73e4c68aab86b8a4afed9905712ee2369
  Gas usage: 99528
  Block number: 1081
  Block time: Wed Jun 10 2026 05:54:34 GMT+0900 (Korean Standard Time)

eth_chainId
eth_getTransactionReceipt
eth_getBlockByNumber
eth_chainId
eth_sendTransaction

  Transaction: 0x650f11314f86e236e1a69d70ab006c9714361923ab3cb1f4ffeb1127c622cd98
  Gas usage: 99528
  Block number: 1082
  Block time: Wed Jun 10 2026 05:54:34 GMT+0900 (Korean Standard Time)

eth_chainId
eth_getTransactionReceipt
eth_getBlockByNumber
eth_chainId
eth_sendTransaction

  Transaction: 0x85281032327802bb4957d05dc20b7038a8a498ee7dc774e35b147fb4a56e0a76
  Gas usage: 99528
  Block number: 1083
  Block time: Wed Jun 10 2026 05:54:34 GMT+0900 (Korean Standard Time)

eth_chainId
eth_getTransactionReceipt
eth_getBlockByNumber
eth_chainId
eth_sendTransaction

  Transaction: 0xbd514d5ba9b29bda3b3a165bbaefde02ca900a93f6da4096569a2ec80424e60a
  Gas usage: 99528
  Block number: 1084
  Block time: Wed Jun 10 2026 05:54:34 GMT+0900 (Korean Standard Time)

eth_chainId
eth_getTransactionReceipt
eth_getBlockByNumber
eth_chainId
eth_sendTransaction

  Transaction: 0xb688584512b114adc4dbd0ce8a14c92d479b3814176fecd9f07cf0e72adbc41f
  Gas usage: 99528
  Block number: 1085
  Block time: Wed Jun 10 2026 05:54:34 GMT+0900 (Korean Standard Time)

eth_chainId
eth_getTransactionReceipt
eth_getBlockByNumber
eth_chainId
eth_sendTransaction

  Transaction: 0x3d320acec54a3c3bc83cc9b022b1facbb50fa5305960f37ba875ea079e20539e
  Gas usage: 99528
  Block number: 1086
  Block time: Wed Jun 10 2026 05:54:34 GMT+0900 (Korean Standard Time)

eth_chainId
eth_getTransactionReceipt
eth_getBlockByNumber
eth_chainId
eth_sendTransaction

  Transaction: 0xdf2c046de70e65e49ebdccf2c74c1bf7e1d9b23a5f182f50bc1ec5a65060614d
  Gas usage: 99528
  Block number: 1087
  Block time: Wed Jun 10 2026 05:54:34 GMT+0900 (Korean Standard Time)

eth_chainId
eth_getTransactionReceipt
eth_getBlockByNumber
eth_chainId
eth_sendTransaction

  Transaction: 0x9ff13909e2f6749a19bb1dd41e3ac3907f53c66490db50ca2bbe3c049bba608a
  Gas usage: 99516
  Block number: 1088
  Block time: Wed Jun 10 2026 05:54:34 GMT+0900 (Korean Standard Time)

eth_chainId
eth_getTransactionReceipt
eth_getBlockByNumber
eth_chainId
eth_sendTransaction

  Transaction: 0x3a020b0f54e60c132c63d01757d3c9e7a81d4ce79c9f395d07a54f35cc4fd844
  Gas usage: 99528
  Block number: 1089
  Block time: Wed Jun 10 2026 05:54:34 GMT+0900 (Korean Standard Time)

eth_chainId
eth_getTransactionReceipt
eth_getBlockByNumber
eth_chainId
eth_sendTransaction

  Transaction: 0xa3d1c99a5720656b7c92e17193604e84ff3ec52b02890898f19ca6a6f010e426
  Gas usage: 99528
  Block number: 1090
  Block time: Wed Jun 10 2026 05:54:34 GMT+0900 (Korean Standard Time)

eth_chainId
eth_getTransactionReceipt
eth_getBlockByNumber
eth_chainId
eth_sendTransaction

  Transaction: 0x0bbd14cd2de7fc3c091b273ba08f6b448bb0e8303ceb3b708736bc1748f434d6
  Gas usage: 99528
  Block number: 1091
  Block time: Wed Jun 10 2026 05:54:34 GMT+0900 (Korean Standard Time)

eth_chainId
eth_getTransactionReceipt
eth_getBlockByNumber
eth_chainId
eth_sendTransaction

  Transaction: 0x399efe6173a29ef1838c282ddddf3c996ce64b0f85189a6c0f356f16231dc3f3
  Gas usage: 99528
  Block number: 1092
  Block time: Wed Jun 10 2026 05:54:34 GMT+0900 (Korean Standard Time)

eth_chainId
eth_getTransactionReceipt
eth_getBlockByNumber
eth_chainId
eth_sendTransaction

  Transaction: 0x3de70f981eb1d0e8ef50917328f98cde4194b9b0e6ee56bc0d962fea469be127
  Gas usage: 99528
  Block number: 1093
  Block time: Wed Jun 10 2026 05:54:34 GMT+0900 (Korean Standard Time)

eth_chainId
eth_getTransactionReceipt
eth_getBlockByNumber
eth_chainId
eth_sendTransaction

  Transaction: 0x20795f41f38238c25259db1fbbb64d3543cd81a1309e3c817c9a1c92a9287057
  Gas usage: 99528
  Block number: 1094
  Block time: Wed Jun 10 2026 05:54:34 GMT+0900 (Korean Standard Time)

eth_chainId
eth_getTransactionReceipt
eth_getBlockByNumber
eth_chainId
eth_sendTransaction

  Transaction: 0x5bcb1e5f2a46119863870c3c8757503541beb10f7578a6c59a99df5a2139b318
  Gas usage: 99528
  Block number: 1095
  Block time: Wed Jun 10 2026 05:54:34 GMT+0900 (Korean Standard Time)

eth_chainId
eth_getTransactionReceipt
eth_getBlockByNumber
eth_chainId
eth_sendTransaction

  Transaction: 0x59344a94230ca75552556e87d2df7042a0330caa0fcea2782d69ff67a45cca60
  Gas usage: 99528
  Block number: 1096
  Block time: Wed Jun 10 2026 05:54:35 GMT+0900 (Korean Standard Time)

eth_chainId
eth_getTransactionReceipt
eth_getBlockByNumber
eth_chainId
eth_sendTransaction

  Transaction: 0x5465710d02c232d8ae1c2daf12f6856fdaf83cdceb9c1917c8da14f398f64c5d
  Gas usage: 99516
  Block number: 1097
  Block time: Wed Jun 10 2026 05:54:35 GMT+0900 (Korean Standard Time)

eth_chainId
eth_getTransactionReceipt
eth_getBlockByNumber
eth_chainId
eth_sendTransaction

  Transaction: 0x80711fcf97d4ae877b5077ac1cdb53ff860fb801342d58a90823e4cdef496dfc
  Gas usage: 99528
  Block number: 1098
  Block time: Wed Jun 10 2026 05:54:35 GMT+0900 (Korean Standard Time)

eth_chainId
eth_getTransactionReceipt
eth_getBlockByNumber
eth_chainId
eth_sendTransaction

  Transaction: 0xcb2d8ee322a3a7c155baf038c1e56f2b5b5fdf77062788391f201cbb5255d89f
  Gas usage: 99516
  Block number: 1099
  Block time: Wed Jun 10 2026 05:54:35 GMT+0900 (Korean Standard Time)

eth_chainId
eth_getTransactionReceipt
eth_getBlockByNumber
eth_chainId
eth_sendTransaction

  Transaction: 0x11c7c7c6096fe846d45570aca4b4a122a1b00b37d0fe831a69168aca916beb73
  Gas usage: 99528
  Block number: 1100
  Block time: Wed Jun 10 2026 05:54:35 GMT+0900 (Korean Standard Time)

eth_chainId
eth_getTransactionReceipt
eth_getBlockByNumber
eth_chainId
eth_sendTransaction

  Transaction: 0x11d2d91ff7c00afde7ebac29b0b69d3be5db2713cac95368911a4b2c6e9ef128
  Gas usage: 99528
  Block number: 1101
  Block time: Wed Jun 10 2026 05:54:35 GMT+0900 (Korean Standard Time)

eth_chainId
eth_getTransactionReceipt
eth_getBlockByNumber
eth_chainId
eth_sendTransaction

  Transaction: 0x14095c5556f0c7ed3272e06e5ceb36c52dd76a120b9293bfba7b1d51935fed18
  Gas usage: 99516
  Block number: 1102
  Block time: Wed Jun 10 2026 05:54:35 GMT+0900 (Korean Standard Time)

eth_chainId
eth_getTransactionReceipt
eth_getBlockByNumber
eth_chainId
eth_sendTransaction

  Transaction: 0x2206afce49bd0bd27983a57064f73a36a6d2a42cdbbd69b5d20461f259e53901
  Gas usage: 99528
  Block number: 1103
  Block time: Wed Jun 10 2026 05:54:35 GMT+0900 (Korean Standard Time)

eth_chainId
eth_getTransactionReceipt
eth_getBlockByNumber
eth_chainId
eth_sendTransaction

  Transaction: 0x6b358575e43aefccf430aa815ac3ddbb97a271a528f46b334f1082c363df60e8
  Gas usage: 99528
  Block number: 1104
  Block time: Wed Jun 10 2026 05:54:35 GMT+0900 (Korean Standard Time)

eth_chainId
eth_getTransactionReceipt
eth_getBlockByNumber
eth_chainId
eth_sendTransaction

  Transaction: 0x05baeb9bfedb196da966df09b8ac37b1dc183d53413d5e0b6eae97bc5939326f
  Gas usage: 99528
  Block number: 1105
  Block time: Wed Jun 10 2026 05:54:35 GMT+0900 (Korean Standard Time)

eth_chainId
eth_getTransactionReceipt
eth_getBlockByNumber
eth_chainId
eth_sendTransaction

  Transaction: 0xd835c3b9376927dca221385080f429f29fe4b9fc0dfc21e6b8ef138f9cd506a9
  Gas usage: 99528
  Block number: 1106
  Block time: Wed Jun 10 2026 05:54:35 GMT+0900 (Korean Standard Time)

eth_chainId
eth_getTransactionReceipt
eth_getBlockByNumber
eth_chainId
eth_sendTransaction

  Transaction: 0x4bc26934cae0e465eff7d59e317ce80eccf8e19e2c4580217310491a034789d3
  Gas usage: 99528
  Block number: 1107
  Block time: Wed Jun 10 2026 05:54:35 GMT+0900 (Korean Standard Time)

eth_chainId
eth_getTransactionReceipt
eth_getBlockByNumber
eth_chainId
eth_sendTransaction

  Transaction: 0xfbfd98f2bf19208d1745c67e720c15da6902b342b637b31a137b75091094318c
  Gas usage: 99528
  Block number: 1108
  Block time: Wed Jun 10 2026 05:54:35 GMT+0900 (Korean Standard Time)

eth_chainId
eth_getTransactionReceipt
eth_getBlockByNumber
eth_chainId
eth_sendTransaction

  Transaction: 0x22d8196929206588c0d2d72050197b274df6ac0457b26d3f5993bdb79967aacc
  Gas usage: 99528
  Block number: 1109
  Block time: Wed Jun 10 2026 05:54:35 GMT+0900 (Korean Standard Time)

eth_chainId
eth_getTransactionReceipt
eth_getBlockByNumber
eth_chainId
eth_sendTransaction

  Transaction: 0x3bd2a9b681783d51c0d28096f3e17060d4439c2365f2ca2c669b2c611f5c1666
  Gas usage: 99528
  Block number: 1110
  Block time: Wed Jun 10 2026 05:54:35 GMT+0900 (Korean Standard Time)

eth_chainId
eth_getTransactionReceipt
eth_getBlockByNumber
eth_chainId
eth_sendTransaction

  Transaction: 0x13e96e3627f0aafef742f4f6000b07937a83c0264d474fcd6c6a992a4c0b5083
  Gas usage: 99528
  Block number: 1111
  Block time: Wed Jun 10 2026 05:54:35 GMT+0900 (Korean Standard Time)

eth_chainId
eth_getTransactionReceipt
eth_getBlockByNumber
eth_chainId
eth_sendTransaction

  Transaction: 0x0afe4b7d472b02ac9398195fb12efe1b40fcc0b59146a75dfc89d735c6598931
  Gas usage: 99528
  Block number: 1112
  Block time: Wed Jun 10 2026 05:54:35 GMT+0900 (Korean Standard Time)

eth_chainId
eth_getTransactionReceipt
eth_getBlockByNumber
eth_chainId
eth_sendTransaction

  Transaction: 0x42b9d925d3b5f59af2ffdaf83e875d7bc10d3d9a006c8813c7e1425139e5b58c
  Gas usage: 99516
  Block number: 1113
  Block time: Wed Jun 10 2026 05:54:35 GMT+0900 (Korean Standard Time)

eth_chainId
eth_getTransactionReceipt
eth_getBlockByNumber
eth_chainId
eth_sendTransaction

  Transaction: 0x07ed2b7c8deed8297eeaca9552aa9e717f3c9d61ba99732011d171603d2aa514
  Gas usage: 99528
  Block number: 1114
  Block time: Wed Jun 10 2026 05:54:35 GMT+0900 (Korean Standard Time)

eth_chainId
eth_getTransactionReceipt
eth_getBlockByNumber
eth_chainId
eth_sendTransaction

  Transaction: 0xc8178e78f4a3b647ece4f3d11b5ee8f7a328bdb68d1eaea1c51c12581b8b408d
  Gas usage: 99528
  Block number: 1115
  Block time: Wed Jun 10 2026 05:54:35 GMT+0900 (Korean Standard Time)

eth_chainId
eth_getTransactionReceipt
eth_getBlockByNumber
eth_chainId
eth_sendTransaction

  Transaction: 0x30ddefa71fdd4d671d1fde93bbdfc75a9afd0715b6298f3bf343933bca91336f
  Gas usage: 99528
  Block number: 1116
  Block time: Wed Jun 10 2026 05:54:35 GMT+0900 (Korean Standard Time)

eth_chainId
eth_getTransactionReceipt
eth_getBlockByNumber
eth_chainId
eth_sendTransaction

  Transaction: 0xa3d71c2a493707efb9ddecc7f4dfc6c1181d83bc5ee6787e4ec445ac6301570c
  Gas usage: 99528
  Block number: 1117
  Block time: Wed Jun 10 2026 05:54:35 GMT+0900 (Korean Standard Time)

eth_chainId
eth_getTransactionReceipt
eth_getBlockByNumber
eth_chainId
eth_sendTransaction

  Transaction: 0xd05811f517a39755a15f4f4af58eee6746b914a74a41ed8098bcc828555a8e48
  Gas usage: 99528
  Block number: 1118
  Block time: Wed Jun 10 2026 05:54:35 GMT+0900 (Korean Standard Time)

eth_chainId
eth_getTransactionReceipt
eth_getBlockByNumber
eth_chainId
eth_sendTransaction

  Transaction: 0xc184d499ede8ef5138b1c98ab81b46525cd556ceb723252efe46f630f2c5edd5
  Gas usage: 99528
  Block number: 1119
  Block time: Wed Jun 10 2026 05:54:35 GMT+0900 (Korean Standard Time)

eth_chainId
eth_getTransactionReceipt
eth_getBlockByNumber
eth_chainId
eth_sendTransaction

  Transaction: 0x1492639caf40176d89f3b6a60febd6a66df9d342fb278982b3f1c049ec563a63
  Gas usage: 99528
  Block number: 1120
  Block time: Wed Jun 10 2026 05:54:35 GMT+0900 (Korean Standard Time)

eth_chainId
eth_getTransactionReceipt
eth_getBlockByNumber
eth_chainId
eth_sendTransaction

  Transaction: 0xadcecfbca08d12aad39cef13cb01ad2d38b7b7056d36354f09e265dc628db6cb
  Gas usage: 99528
  Block number: 1121
  Block time: Wed Jun 10 2026 05:54:35 GMT+0900 (Korean Standard Time)

eth_chainId
eth_getTransactionReceipt
eth_getBlockByNumber
eth_chainId
eth_sendTransaction

  Transaction: 0x258dec00b0e25597d1e1166eb68fe6a33152af5200652342d7e5afceef0bff89
  Gas usage: 99528
  Block number: 1122
  Block time: Wed Jun 10 2026 05:54:35 GMT+0900 (Korean Standard Time)

eth_chainId
eth_getTransactionReceipt
eth_getBlockByNumber
eth_chainId
eth_sendTransaction

  Transaction: 0x4157b28d2ecd99ef10e4980f780f0ef7949adac0b798e541d3f13097724835f4
  Gas usage: 99528
  Block number: 1123
  Block time: Wed Jun 10 2026 05:54:35 GMT+0900 (Korean Standard Time)

eth_chainId
eth_getTransactionReceipt
eth_getBlockByNumber
eth_chainId
eth_sendTransaction

  Transaction: 0x9215d86885ad83c8159941822ed5d1efe37331c2472452914ea73120e3c338f5
  Gas usage: 99528
  Block number: 1124
  Block time: Wed Jun 10 2026 05:54:35 GMT+0900 (Korean Standard Time)

eth_chainId
eth_getTransactionReceipt
eth_getBlockByNumber
eth_chainId
eth_sendTransaction

  Transaction: 0xb3d79e0c7d45b63ab050d76964b9925a2f0f5d1ceb1423fd38259c78fe61e003
  Gas usage: 99528
  Block number: 1125
  Block time: Wed Jun 10 2026 05:54:35 GMT+0900 (Korean Standard Time)

eth_chainId
eth_getTransactionReceipt
eth_getBlockByNumber
eth_chainId
eth_sendTransaction

  Transaction: 0x68f88e85cd0a26e3f0f736189bbbd34abff20edff618b12dd2057a01bad6c8a0
  Gas usage: 99528
  Block number: 1126
  Block time: Wed Jun 10 2026 05:54:35 GMT+0900 (Korean Standard Time)

eth_chainId
eth_getTransactionReceipt
eth_getBlockByNumber
eth_chainId
eth_sendTransaction

  Transaction: 0xbc7a2d7ecc3ca8e3b5fc3a8c6dce0f859867b106e33329a4b43f00e493d431f0
  Gas usage: 99528
  Block number: 1127
  Block time: Wed Jun 10 2026 05:54:35 GMT+0900 (Korean Standard Time)

eth_chainId
eth_getTransactionReceipt
eth_getBlockByNumber
eth_chainId
eth_sendTransaction

  Transaction: 0x2d0597c9d6d3c0e38511f0538edf8f3f29bb3df57c362761b6efd99b262f9c42
  Gas usage: 99528
  Block number: 1128
  Block time: Wed Jun 10 2026 05:54:35 GMT+0900 (Korean Standard Time)

eth_chainId
eth_getTransactionReceipt
eth_getBlockByNumber
eth_chainId
eth_sendTransaction

  Transaction: 0x5402ae1672c7ab55eec8fb9e42f1d578c5a3d159fddd1fadf77219557c1454ae
  Gas usage: 99528
  Block number: 1129
  Block time: Wed Jun 10 2026 05:54:35 GMT+0900 (Korean Standard Time)

eth_chainId
eth_getTransactionReceipt
eth_getBlockByNumber
eth_chainId
eth_sendTransaction

  Transaction: 0x3a44401d6fd21f22976616ca596381187a4d651ae4bee31a6a6248c40dfd12f3
  Gas usage: 99528
  Block number: 1130
  Block time: Wed Jun 10 2026 05:54:35 GMT+0900 (Korean Standard Time)

eth_chainId
eth_getTransactionReceipt
eth_getBlockByNumber
eth_chainId
eth_sendTransaction

  Transaction: 0x01a8d3dc067287f9dda7a7823e3f9bcc3ec3f05bd5a643c94c2457579aea8a96
  Gas usage: 99528
  Block number: 1131
  Block time: Wed Jun 10 2026 05:54:35 GMT+0900 (Korean Standard Time)

eth_chainId
eth_getTransactionReceipt
eth_getBlockByNumber
eth_chainId
eth_sendTransaction

  Transaction: 0x1692bef6bb6a51b1cd82c0262b35dd873966854ae0bc2a003828a8750a0c270d
  Gas usage: 99528
  Block number: 1132
  Block time: Wed Jun 10 2026 05:54:35 GMT+0900 (Korean Standard Time)

eth_chainId
eth_getTransactionReceipt
eth_getBlockByNumber
eth_chainId
eth_sendTransaction

  Transaction: 0xf2086c4f11712a106361cddf01242f5094c6fae7702057fd15404ecf1d2169a4
  Gas usage: 99528
  Block number: 1133
  Block time: Wed Jun 10 2026 05:54:35 GMT+0900 (Korean Standard Time)

eth_chainId
eth_getTransactionReceipt
eth_getBlockByNumber
eth_chainId
eth_sendTransaction

  Transaction: 0xfe8dd3053ab3d394cf29a153ddc74c701250ff41f4cd50e18152e4c7dbc0fe31
  Gas usage: 99528
  Block number: 1134
  Block time: Wed Jun 10 2026 05:54:35 GMT+0900 (Korean Standard Time)

eth_chainId
eth_getTransactionReceipt
eth_getBlockByNumber
eth_chainId
eth_sendTransaction

  Transaction: 0x2069897378c2fb73c7619bb1eecbea84d05e448f2f8f22317fbc7dc4dd7209b6
  Gas usage: 59893
  Block number: 1135
  Block time: Wed Jun 10 2026 05:54:35 GMT+0900 (Korean Standard Time)

eth_chainId
eth_getBlockByNumber
eth_chainId
eth_sendTransaction

  Transaction: 0x221acaf61b3d7c830a53c8e5047288add550946c52ddabfd0782be6c7d15d9dd
  Gas usage: 59893
  Block number: 1136
  Block time: Wed Jun 10 2026 05:54:35 GMT+0900 (Korean Standard Time)

eth_chainId
eth_getBlockByNumber
eth_chainId
eth_sendTransaction

  Transaction: 0xa37640766d442f087697b3ec63126ad637b8a640c924969a5219a3af56cd93b7
  Gas usage: 263159
  Block number: 1137
  Block time: Wed Jun 10 2026 05:54:35 GMT+0900 (Korean Standard Time)

eth_chainId
eth_getTransactionReceipt
eth_getBlockByNumber
eth_chainId
eth_sendTransaction

  Transaction: 0x2c92c239181e9bffeebd5fd5e3952ab35945f8d327990f68d7f16755042dc7f5
  Gas usage: 59871
  Block number: 1138
  Block time: Wed Jun 10 2026 05:54:35 GMT+0900 (Korean Standard Time)

eth_chainId
eth_getBlockByNumber
eth_chainId
eth_sendTransaction

  Transaction: 0x0b133f665f3f990c9180d952ad39c7a91d044ef053a622cf56075317f279fc15
  Gas usage: 228971
  Block number: 1139
  Block time: Wed Jun 10 2026 05:54:35 GMT+0900 (Korean Standard Time)

eth_chainId
eth_getTransactionReceipt
eth_getBlockByNumber
eth_chainId
eth_sendTransaction

  Transaction: 0xdd93e5e27382478b04be2d7409e4b6af19766abc09d7c13d48b093a023a60ad2
  Gas usage: 59871
  Block number: 1140
  Block time: Wed Jun 10 2026 05:54:35 GMT+0900 (Korean Standard Time)

eth_chainId
eth_getBlockByNumber
eth_chainId
eth_sendTransaction

  Transaction: 0x36be37e4343015985dd2618540cbbd66f30a35138f1a94658a8e1c74eea13ca3
  Gas usage: 228971
  Block number: 1141
  Block time: Wed Jun 10 2026 05:54:35 GMT+0900 (Korean Standard Time)

eth_chainId
eth_getTransactionReceipt
eth_getBlockByNumber
eth_chainId
eth_sendTransaction

  Transaction: 0x969612d27822b37061c38c8aacdccfb30abde405e97787b93eb10b18ecdd858d
  Gas usage: 59871
  Block number: 1142
  Block time: Wed Jun 10 2026 05:54:35 GMT+0900 (Korean Standard Time)

eth_chainId
eth_getBlockByNumber
eth_chainId
eth_sendTransaction

  Transaction: 0xee36f7a67931e62f78733d2e914f89e83b3228498825cb10d21b4e764950a0a5
  Gas usage: 228971
  Block number: 1143
  Block time: Wed Jun 10 2026 05:54:35 GMT+0900 (Korean Standard Time)

eth_chainId
eth_getTransactionReceipt
eth_getBlockByNumber
eth_chainId
eth_sendTransaction

  Transaction: 0x701931f192a9d816136500fdfde72ccce0f6585e31a68aab7e348e7e4a774300
  Gas usage: 59871
  Block number: 1144
  Block time: Wed Jun 10 2026 05:54:35 GMT+0900 (Korean Standard Time)

eth_chainId
eth_chainId
eth_call
eth_chainId
eth_chainId
eth_call
eth_chainId
eth_getBlockByNumber
eth_chainId
eth_sendTransaction

  Transaction: 0xf403d22a0d37d1c84f817976eba7b16548e143e93e17b4ff9fe7c54f1c750be3
  Gas usage: 290785
  Block number: 1145
  Block time: Wed Jun 10 2026 05:54:35 GMT+0900 (Korean Standard Time)

eth_chainId
eth_getTransactionReceipt
eth_chainId
eth_call
eth_chainId
eth_getBlockByNumber
eth_chainId
eth_sendTransaction

  Transaction: 0xf247042b63f85258bc179ce350c4edac27bf0721b682ebda800628150ae3e13c
  Gas usage: 273685
  Block number: 1146
  Block time: Wed Jun 10 2026 05:54:35 GMT+0900 (Korean Standard Time)

eth_chainId
eth_getTransactionReceipt
eth_chainId
eth_call
eth_chainId
eth_getBlockByNumber
eth_chainId
eth_sendTransaction

  Transaction: 0x19b1623ca5538b73c191bc74e2067283ded0c377d177ea84d00ae2923f67deb7
  Gas usage: 273685
  Block number: 1147
  Block time: Wed Jun 10 2026 05:54:35 GMT+0900 (Korean Standard Time)

eth_chainId
eth_getTransactionReceipt
eth_chainId
eth_call
eth_chainId
eth_getBlockByNumber
eth_chainId
eth_sendTransaction

  Transaction: 0xad36e793ef1b89dd559d29c449113b933e5bf330b3f01ec2050f3ba34c23411c
  Gas usage: 103378
  Block number: 1148
  Block time: Wed Jun 10 2026 05:54:35 GMT+0900 (Korean Standard Time)

eth_chainId
eth_getTransactionReceipt
eth_chainId
eth_call
eth_chainId
eth_getBlockByNumber
eth_chainId
eth_sendTransaction

  Transaction: 0xb0818c30dc8452311c107c4563b619f2ac0d4d3e2c56e837e39a1704c73e8fa6
  Gas usage: 86278
  Block number: 1149
  Block time: Wed Jun 10 2026 05:54:35 GMT+0900 (Korean Standard Time)

eth_chainId
eth_getTransactionReceipt
eth_chainId
eth_call
eth_chainId
eth_getBlockByNumber
eth_chainId
eth_sendTransaction

  Transaction: 0xede22aff182e6aa227fa1e6ae6eafeebff176c20a360f814b2bb192f90b86ab0
  Gas usage: 86278
  Block number: 1150
  Block time: Wed Jun 10 2026 05:54:35 GMT+0900 (Korean Standard Time)

eth_chainId
eth_getTransactionReceipt
eth_chainId
eth_call
eth_chainId
eth_chainId
eth_call
eth_chainId
eth_chainId
eth_call
eth_chainId
eth_chainId
eth_call
eth_chainId
eth_chainId
eth_call
eth_chainId
eth_getBlockByNumber
eth_chainId
eth_sendTransaction

  Transaction: 0x88f1ef65ee3aa6d1be925392c64e6ec130e86b7be0a890450719d0d50aa4de03
  Gas usage: 104816
  Block number: 1151
  Block time: Wed Jun 10 2026 05:54:36 GMT+0900 (Korean Standard Time)

eth_chainId
eth_getTransactionReceipt
eth_chainId
eth_call
eth_chainId
eth_chainId
eth_call
eth_chainId
eth_chainId
eth_call
eth_chainId
eth_chainId
eth_call
eth_chainId
eth_chainId
eth_call
eth_chainId
eth_chainId
eth_call
eth_chainId
eth_chainId
eth_call
eth_chainId
eth_chainId
eth_call
eth_chainId
eth_chainId
eth_call
eth_chainId
eth_chainId
eth_call
eth_chainId
eth_chainId
eth_call
eth_chainId
eth_chainId
eth_call
eth_chainId
eth_chainId
eth_call
eth_chainId
eth_chainId
eth_call
eth_chainId
eth_chainId
eth_call
eth_chainId
eth_chainId
eth_call
eth_chainId
eth_chainId
eth_call
eth_chainId
eth_chainId
eth_call
eth_chainId
eth_chainId
eth_call
eth_chainId
eth_chainId
eth_call
eth_chainId
eth_chainId
eth_call
eth_chainId
eth_chainId
eth_call
eth_chainId
eth_chainId
eth_call
eth_chainId
eth_chainId
eth_call
eth_chainId
eth_chainId
eth_call
eth_chainId
eth_chainId
eth_call
eth_chainId
eth_chainId
eth_call
eth_chainId
eth_chainId
eth_call
eth_chainId
eth_chainId
eth_call
eth_chainId
eth_chainId
eth_call
eth_chainId
eth_chainId
eth_call
eth_chainId
eth_chainId
eth_call
eth_chainId
eth_chainId
eth_call
eth_chainId
eth_chainId
eth_call
eth_chainId
eth_chainId
eth_call
eth_chainId
eth_chainId
eth_call
eth_chainId
eth_chainId
eth_call
eth_chainId
eth_chainId
eth_call
eth_chainId
eth_chainId
eth_call
eth_chainId
eth_chainId
eth_call
eth_chainId
eth_chainId
eth_call
eth_chainId
eth_chainId
eth_call
eth_chainId
eth_chainId
eth_call
eth_chainId
eth_chainId
eth_call
eth_chainId
eth_chainId
eth_call
eth_chainId
eth_chainId
eth_call
eth_chainId
eth_chainId
eth_call
eth_chainId
eth_chainId
eth_call
eth_chainId
eth_chainId
eth_call
eth_chainId
eth_chainId
eth_call
eth_chainId
eth_chainId
eth_call
eth_chainId
eth_chainId
eth_call
eth_chainId
eth_chainId
eth_call
eth_chainId
eth_chainId
eth_call
eth_chainId
eth_chainId
eth_call
eth_chainId
eth_chainId
eth_call
eth_chainId
eth_chainId
eth_call
eth_chainId
eth_chainId
eth_call
eth_chainId
eth_chainId
eth_call
eth_chainId
eth_chainId
eth_call
eth_chainId
eth_chainId
eth_call
eth_chainId
eth_chainId
eth_call
eth_chainId
eth_chainId
eth_call
eth_chainId
eth_chainId
eth_call
eth_chainId
eth_chainId
eth_call
eth_chainId
eth_chainId
eth_call
eth_chainId
eth_chainId
eth_call
eth_chainId
eth_chainId
eth_call
eth_chainId
eth_chainId
eth_call
eth_chainId
eth_chainId
eth_call
eth_chainId
eth_chainId
eth_call
eth_chainId
eth_chainId
eth_call
eth_chainId
eth_chainId
eth_call
eth_chainId
eth_chainId
eth_call
eth_chainId
eth_chainId
eth_call
eth_chainId
eth_chainId
eth_call
eth_chainId
eth_chainId
eth_call
eth_chainId
eth_chainId
eth_call
eth_chainId
eth_chainId
eth_call
eth_chainId
eth_chainId
eth_call
eth_chainId
eth_chainId
eth_call
eth_chainId
eth_chainId
eth_call
eth_chainId
eth_chainId
eth_call
eth_chainId
eth_chainId
eth_call
eth_chainId
eth_chainId
eth_call
eth_chainId
eth_chainId
eth_call
eth_chainId
eth_chainId
eth_call
eth_chainId
eth_chainId
eth_call
eth_chainId
eth_chainId
eth_call
eth_chainId
eth_chainId
eth_call
eth_chainId
eth_chainId
eth_call
eth_chainId
eth_chainId
eth_call
eth_chainId
eth_chainId
eth_call
eth_chainId
eth_chainId
eth_call
eth_chainId
eth_chainId
eth_call
eth_chainId
eth_chainId
eth_call
eth_chainId
eth_chainId
eth_call
eth_chainId
eth_chainId
eth_call
eth_chainId
eth_chainId
eth_call
eth_chainId
eth_chainId
eth_call
eth_chainId
eth_chainId
eth_call
eth_chainId
eth_chainId
eth_call
eth_chainId
eth_chainId
eth_call
eth_chainId
eth_chainId
eth_call
eth_chainId
eth_chainId
eth_call
eth_chainId
eth_chainId
eth_call
eth_chainId
eth_chainId
eth_call
eth_chainId
eth_chainId
eth_call
eth_chainId
eth_chainId
eth_call
eth_chainId
eth_chainId
eth_call
eth_chainId
eth_chainId
eth_call
eth_chainId
eth_chainId
eth_call
eth_chainId
eth_chainId
eth_call
eth_chainId
eth_chainId
eth_call
eth_chainId
eth_chainId
eth_call
eth_chainId
eth_chainId
eth_call
eth_chainId
eth_chainId
eth_call
eth_chainId
eth_chainId
eth_call
eth_chainId
eth_chainId
eth_call
eth_chainId
eth_chainId
eth_call
eth_chainId
eth_chainId
eth_call
eth_chainId
eth_chainId
eth_call
eth_chainId
eth_chainId
eth_call
eth_chainId
eth_chainId
eth_call
eth_chainId
eth_chainId
eth_call
eth_chainId
eth_chainId
eth_call
eth_chainId
eth_chainId
eth_call
eth_chainId
eth_chainId
eth_call
eth_chainId
eth_chainId
eth_call
eth_chainId
eth_chainId
eth_call
eth_chainId
eth_chainId
eth_call
eth_chainId
eth_chainId
eth_call
eth_chainId
eth_chainId
eth_call
eth_chainId
eth_chainId
eth_call
eth_chainId
eth_chainId
eth_call
eth_chainId
eth_chainId
eth_call
eth_chainId
eth_chainId
eth_call
eth_chainId
eth_chainId
eth_call
eth_chainId
eth_chainId
eth_call
eth_chainId
eth_chainId
eth_call
eth_chainId
eth_chainId
eth_call
eth_chainId
eth_chainId
eth_call
eth_chainId
eth_chainId
eth_call
eth_chainId
eth_chainId
eth_call
eth_chainId
eth_chainId
eth_call
eth_chainId
eth_chainId
eth_call
eth_chainId
eth_chainId
eth_call
eth_chainId
eth_chainId
eth_call
eth_chainId
eth_chainId
eth_call
eth_chainId
eth_chainId
eth_call
eth_chainId
eth_chainId
eth_call
eth_chainId
eth_chainId
eth_call
eth_chainId
eth_chainId
eth_call
eth_chainId
eth_chainId
eth_call
eth_chainId
eth_chainId
eth_call
eth_chainId
eth_chainId
eth_call
eth_chainId
eth_chainId
eth_call
eth_chainId
eth_chainId
eth_call
eth_chainId
eth_chainId
eth_call
eth_chainId
eth_chainId
eth_call
eth_chainId
eth_chainId
eth_call
eth_chainId
eth_chainId
eth_call
eth_chainId
eth_chainId
eth_call
eth_chainId
eth_chainId
eth_call
eth_chainId
eth_chainId
eth_call
eth_chainId
eth_chainId
eth_call
eth_chainId
eth_chainId
eth_call
eth_chainId
eth_chainId
eth_call
eth_chainId
eth_chainId
eth_call
eth_chainId
eth_chainId
eth_call
eth_chainId
eth_chainId
eth_call
eth_chainId
eth_chainId
eth_call
eth_chainId
eth_chainId
eth_call
eth_chainId
eth_chainId
eth_call
eth_chainId
eth_chainId
eth_call
eth_chainId
eth_chainId
eth_call
eth_chainId
eth_chainId
eth_call
eth_chainId
eth_chainId
eth_call
eth_chainId
eth_chainId
eth_call
eth_chainId
eth_chainId
eth_call
eth_chainId
eth_chainId
eth_call
eth_chainId
eth_chainId
eth_call
eth_chainId
eth_chainId
eth_call
eth_chainId
eth_chainId
eth_call
eth_chainId
eth_chainId
eth_call
eth_chainId
eth_chainId
eth_call
eth_chainId
eth_chainId
eth_call
eth_chainId
eth_chainId
eth_call
eth_chainId
eth_chainId
eth_call
eth_chainId
eth_chainId
eth_call
eth_chainId
eth_chainId
eth_call
eth_chainId
eth_chainId
eth_call
eth_chainId
eth_chainId
eth_call
eth_chainId
eth_chainId
eth_call
eth_chainId
eth_chainId
eth_call
eth_chainId
eth_chainId
eth_call
eth_chainId
eth_chainId
eth_call
eth_chainId
eth_chainId
eth_call
eth_chainId
eth_chainId
eth_call
eth_chainId
eth_chainId
eth_call
eth_chainId
eth_chainId
eth_call
eth_chainId
eth_chainId
eth_call
eth_chainId
eth_chainId
eth_call
eth_chainId
eth_chainId
eth_call
eth_chainId
eth_chainId
eth_call
eth_chainId
eth_chainId
eth_call
eth_chainId
eth_chainId
eth_call
eth_chainId
eth_chainId
eth_call
eth_chainId
eth_chainId
eth_call
eth_chainId
eth_chainId
eth_call
eth_chainId
eth_chainId
eth_call
eth_chainId
eth_chainId
eth_call
eth_chainId
eth_chainId
eth_call
eth_chainId
eth_chainId
eth_call
eth_chainId
eth_chainId
eth_call
eth_chainId
eth_chainId
eth_call
eth_chainId
eth_chainId
eth_call
eth_chainId
eth_chainId
eth_call
eth_chainId
eth_chainId
eth_call
eth_chainId
eth_chainId
eth_call
eth_chainId
eth_chainId
eth_call
eth_chainId
eth_chainId
eth_call
eth_chainId
eth_chainId
eth_call
eth_chainId
eth_chainId
eth_call
eth_chainId
eth_chainId
eth_call
eth_chainId
eth_chainId
eth_call
eth_chainId
eth_chainId
eth_call
eth_chainId
eth_chainId
eth_call
eth_chainId
eth_chainId
eth_call
eth_chainId
eth_chainId
eth_call
eth_chainId
eth_chainId
eth_call
eth_chainId
eth_chainId
eth_call
eth_chainId
eth_chainId
eth_call
eth_chainId
eth_chainId
eth_call
eth_chainId
eth_chainId
eth_call
eth_chainId
eth_chainId
eth_call
eth_chainId
eth_chainId
eth_call
eth_chainId
eth_chainId
eth_call
eth_chainId
eth_chainId
eth_call
eth_chainId
eth_chainId
eth_call
eth_chainId
eth_chainId
eth_call
eth_chainId
eth_chainId
eth_call
eth_chainId
eth_chainId
eth_call
eth_chainId
eth_chainId
eth_call
eth_chainId
eth_chainId
eth_call
eth_chainId
eth_chainId
eth_call
eth_chainId
eth_chainId
eth_call
eth_chainId
eth_chainId
eth_call
eth_chainId
eth_chainId
eth_call
eth_chainId
eth_chainId
eth_call
eth_chainId
eth_chainId
eth_call
eth_chainId
eth_chainId
eth_call
eth_chainId
eth_chainId
eth_call
eth_chainId
eth_chainId
eth_call
eth_chainId
eth_chainId
eth_call
eth_chainId
eth_chainId
eth_call
eth_chainId
eth_chainId
eth_call
eth_chainId
eth_chainId
eth_call
eth_chainId
eth_chainId
eth_call
eth_chainId
eth_chainId
eth_call
eth_chainId
eth_chainId
eth_call
eth_chainId
eth_chainId
eth_call
eth_chainId
eth_chainId
eth_call
eth_chainId
eth_chainId
eth_call
eth_chainId
eth_chainId
eth_call
eth_chainId
eth_chainId
eth_call
eth_chainId
eth_chainId
eth_call
eth_chainId
eth_chainId
eth_call
eth_chainId
eth_chainId
eth_call
eth_chainId
eth_chainId
eth_call
eth_chainId
eth_chainId
eth_call
eth_chainId
eth_chainId
eth_call
eth_chainId
eth_chainId
eth_call
eth_chainId
eth_chainId
eth_call
eth_chainId
eth_chainId
eth_call
eth_chainId
eth_chainId
eth_call
eth_chainId
eth_chainId
eth_call
eth_chainId
eth_chainId
eth_call
eth_chainId
eth_chainId
eth_call
eth_chainId
eth_chainId
eth_call
eth_chainId
eth_chainId
eth_call
eth_chainId
eth_chainId
eth_call
eth_chainId
eth_chainId
eth_call
eth_chainId
eth_chainId
eth_call
eth_chainId
eth_chainId
eth_call
eth_chainId
eth_chainId
eth_call
eth_chainId
eth_chainId
eth_call
eth_chainId
eth_chainId
eth_call
eth_chainId
eth_chainId
eth_call
eth_chainId
eth_chainId
eth_call
eth_chainId
eth_chainId
eth_call
eth_chainId
eth_chainId
eth_call
eth_chainId
eth_chainId
eth_call
eth_chainId
eth_chainId
eth_call
eth_chainId
eth_chainId
eth_call
eth_chainId
eth_chainId
eth_call
eth_chainId
eth_chainId
eth_call
eth_chainId
eth_chainId
eth_call
eth_chainId
eth_chainId
eth_call
eth_chainId
eth_chainId
eth_call
eth_chainId
eth_chainId
eth_call
eth_chainId
eth_chainId
eth_call
eth_chainId
eth_chainId
eth_call
eth_chainId
eth_chainId
eth_call
eth_chainId
eth_chainId
eth_call
eth_chainId
eth_chainId
eth_call
eth_chainId
eth_chainId
eth_call
eth_chainId
eth_chainId
eth_call
eth_chainId
eth_chainId
eth_call
eth_chainId
eth_chainId
eth_call
eth_chainId
eth_chainId
eth_call
eth_chainId
eth_chainId
eth_call
eth_chainId
eth_chainId
eth_call
eth_chainId
eth_chainId
eth_call
eth_chainId
eth_chainId
eth_call
eth_chainId
eth_chainId
eth_call
eth_chainId
eth_chainId
eth_call
eth_chainId
eth_chainId
eth_call
eth_chainId
eth_chainId
eth_call
eth_chainId
eth_chainId
eth_call
eth_chainId
eth_chainId
eth_call
eth_chainId
eth_chainId
eth_call
eth_chainId
eth_chainId
eth_call
eth_chainId
eth_chainId
eth_call
eth_chainId
eth_chainId
eth_call
eth_chainId
eth_chainId
eth_call
eth_chainId
eth_chainId
eth_call
eth_chainId
eth_chainId
eth_call
eth_chainId
eth_chainId
eth_call
eth_chainId
eth_chainId
eth_call
eth_chainId
eth_chainId
eth_call
eth_chainId
eth_chainId
eth_call
eth_chainId
eth_chainId
eth_call
eth_chainId
eth_chainId
eth_call
eth_chainId
eth_chainId
eth_call
eth_chainId
eth_chainId
eth_call
eth_chainId
eth_chainId
eth_call
eth_chainId
eth_chainId
eth_call
eth_chainId
eth_chainId
eth_call
eth_chainId
eth_chainId
eth_call
eth_chainId
eth_chainId
eth_call
eth_chainId
eth_chainId
eth_call
eth_chainId
eth_chainId
eth_call
eth_chainId
eth_chainId
eth_call
eth_chainId
eth_chainId
eth_call
eth_chainId
eth_chainId
eth_call
eth_chainId
eth_chainId
eth_call
eth_chainId
eth_chainId
eth_call
eth_chainId
eth_chainId
eth_call
eth_chainId
eth_chainId
eth_call
eth_chainId
eth_chainId
eth_call
eth_chainId
eth_chainId
eth_call
eth_chainId
eth_chainId
eth_call
eth_chainId
eth_chainId
eth_call
eth_chainId
eth_chainId
eth_call
eth_chainId
eth_chainId
eth_call
eth_chainId
eth_chainId
eth_call
eth_chainId
eth_chainId
eth_call
eth_chainId
eth_chainId
eth_call
eth_chainId
eth_chainId
eth_call
eth_chainId
eth_chainId
eth_call
eth_chainId
eth_chainId
eth_call
eth_chainId
eth_chainId
eth_call
eth_chainId
eth_chainId
eth_call
eth_chainId
eth_chainId
eth_call
eth_chainId
eth_chainId
eth_call
eth_chainId
eth_chainId
eth_call
eth_chainId
eth_chainId
eth_call
eth_chainId
eth_chainId
eth_call
eth_chainId
eth_chainId
eth_call
eth_chainId
eth_chainId
eth_call
eth_chainId
eth_chainId
eth_call
eth_chainId
eth_chainId
eth_call
eth_chainId
eth_chainId
eth_call
eth_chainId
eth_chainId
eth_call
eth_chainId
eth_chainId
eth_call
eth_chainId
eth_chainId
eth_call
eth_chainId
eth_chainId
eth_call
eth_chainId
eth_chainId
eth_call
eth_chainId
eth_chainId
eth_call
eth_chainId
eth_chainId
eth_call
eth_chainId
eth_chainId
eth_call
eth_chainId
eth_chainId
eth_call
eth_chainId
eth_chainId
eth_call
eth_chainId
eth_chainId
eth_call
eth_chainId
eth_chainId
eth_call
eth_chainId
eth_chainId
eth_call
eth_chainId
eth_chainId
eth_call
eth_chainId
eth_chainId
eth_call
eth_chainId
eth_chainId
eth_call
eth_chainId
eth_chainId
eth_call
eth_chainId
eth_chainId
eth_call
eth_chainId
eth_chainId
eth_call
eth_chainId
eth_chainId
eth_call
eth_chainId
eth_chainId
eth_call
eth_chainId
eth_chainId
eth_call
eth_chainId
eth_chainId
eth_call
eth_chainId
eth_chainId
eth_call
eth_chainId
eth_chainId
eth_call
eth_chainId
eth_chainId
eth_call
eth_chainId
eth_chainId
eth_call
eth_chainId
eth_chainId
eth_call
eth_chainId
eth_chainId
eth_call
eth_chainId
eth_chainId
eth_call
eth_chainId
eth_chainId
eth_call
eth_chainId
eth_chainId
eth_call
eth_chainId
eth_chainId
eth_call
eth_chainId
eth_chainId
eth_call
eth_chainId
eth_chainId
eth_call
eth_chainId
eth_chainId
eth_call
eth_chainId
eth_chainId
eth_call
eth_chainId
eth_chainId
eth_call
eth_chainId
eth_chainId
eth_call
eth_chainId
eth_chainId
eth_call
eth_chainId
eth_chainId
eth_call
eth_chainId
eth_chainId
eth_call
eth_chainId
eth_chainId
eth_call
eth_chainId
eth_chainId
eth_call
eth_chainId
eth_chainId
eth_call
eth_chainId
eth_chainId
eth_call
eth_chainId
eth_chainId
eth_call
eth_chainId
eth_chainId
eth_call
eth_chainId
eth_chainId
eth_call
eth_chainId
eth_chainId
eth_call
eth_chainId
eth_chainId
eth_call
eth_chainId
eth_chainId
eth_call
eth_chainId
eth_chainId
eth_call
eth_chainId
eth_chainId
eth_call
eth_chainId
eth_chainId
eth_call
eth_chainId
eth_chainId
eth_call
eth_chainId
eth_chainId
eth_call
eth_chainId
eth_chainId
eth_call
eth_chainId
eth_chainId
eth_call
eth_chainId
eth_chainId
eth_call
eth_chainId
eth_chainId
eth_call
eth_chainId
eth_chainId
eth_call
eth_chainId
eth_chainId
eth_call
eth_chainId
eth_chainId
eth_call
eth_chainId
eth_chainId
eth_call
eth_chainId
eth_chainId
eth_call
eth_chainId
eth_chainId
eth_call
eth_chainId
eth_chainId
eth_call
eth_chainId
eth_chainId
eth_call
eth_chainId
eth_chainId
eth_call
eth_chainId
eth_chainId
eth_call
eth_chainId
eth_chainId
eth_call
eth_chainId
eth_chainId
eth_call
eth_chainId
eth_chainId
eth_call
eth_chainId
eth_chainId
eth_call
eth_chainId
eth_chainId
eth_call
eth_chainId
eth_chainId
eth_call
eth_chainId
eth_chainId
eth_call
eth_chainId
eth_chainId
eth_call
eth_chainId
eth_chainId
eth_call
eth_chainId
eth_chainId
eth_call
eth_chainId
eth_chainId
eth_call
eth_chainId
eth_chainId
eth_call
eth_chainId
eth_chainId
eth_call
eth_chainId
eth_chainId
eth_call
eth_chainId
eth_chainId
eth_call
eth_chainId
eth_chainId
eth_call
eth_chainId
eth_chainId
eth_call
eth_chainId
eth_chainId
eth_call
eth_chainId
eth_chainId
eth_call
eth_chainId
eth_chainId
eth_call
eth_chainId
eth_chainId
eth_call
eth_chainId
eth_chainId
eth_call
eth_chainId
eth_chainId
eth_call
eth_chainId
eth_chainId
eth_call
eth_chainId
eth_chainId
eth_call
eth_chainId
eth_chainId
eth_call
eth_chainId
eth_chainId
eth_call
eth_chainId
eth_chainId
eth_call
eth_chainId
eth_chainId
eth_call
eth_chainId
eth_chainId
eth_call
eth_chainId
eth_chainId
eth_call
eth_chainId
eth_chainId
eth_call
eth_chainId
eth_chainId
eth_call
eth_chainId
eth_chainId
eth_call
eth_chainId
eth_chainId
eth_call
eth_chainId
eth_chainId
eth_call
eth_chainId
eth_chainId
eth_call
eth_chainId
eth_chainId
eth_call
eth_chainId
eth_chainId
eth_call
eth_chainId
eth_chainId
eth_call
eth_chainId
eth_chainId
eth_call
eth_chainId
eth_chainId
eth_call
eth_chainId
eth_chainId
eth_call
eth_chainId
eth_chainId
eth_call
eth_chainId
eth_chainId
eth_call
eth_chainId
eth_chainId
eth_call
eth_chainId
eth_chainId
eth_call
eth_chainId
eth_chainId
eth_call
eth_chainId
eth_chainId
eth_call
eth_chainId
eth_chainId
eth_call
eth_chainId
eth_chainId
eth_call
eth_chainId
eth_chainId
eth_call
eth_chainId
eth_chainId
eth_call
eth_chainId
eth_chainId
eth_call
eth_chainId
eth_chainId
eth_call
eth_chainId
eth_chainId
eth_call
eth_chainId
eth_chainId
eth_call
eth_chainId
eth_chainId
eth_call
eth_chainId
eth_chainId
eth_call
eth_chainId
eth_chainId
eth_call
eth_chainId
eth_chainId
eth_call
eth_chainId
eth_chainId
eth_call
eth_chainId
eth_chainId
eth_call
eth_chainId
eth_chainId
eth_call
eth_chainId
eth_chainId
eth_call
eth_chainId
eth_chainId
eth_call
eth_chainId
eth_chainId
eth_call
eth_chainId
eth_chainId
eth_call
eth_chainId
eth_chainId
eth_call
eth_chainId
eth_chainId
eth_call
eth_chainId
eth_chainId
eth_call
eth_chainId
eth_chainId
eth_call
eth_chainId
eth_chainId
eth_call
eth_chainId
eth_chainId
eth_call
eth_chainId
eth_chainId
eth_call
eth_chainId
eth_chainId
eth_call
eth_chainId
eth_chainId
eth_call
eth_chainId
eth_chainId
eth_call
eth_chainId
eth_chainId
eth_call
eth_chainId
eth_chainId
eth_call
eth_chainId
eth_chainId
eth_call
eth_chainId
eth_chainId
eth_call
eth_chainId
eth_chainId
eth_call
eth_chainId
eth_chainId
eth_call
eth_chainId
eth_chainId
eth_call
eth_chainId
eth_chainId
eth_call
eth_chainId
eth_chainId
eth_call
eth_chainId
eth_chainId
eth_call
eth_chainId
eth_chainId
eth_call
eth_chainId
eth_chainId
eth_call
eth_chainId
eth_chainId
eth_call
eth_chainId
eth_chainId
eth_call
eth_chainId
eth_chainId
eth_call
eth_chainId
eth_chainId
eth_call
eth_chainId
eth_chainId
eth_call
eth_chainId
eth_chainId
eth_call
eth_chainId
eth_chainId
eth_call
eth_chainId
eth_chainId
eth_call
eth_chainId
eth_chainId
eth_call
eth_chainId
eth_chainId
eth_call
eth_chainId
eth_chainId
eth_call
eth_chainId
eth_chainId
eth_call
eth_chainId
eth_chainId
eth_call
eth_chainId
eth_chainId
eth_call
eth_chainId
eth_chainId
eth_call
eth_chainId
eth_chainId
eth_call
eth_chainId
eth_chainId
eth_call
eth_chainId
eth_chainId
eth_call
eth_chainId
eth_chainId
eth_call
eth_chainId
eth_chainId
eth_call
eth_chainId
eth_chainId
eth_call
eth_chainId
eth_chainId
eth_call
eth_chainId
eth_chainId
eth_call
eth_chainId
eth_chainId
eth_call
eth_chainId
eth_chainId
eth_call
eth_chainId
eth_chainId
eth_call
eth_chainId
eth_chainId
eth_call
eth_chainId
eth_chainId
eth_call
eth_chainId
eth_chainId
eth_call
eth_chainId
eth_chainId
eth_call
eth_chainId
eth_chainId
eth_call
eth_chainId
eth_chainId
eth_call
eth_chainId
eth_chainId
eth_call
eth_chainId
eth_chainId
eth_call
eth_chainId
eth_chainId
eth_call
eth_chainId
eth_chainId
eth_call
eth_chainId
eth_chainId
eth_call
eth_chainId
eth_chainId
eth_call
eth_chainId
eth_chainId
eth_call
eth_chainId
eth_chainId
eth_call
eth_chainId
eth_chainId
eth_call
eth_chainId
eth_chainId
eth_call
eth_chainId
eth_chainId
eth_call
eth_chainId
eth_chainId
eth_call
eth_chainId
eth_chainId
eth_call
eth_chainId
eth_chainId
eth_call
eth_chainId
eth_chainId
eth_call
eth_chainId
eth_chainId
eth_call
eth_chainId
eth_chainId
eth_call
eth_chainId
eth_chainId
eth_call
eth_chainId
eth_chainId
eth_call
eth_chainId
eth_chainId
eth_call
eth_chainId
eth_chainId
eth_call
eth_chainId
eth_chainId
eth_call
eth_chainId
eth_chainId
eth_call
eth_chainId
eth_chainId
eth_call
eth_chainId
eth_chainId
eth_call
eth_chainId
eth_chainId
eth_call
eth_chainId
eth_chainId
eth_call
eth_chainId
eth_chainId
eth_call
eth_chainId
eth_chainId
eth_call
eth_chainId
eth_chainId
eth_call
eth_chainId
eth_chainId
eth_call
eth_chainId
eth_chainId
eth_call
eth_chainId
eth_chainId
eth_call
eth_chainId
eth_chainId
eth_call
eth_chainId
eth_chainId
eth_call
eth_chainId
eth_chainId
eth_call
eth_chainId
eth_chainId
eth_call
eth_chainId
eth_chainId
eth_call
eth_chainId
eth_chainId
eth_call
eth_chainId
eth_chainId
eth_call
eth_chainId
eth_chainId
eth_call
eth_chainId
eth_chainId
eth_call
eth_chainId
eth_chainId
eth_call
eth_chainId
eth_chainId
eth_call
eth_chainId
eth_chainId
eth_call
eth_chainId
eth_chainId
eth_call
eth_chainId
eth_chainId
eth_call
eth_chainId
eth_chainId
eth_call
eth_chainId
eth_chainId
eth_call
eth_chainId
eth_chainId
eth_call
eth_chainId
eth_chainId
eth_call
eth_chainId
eth_chainId
eth_call
eth_chainId
eth_chainId
eth_call
eth_chainId
eth_chainId
eth_call
eth_chainId
eth_chainId
eth_call
eth_chainId
eth_chainId
eth_call
eth_chainId
eth_chainId
eth_call
eth_chainId
eth_chainId
eth_call
eth_chainId
eth_chainId
eth_call
eth_chainId
eth_chainId
eth_call
eth_chainId
eth_chainId
eth_call
eth_chainId
eth_chainId
eth_call
eth_chainId
eth_chainId
eth_call
eth_chainId
eth_chainId
eth_call
eth_chainId
eth_chainId
eth_call
eth_chainId
eth_chainId
eth_call
eth_chainId
eth_chainId
eth_call
eth_chainId
eth_chainId
eth_call
eth_chainId
eth_chainId
eth_call
eth_chainId
eth_chainId
eth_call
eth_chainId
eth_chainId
eth_call
eth_chainId
eth_chainId
eth_call
eth_chainId
eth_chainId
eth_call
eth_chainId
eth_chainId
eth_call
eth_chainId
eth_chainId
eth_call
eth_chainId
eth_chainId
eth_call
eth_chainId
eth_chainId
eth_call
eth_chainId
eth_chainId
eth_call
eth_chainId
eth_chainId
eth_call
eth_chainId
eth_chainId
eth_call
eth_chainId
eth_chainId
eth_call
eth_chainId
eth_chainId
eth_call
eth_chainId
eth_chainId
eth_call
eth_chainId
eth_chainId
eth_call
eth_chainId
eth_chainId
eth_call
eth_chainId
eth_chainId
eth_call
eth_chainId
eth_chainId
eth_call
eth_chainId
eth_chainId
eth_call
eth_chainId
eth_chainId
eth_call
eth_chainId
eth_chainId
eth_call
eth_chainId
eth_chainId
eth_call
eth_chainId
eth_chainId
eth_call
eth_chainId
eth_chainId
eth_call
eth_chainId
eth_chainId
eth_call
eth_chainId
eth_chainId
eth_call
eth_chainId
eth_chainId
eth_call
eth_chainId
eth_chainId
eth_call
eth_chainId
eth_chainId
eth_call
eth_chainId
eth_chainId
eth_call
eth_chainId
eth_chainId
eth_call
eth_chainId
eth_chainId
eth_call
eth_chainId
eth_chainId
eth_call
eth_chainId
eth_chainId
eth_call
eth_chainId
eth_chainId
eth_call
eth_chainId
eth_chainId
eth_call
eth_chainId
eth_chainId
eth_call
eth_chainId
eth_chainId
eth_call
eth_chainId
eth_chainId
eth_call
eth_chainId
eth_chainId
eth_call
eth_chainId
eth_chainId
eth_call
eth_chainId
eth_chainId
eth_call
eth_chainId
eth_chainId
eth_call
eth_chainId
eth_chainId
eth_call
eth_chainId
eth_chainId
eth_call
eth_chainId
eth_chainId
eth_call
eth_chainId
eth_chainId
eth_call
eth_chainId
eth_chainId
eth_call
eth_chainId
eth_chainId
eth_call
eth_chainId
eth_chainId
eth_call
eth_chainId
eth_chainId
eth_call
eth_chainId
eth_chainId
eth_call
eth_chainId
eth_chainId
eth_call
eth_chainId
eth_chainId
eth_call
eth_chainId
eth_chainId
eth_call
eth_chainId
eth_chainId
eth_call
eth_chainId
eth_chainId
eth_call
eth_chainId
eth_chainId
eth_call
eth_chainId
eth_chainId
eth_call
eth_chainId
eth_chainId
eth_call
eth_chainId
eth_chainId
eth_call
eth_chainId
eth_chainId
eth_call
eth_chainId
eth_chainId
eth_call
eth_chainId
eth_chainId
eth_call
eth_chainId
eth_chainId
eth_call
eth_chainId
eth_chainId
eth_call
eth_chainId
eth_chainId
eth_call
eth_chainId
eth_chainId
eth_call
eth_chainId
eth_chainId
eth_call
eth_chainId
eth_chainId
eth_call
eth_chainId
eth_chainId
eth_call
eth_chainId
eth_chainId
eth_call
eth_chainId
eth_chainId
eth_call
eth_chainId
eth_chainId
eth_call
eth_chainId
eth_chainId
eth_call
eth_chainId
eth_chainId
eth_call
eth_chainId
eth_chainId
eth_call
eth_chainId
eth_chainId
eth_call
eth_chainId
eth_chainId
eth_call
eth_chainId
eth_chainId
eth_call
eth_chainId
eth_chainId
eth_call
eth_chainId
eth_chainId
eth_call
eth_chainId
eth_chainId
eth_call
eth_chainId
eth_chainId
eth_call
eth_chainId
eth_chainId
eth_call
eth_chainId
eth_chainId
eth_call
eth_chainId
eth_chainId
eth_call
eth_chainId
eth_chainId
eth_call
eth_chainId
eth_chainId
eth_call
eth_chainId
eth_chainId
eth_call
eth_chainId
eth_chainId
eth_call
eth_chainId
eth_chainId
eth_call
eth_chainId
eth_chainId
eth_call
eth_chainId
eth_chainId
eth_call
eth_chainId
eth_chainId
eth_call
eth_chainId
eth_chainId
eth_call
eth_chainId
eth_chainId
eth_call
eth_chainId
eth_chainId
eth_call
eth_chainId
eth_chainId
eth_call
eth_chainId
eth_chainId
eth_call
eth_chainId
eth_chainId
eth_call
eth_chainId
eth_chainId
eth_call
eth_chainId
eth_chainId
eth_call
eth_chainId
eth_chainId
eth_call
eth_chainId
eth_chainId
eth_call
eth_chainId
eth_chainId
eth_call
eth_chainId
eth_chainId
eth_call
eth_chainId
eth_chainId
eth_call
eth_chainId
eth_chainId
eth_call
eth_chainId
eth_chainId
eth_call
eth_chainId
eth_chainId
eth_call
eth_chainId
eth_chainId
eth_call
eth_chainId
eth_chainId
eth_call
eth_chainId
eth_chainId
eth_call
eth_chainId
eth_chainId
eth_call
eth_chainId
eth_chainId
eth_call
eth_chainId
eth_chainId
eth_call
eth_chainId
eth_chainId
eth_call
eth_chainId
eth_chainId
eth_call
eth_chainId
eth_chainId
eth_call
eth_chainId
eth_chainId
eth_call
eth_chainId
eth_chainId
eth_call
eth_chainId
eth_chainId
eth_call
eth_chainId
eth_chainId
eth_call
eth_chainId
eth_chainId
eth_call
eth_chainId
eth_chainId
eth_call
eth_chainId
eth_chainId
eth_call
eth_chainId
eth_chainId
eth_call
eth_chainId
eth_chainId
eth_call
eth_chainId
eth_chainId
eth_call
eth_chainId
eth_chainId
eth_call
eth_chainId
eth_chainId
eth_call
eth_chainId
eth_chainId
eth_call
eth_chainId
eth_chainId
eth_call
eth_chainId
eth_chainId
eth_call
eth_chainId
eth_chainId
eth_call
eth_chainId
eth_chainId
eth_call
eth_chainId
eth_chainId
eth_call
eth_chainId
eth_chainId
eth_call
eth_chainId
eth_chainId
eth_call
eth_chainId
eth_chainId
eth_call
eth_chainId
eth_chainId
eth_call
eth_chainId
eth_chainId
eth_call
eth_chainId
eth_chainId
eth_call
eth_chainId
eth_chainId
eth_call
eth_chainId
eth_chainId
eth_call
eth_chainId
eth_chainId
eth_call
eth_chainId
eth_chainId
eth_call
eth_chainId
eth_chainId
eth_call
eth_chainId
eth_chainId
eth_call
eth_chainId
eth_chainId
eth_call
eth_chainId
eth_chainId
eth_call
eth_chainId
eth_chainId
eth_call
eth_chainId
eth_chainId
eth_call
eth_chainId
eth_chainId
eth_call
eth_chainId
eth_chainId
eth_call
eth_chainId
eth_chainId
eth_call
eth_chainId
eth_chainId
eth_call
eth_chainId
eth_chainId
eth_call
eth_chainId
eth_chainId
eth_call
eth_chainId
eth_chainId
eth_call
eth_chainId
eth_chainId
eth_call
eth_chainId
eth_chainId
eth_call
eth_chainId
eth_chainId
eth_call
eth_chainId
eth_chainId
eth_call
eth_chainId
eth_chainId
eth_call
eth_chainId
eth_chainId
eth_call
eth_chainId
eth_chainId
eth_call
eth_chainId
eth_chainId
eth_call
eth_chainId
eth_chainId
eth_call
eth_chainId
eth_chainId
eth_call
eth_chainId
eth_chainId
eth_call
eth_chainId
eth_chainId
eth_call
eth_chainId
eth_chainId
eth_call
eth_chainId
eth_chainId
eth_call
eth_chainId
eth_chainId
eth_call
eth_chainId
eth_chainId
eth_call
eth_chainId
eth_chainId
eth_call
eth_chainId
eth_chainId
eth_call
eth_chainId
eth_chainId
eth_call
eth_chainId
eth_chainId
eth_call
eth_chainId
eth_chainId
eth_call
eth_chainId
eth_chainId
eth_call
eth_chainId
eth_chainId
eth_call
eth_chainId
eth_chainId
eth_call
eth_chainId
eth_chainId
eth_call
eth_chainId
eth_chainId
eth_call
eth_chainId
eth_chainId
eth_call
eth_chainId
eth_chainId
eth_call
eth_chainId
eth_chainId
eth_call
eth_chainId
eth_chainId
eth_call
eth_chainId
eth_chainId
eth_call
eth_chainId
eth_chainId
eth_call
eth_chainId
eth_chainId
eth_call
eth_chainId
eth_chainId
eth_call
eth_chainId
eth_chainId
eth_call
eth_chainId
eth_chainId
eth_call
eth_chainId
eth_chainId
eth_call
eth_chainId
eth_chainId
eth_call
eth_chainId
eth_chainId
eth_call
eth_chainId
eth_chainId
eth_call
eth_chainId
eth_chainId
eth_call
eth_chainId
eth_chainId
eth_call
eth_chainId
eth_chainId
eth_call
eth_chainId
eth_chainId
eth_call
eth_chainId
eth_chainId
eth_call
eth_chainId
eth_chainId
eth_call
eth_chainId
eth_chainId
eth_call
eth_chainId
eth_chainId
eth_call
eth_chainId
eth_chainId
eth_call
eth_chainId
eth_chainId
eth_call
eth_chainId
eth_chainId
eth_call
eth_chainId
eth_chainId
eth_call
eth_chainId
eth_chainId
eth_call
eth_chainId
eth_chainId
eth_call
eth_chainId
eth_chainId
eth_call
eth_chainId
eth_chainId
eth_call
eth_chainId
eth_chainId
eth_call
eth_chainId
eth_chainId
eth_call
eth_chainId
eth_chainId
eth_call
eth_chainId
eth_chainId
eth_call
eth_chainId
eth_chainId
eth_call
eth_chainId
eth_chainId
eth_call
eth_chainId
eth_chainId
eth_call
eth_chainId
eth_chainId
eth_call
eth_chainId
eth_chainId
eth_call
eth_chainId
eth_chainId
eth_call
eth_chainId
eth_chainId
eth_call
eth_chainId
eth_chainId
eth_call
eth_chainId
eth_chainId
eth_call
eth_chainId
eth_chainId
eth_call
eth_chainId
eth_chainId
eth_call
eth_chainId
eth_chainId
eth_call
eth_chainId
eth_chainId
eth_call
eth_chainId
eth_chainId
eth_call
eth_chainId
eth_chainId
eth_call
eth_chainId
eth_chainId
eth_call
eth_chainId
eth_chainId
eth_call
eth_chainId
eth_chainId
eth_call
eth_chainId
eth_chainId
eth_call
eth_chainId
eth_chainId
eth_call
eth_chainId
eth_chainId
eth_call
eth_chainId
eth_chainId
eth_call
eth_chainId
eth_chainId
eth_call
eth_chainId
eth_chainId
eth_call
eth_chainId
eth_chainId
eth_call
eth_chainId
eth_chainId
eth_call
eth_chainId
eth_chainId
eth_call
eth_chainId
eth_chainId
eth_call
eth_chainId
eth_chainId
eth_call
eth_chainId
eth_chainId
eth_call
eth_chainId
eth_chainId
eth_call
eth_chainId
eth_chainId
eth_call
eth_chainId
eth_chainId
eth_call
eth_chainId
eth_chainId
eth_call
eth_chainId
eth_chainId
eth_call
eth_chainId
eth_chainId
eth_call
eth_chainId
eth_chainId
eth_call
eth_chainId
eth_chainId
eth_call
eth_chainId
eth_chainId
eth_call
eth_chainId
eth_chainId
eth_call
eth_chainId
eth_chainId
eth_call
eth_chainId
eth_chainId
eth_call
eth_chainId
eth_chainId
eth_call
eth_chainId
eth_chainId
eth_call
eth_chainId
eth_chainId
eth_call
eth_chainId
eth_chainId
eth_call
eth_chainId
eth_chainId
eth_call
eth_chainId
eth_chainId
eth_call
eth_chainId
eth_chainId
eth_call
eth_chainId
eth_chainId
eth_call
eth_chainId
eth_chainId
eth_call
eth_chainId
eth_chainId
eth_call
eth_chainId
eth_chainId
eth_call
eth_chainId
eth_chainId
eth_call
eth_chainId
eth_chainId
eth_call
eth_chainId
eth_chainId
eth_call
eth_chainId
eth_chainId
eth_call
eth_chainId
eth_chainId
eth_call
eth_chainId
eth_chainId
eth_call
eth_chainId
eth_chainId
eth_call
eth_chainId
eth_chainId
eth_call
eth_chainId
eth_chainId
eth_call
eth_chainId
eth_chainId
eth_call
eth_chainId
eth_chainId
eth_call
eth_chainId
eth_chainId
eth_call
eth_chainId
eth_chainId
eth_call
eth_chainId
eth_chainId
eth_call
eth_chainId
eth_chainId
eth_call
eth_chainId
eth_chainId
eth_call
eth_chainId
eth_chainId
eth_call
eth_chainId
eth_chainId
eth_call
eth_chainId
eth_chainId
eth_call
eth_chainId
eth_chainId
eth_call
eth_chainId
eth_chainId
eth_call
eth_chainId
eth_chainId
eth_call
eth_chainId
eth_chainId
eth_call
eth_chainId
eth_chainId
eth_call
eth_chainId
eth_chainId
eth_call
eth_chainId
eth_chainId
eth_call
eth_chainId
eth_chainId
eth_call
eth_chainId
eth_chainId
eth_call
eth_chainId
eth_chainId
eth_call
eth_chainId
eth_chainId
eth_call
eth_chainId
eth_chainId
eth_call
eth_chainId
eth_chainId
eth_call
eth_chainId
eth_chainId
eth_call
eth_chainId
eth_chainId
eth_call
eth_chainId
eth_chainId
eth_call
eth_chainId
eth_chainId
eth_call
eth_chainId
eth_chainId
eth_call
eth_chainId
eth_chainId
eth_call
eth_chainId
eth_chainId
eth_call
eth_chainId
eth_chainId
eth_call
eth_chainId
eth_chainId
eth_call
eth_chainId
eth_chainId
eth_call
eth_chainId
eth_chainId
eth_call
eth_chainId
eth_chainId
eth_call
eth_chainId
eth_chainId
eth_call
eth_chainId
eth_chainId
eth_call
eth_chainId
eth_chainId
eth_call
eth_chainId
eth_chainId
eth_call
eth_chainId
eth_chainId
eth_call
eth_chainId
eth_chainId
eth_call
eth_chainId
eth_chainId
eth_call
eth_chainId
eth_chainId
eth_call
eth_chainId
eth_chainId
eth_call
eth_chainId
eth_chainId
eth_call
eth_chainId
eth_chainId
eth_call
eth_chainId
eth_chainId
eth_call
eth_chainId
eth_chainId
eth_call
eth_chainId
eth_chainId
eth_call
eth_chainId
eth_chainId
eth_call
eth_chainId
eth_chainId
eth_call
eth_chainId
eth_chainId
eth_call
eth_chainId
eth_chainId
eth_call
eth_chainId
eth_chainId
eth_call
eth_chainId
eth_chainId
eth_call
eth_chainId
eth_chainId
eth_call
eth_chainId
eth_chainId
eth_call
eth_chainId
eth_chainId
eth_call
eth_chainId
eth_chainId
eth_call
eth_chainId
eth_chainId
eth_call
eth_chainId
eth_chainId
eth_call
eth_chainId
eth_chainId
eth_call
eth_chainId
eth_chainId
eth_call
eth_chainId
eth_chainId
eth_call
eth_chainId
eth_chainId
eth_call
eth_chainId
eth_chainId
eth_call
eth_chainId
eth_chainId
eth_call
eth_chainId
eth_chainId
eth_call
eth_chainId
eth_chainId
eth_call
eth_chainId
eth_chainId
eth_call
eth_chainId
eth_chainId
eth_call
eth_chainId
eth_chainId
eth_call
eth_chainId
eth_chainId
eth_call
eth_chainId
eth_chainId
eth_call
eth_chainId
eth_chainId
eth_call
eth_chainId
eth_chainId
eth_call
eth_chainId
eth_chainId
eth_call
eth_chainId
eth_chainId
eth_call
eth_chainId
eth_chainId
eth_call
eth_chainId
eth_chainId
eth_call
eth_chainId
eth_chainId
eth_call
eth_chainId
eth_chainId
eth_call
eth_chainId
eth_chainId
eth_call
eth_chainId
eth_chainId
eth_call
eth_chainId
eth_chainId
eth_call
eth_chainId
eth_chainId
eth_call
eth_chainId
eth_chainId
eth_call
eth_chainId
eth_chainId
eth_call
eth_chainId
eth_chainId
eth_call
eth_chainId
eth_chainId
eth_call
eth_chainId
eth_chainId
eth_call
eth_chainId
eth_chainId
eth_call
eth_chainId
eth_chainId
eth_call
eth_chainId
eth_chainId
eth_call
eth_chainId
eth_chainId
eth_call
eth_chainId
eth_chainId
eth_call
eth_chainId
eth_chainId
eth_call
eth_chainId
eth_chainId
eth_call
eth_chainId
eth_chainId
eth_call
eth_chainId
eth_chainId
eth_call
eth_chainId
eth_chainId
eth_call
eth_chainId
eth_chainId
eth_call
eth_chainId
eth_chainId
eth_call
eth_chainId
eth_chainId
eth_call
eth_chainId
eth_chainId
eth_call
eth_chainId
eth_chainId
eth_call
eth_chainId
eth_chainId
eth_call
eth_chainId
eth_chainId
eth_call
eth_chainId
eth_chainId
eth_call
eth_chainId
eth_chainId
eth_call
eth_chainId
eth_chainId
eth_call
eth_chainId
eth_chainId
eth_call
eth_chainId
eth_chainId
eth_call
eth_chainId
eth_chainId
eth_call
eth_chainId
eth_chainId
eth_call
eth_chainId
eth_chainId
eth_call
eth_chainId
eth_chainId
eth_call
eth_chainId
eth_chainId
eth_call
eth_chainId
eth_chainId
eth_call
eth_chainId
eth_chainId
eth_call
eth_chainId
eth_chainId
eth_call
eth_chainId
eth_chainId
eth_call
eth_chainId
eth_chainId
eth_call
eth_chainId
eth_chainId
eth_call
eth_chainId
eth_chainId
eth_call
eth_chainId
eth_chainId
eth_call
eth_chainId
eth_chainId
eth_call
eth_chainId
eth_chainId
eth_call
eth_chainId
eth_chainId
eth_call
eth_chainId
eth_chainId
eth_call
eth_chainId
eth_chainId
eth_call
eth_chainId
eth_chainId
eth_call
eth_chainId
eth_chainId
eth_call
eth_chainId
eth_chainId
eth_call
eth_chainId
eth_chainId
eth_call
eth_chainId
eth_chainId
eth_call
eth_chainId
eth_chainId
eth_call
eth_chainId
eth_chainId
eth_call
eth_chainId
eth_chainId
eth_call
eth_chainId
eth_chainId
eth_call
eth_chainId
eth_chainId
eth_call
eth_chainId
eth_chainId
eth_call
eth_chainId
eth_chainId
eth_call
eth_chainId
eth_chainId
eth_call
eth_chainId
eth_chainId
eth_call
eth_chainId
eth_chainId
eth_call
eth_chainId
eth_chainId
eth_call
eth_chainId
eth_chainId
eth_call
eth_chainId
eth_chainId
eth_call
eth_chainId
eth_chainId
eth_call
eth_chainId
eth_chainId
eth_call
eth_chainId
eth_chainId
eth_call
eth_chainId
eth_chainId
eth_call
eth_chainId
eth_chainId
eth_call
eth_chainId
eth_chainId
eth_call
eth_chainId
eth_chainId
eth_call
eth_chainId
eth_chainId
eth_call
eth_chainId
eth_chainId
eth_call
eth_chainId
eth_chainId
eth_call
eth_chainId
eth_chainId
eth_call
eth_chainId
eth_chainId
eth_call
eth_chainId
eth_chainId
eth_call
eth_chainId
eth_chainId
eth_call
eth_chainId
eth_chainId
eth_call
eth_chainId
eth_chainId
eth_call
eth_chainId
eth_chainId
eth_call
eth_chainId
eth_chainId
eth_call
eth_chainId
eth_chainId
eth_call
eth_chainId
eth_chainId
eth_call
eth_chainId
eth_chainId
eth_call
eth_chainId
eth_chainId
eth_call
eth_chainId
eth_chainId
eth_call
eth_chainId
eth_chainId
eth_call
eth_chainId
eth_chainId
eth_call
eth_chainId
eth_chainId
eth_call
eth_chainId
eth_chainId
eth_call
eth_chainId
eth_chainId
eth_call
eth_chainId
eth_chainId
eth_call
eth_chainId
eth_chainId
eth_call
eth_chainId
eth_chainId
eth_call
eth_chainId
eth_chainId
eth_call
eth_chainId
eth_chainId
eth_call
eth_chainId
eth_chainId
eth_call
eth_chainId
eth_chainId
eth_call
eth_chainId
eth_chainId
eth_call
eth_chainId
eth_chainId
eth_call
eth_chainId
eth_chainId
eth_call
eth_chainId
eth_chainId
eth_call
eth_chainId
eth_chainId
eth_call
eth_chainId
eth_chainId
eth_call
eth_chainId
eth_chainId
eth_call
eth_chainId
eth_chainId
eth_call
eth_chainId
eth_chainId
eth_call
eth_chainId
eth_chainId
eth_call
eth_chainId
eth_chainId
eth_call
eth_chainId
eth_chainId
eth_call
eth_chainId
eth_chainId
eth_call
eth_chainId
eth_chainId
eth_call
eth_chainId
eth_chainId
eth_call
eth_chainId
eth_chainId
eth_call
eth_chainId
eth_chainId
eth_call
eth_chainId
eth_chainId
eth_call
eth_chainId
eth_chainId
eth_call
eth_chainId
eth_chainId
eth_call
eth_chainId
eth_chainId
eth_call
eth_chainId
eth_chainId
eth_call
eth_chainId
eth_chainId
eth_call
eth_chainId
eth_chainId
eth_call
eth_chainId
eth_chainId
eth_call
eth_chainId
eth_chainId
eth_call
eth_chainId
eth_chainId
eth_call
eth_chainId
eth_chainId
eth_call
eth_chainId
eth_chainId
eth_call
eth_chainId
eth_chainId
eth_call
eth_chainId
eth_chainId
eth_call
eth_chainId
eth_chainId
eth_call
eth_chainId
eth_chainId
eth_call
eth_chainId
eth_chainId
eth_call
eth_chainId
eth_chainId
eth_call
eth_chainId
eth_chainId
eth_call
eth_chainId
eth_chainId
eth_call
eth_chainId
eth_chainId
eth_call
eth_chainId
eth_chainId
eth_call
eth_chainId
eth_chainId
eth_call
eth_chainId
eth_chainId
eth_call
eth_chainId
eth_chainId
eth_call
eth_chainId
eth_chainId
eth_call
eth_chainId
eth_chainId
eth_call
eth_chainId
eth_chainId
eth_call
eth_chainId
eth_chainId
eth_call
eth_chainId
eth_chainId
eth_call
eth_chainId
eth_chainId
eth_call
eth_chainId
eth_chainId
eth_call
eth_chainId
eth_chainId
eth_call
eth_chainId
eth_chainId
eth_call
eth_chainId
eth_chainId
eth_call
eth_chainId
eth_chainId
eth_call
eth_chainId
eth_chainId
eth_call
eth_chainId
eth_chainId
eth_call
eth_chainId
eth_chainId
eth_call
eth_chainId
eth_chainId
eth_call
eth_chainId
eth_chainId
eth_call
eth_chainId
eth_chainId
eth_call
eth_chainId
eth_chainId
eth_call
eth_chainId
eth_chainId
eth_call
eth_chainId
eth_chainId
eth_call
eth_chainId
eth_chainId
eth_call
eth_chainId
eth_chainId
eth_call
eth_chainId
eth_chainId
eth_call
eth_chainId
eth_chainId
eth_call
eth_chainId
eth_chainId
eth_call
eth_chainId
eth_chainId
eth_call
eth_chainId
eth_chainId
eth_call
eth_chainId
eth_chainId
eth_call
eth_chainId
eth_chainId
eth_call
eth_chainId
eth_chainId
eth_call
eth_chainId
eth_chainId
eth_call
eth_chainId
eth_chainId
eth_call
eth_chainId
eth_chainId
eth_call
eth_chainId
eth_chainId
eth_call
eth_chainId
eth_chainId
eth_call
eth_chainId
eth_chainId
eth_call
eth_chainId
eth_chainId
eth_call
eth_chainId
eth_chainId
eth_call
eth_chainId
eth_chainId
eth_call
eth_chainId
eth_chainId
eth_call
eth_chainId
eth_chainId
eth_call
eth_chainId
eth_chainId
eth_call
eth_chainId
eth_chainId
eth_call
eth_chainId
eth_chainId
eth_call
eth_chainId
eth_chainId
eth_call
eth_chainId
eth_chainId
eth_call
eth_chainId
eth_chainId
eth_call
eth_chainId
eth_chainId
eth_call
eth_chainId
eth_chainId
eth_call
eth_chainId
eth_chainId
eth_call
eth_chainId
eth_chainId
eth_call
eth_chainId
eth_chainId
eth_call
eth_chainId
eth_chainId
eth_call
eth_chainId
eth_chainId
eth_call
eth_chainId
eth_chainId
eth_call
eth_chainId
eth_chainId
eth_call
eth_chainId
eth_chainId
eth_call
eth_chainId
eth_chainId
eth_call
eth_chainId
eth_chainId
eth_call
eth_chainId
eth_chainId
eth_call
eth_chainId
eth_chainId
eth_call
eth_chainId
eth_chainId
eth_call
eth_chainId
eth_chainId
eth_call
eth_chainId
eth_chainId
eth_call
eth_chainId
eth_chainId
eth_call
eth_chainId
eth_chainId
eth_call
eth_chainId
eth_chainId
eth_call
eth_chainId
eth_chainId
eth_call
eth_chainId
eth_chainId
eth_call
eth_chainId
eth_chainId
eth_call
eth_chainId
eth_chainId
eth_call
eth_chainId
eth_chainId
eth_call
eth_chainId
eth_chainId
eth_call
eth_chainId
eth_chainId
eth_call
eth_chainId
eth_chainId
eth_call
eth_chainId
eth_chainId
eth_call
eth_chainId
eth_chainId
eth_call
eth_chainId
eth_chainId
eth_call
eth_chainId
eth_chainId
eth_call
eth_chainId
eth_chainId
eth_call
eth_chainId
eth_chainId
eth_call
eth_chainId
eth_chainId
eth_call
eth_chainId
eth_chainId
eth_call
eth_chainId
eth_chainId
eth_call
eth_chainId
eth_chainId
eth_call
eth_chainId
eth_chainId
eth_call
eth_chainId
eth_chainId
eth_call
eth_chainId
eth_chainId
eth_call
eth_chainId
eth_chainId
eth_call
eth_chainId
eth_chainId
eth_call
eth_chainId
eth_chainId
eth_call
eth_chainId
eth_chainId
eth_call
eth_chainId
eth_chainId
eth_call
eth_chainId
eth_chainId
eth_call
eth_chainId
eth_chainId
eth_call
eth_chainId
eth_chainId
eth_call
eth_chainId
eth_chainId
eth_call
eth_chainId
eth_chainId
eth_call
eth_chainId
eth_chainId
eth_call
eth_chainId
eth_chainId
eth_call
eth_chainId
eth_chainId
eth_call
eth_chainId
eth_chainId
eth_call
eth_chainId
eth_chainId
eth_call
eth_chainId
eth_chainId
eth_call
eth_chainId
eth_chainId
eth_call
eth_chainId
eth_chainId
eth_call
eth_chainId
eth_chainId
eth_call
eth_chainId
eth_chainId
eth_call
eth_chainId
eth_chainId
eth_call
eth_chainId
eth_chainId
eth_call
eth_chainId
eth_chainId
eth_call
eth_chainId
eth_chainId
eth_call
eth_chainId
eth_chainId
eth_call
eth_chainId
eth_chainId
eth_call
eth_chainId
eth_chainId
eth_call
eth_chainId
eth_chainId
eth_call
eth_chainId
eth_chainId
eth_call
eth_chainId
eth_chainId
eth_call
eth_chainId
eth_chainId
eth_call
eth_chainId
eth_chainId
eth_call
eth_chainId
eth_chainId
eth_call
eth_chainId
eth_chainId
eth_call
eth_chainId
eth_chainId
eth_call
eth_chainId
eth_chainId
eth_call
eth_chainId
eth_chainId
eth_call
eth_chainId
eth_chainId
eth_call
eth_chainId
eth_chainId
eth_call
eth_chainId
eth_chainId
eth_call
eth_chainId
eth_chainId
eth_call
eth_chainId
eth_chainId
eth_call
eth_chainId
eth_chainId
eth_call
eth_chainId
eth_chainId
eth_call
eth_chainId
eth_chainId
eth_call
eth_chainId
eth_chainId
eth_call
eth_chainId
eth_chainId
eth_call
eth_chainId
eth_chainId
eth_call
eth_chainId
eth_chainId
eth_call
eth_chainId
eth_chainId
eth_call
eth_chainId
eth_chainId
eth_call
eth_chainId
eth_chainId
eth_call
eth_chainId
eth_chainId
eth_call
eth_chainId
eth_chainId
eth_call
eth_chainId
eth_chainId
eth_call
eth_chainId
eth_chainId
eth_call
eth_chainId
eth_chainId
eth_call
eth_chainId
eth_chainId
eth_call
eth_chainId
eth_chainId
eth_call
eth_chainId
eth_chainId
eth_call
eth_chainId
eth_chainId
eth_call
eth_chainId
eth_chainId
eth_call
eth_chainId
eth_chainId
eth_call
eth_chainId
eth_chainId
eth_call
eth_chainId
eth_chainId
eth_call
eth_chainId
eth_chainId
eth_call
eth_chainId
eth_chainId
eth_call
eth_chainId
eth_chainId
eth_call
eth_chainId
eth_chainId
eth_call
eth_chainId
eth_chainId
eth_call
eth_chainId
eth_chainId
eth_call
eth_chainId
eth_chainId
eth_call
eth_chainId
eth_chainId
eth_call
eth_chainId
eth_chainId
eth_call
eth_chainId
eth_chainId
eth_call
eth_chainId
eth_chainId
eth_call
eth_chainId
eth_chainId
eth_call
eth_chainId
eth_chainId
eth_call
eth_chainId
eth_chainId
eth_call
eth_chainId
eth_chainId
eth_call
eth_chainId
eth_chainId
eth_call
eth_chainId
eth_chainId
eth_call
eth_chainId
eth_chainId
eth_call
eth_chainId
eth_chainId
eth_call
eth_chainId
eth_chainId
eth_call
eth_chainId
eth_chainId
eth_call
eth_chainId
eth_chainId
eth_call
eth_chainId
eth_chainId
eth_call
eth_chainId
eth_chainId
eth_call
eth_chainId
eth_chainId
eth_call
eth_chainId
eth_chainId
eth_call
eth_chainId
eth_chainId
eth_call
eth_chainId
eth_chainId
eth_call
eth_chainId
eth_chainId
eth_call
eth_chainId
eth_chainId
eth_call
eth_chainId
eth_chainId
eth_call
eth_chainId
eth_chainId
eth_call
eth_chainId
eth_chainId
eth_call
eth_chainId
eth_chainId
eth_call
eth_chainId
eth_chainId
eth_call
eth_chainId
eth_chainId
eth_call
eth_chainId
eth_chainId
eth_call
eth_chainId
eth_chainId
eth_call
eth_chainId
eth_chainId
eth_call
eth_chainId
eth_chainId
eth_call
eth_chainId
eth_chainId
eth_call
eth_chainId
eth_chainId
eth_call
eth_chainId
eth_chainId
eth_call
eth_chainId
eth_chainId
eth_call
eth_chainId
eth_chainId
eth_call
eth_chainId
eth_chainId
eth_call
eth_chainId
eth_chainId
eth_call
eth_chainId
eth_chainId
eth_call
eth_chainId
eth_chainId
eth_call
eth_chainId
eth_chainId
eth_call
eth_chainId
eth_chainId
eth_call
eth_chainId
eth_chainId
eth_call
eth_chainId
eth_chainId
eth_call
eth_chainId
eth_chainId
eth_call
eth_chainId
eth_chainId
eth_call
eth_chainId
eth_chainId
eth_call
eth_chainId
eth_chainId
eth_call
eth_chainId
eth_chainId
eth_call
eth_chainId
eth_chainId
eth_call
eth_chainId
eth_chainId
eth_call
eth_chainId
eth_chainId
eth_call
eth_chainId
eth_chainId
eth_call
eth_chainId
eth_chainId
eth_call
eth_chainId
eth_chainId
eth_call
eth_chainId
eth_chainId
eth_call
eth_chainId
eth_chainId
eth_call
eth_chainId
eth_chainId
eth_call
eth_chainId
eth_chainId
eth_call
eth_chainId
eth_chainId
eth_call
eth_chainId
eth_chainId
eth_call
eth_chainId
eth_chainId
eth_call
eth_chainId
eth_chainId
eth_call
eth_chainId
eth_chainId
eth_call
eth_chainId
eth_chainId
eth_call
eth_chainId
eth_chainId
eth_call
eth_chainId
eth_chainId
eth_call
eth_chainId
eth_chainId
eth_call
eth_chainId
eth_chainId
eth_call
eth_chainId
eth_chainId
eth_call
eth_chainId
eth_chainId
eth_call
eth_chainId
eth_chainId
eth_call
eth_chainId
eth_chainId
eth_call
eth_chainId
eth_chainId
eth_call
eth_chainId
eth_chainId
eth_call
eth_chainId
eth_chainId
eth_call
eth_chainId
eth_chainId
eth_call
eth_chainId
eth_chainId
eth_call
eth_chainId
eth_chainId
eth_call
eth_chainId
eth_chainId
eth_call
eth_chainId
eth_chainId
eth_call
eth_chainId
eth_chainId
eth_call
eth_chainId
eth_chainId
eth_call
eth_chainId
eth_chainId
eth_call
eth_chainId
eth_chainId
eth_call
eth_chainId
eth_chainId
eth_call
eth_chainId
eth_chainId
eth_call
eth_chainId
eth_chainId
eth_call
eth_chainId
eth_chainId
eth_call
eth_chainId
eth_chainId
eth_call
eth_chainId
eth_chainId
eth_call
eth_chainId
eth_chainId
eth_call
eth_chainId
eth_chainId
eth_call
eth_chainId
eth_chainId
eth_call
eth_chainId
eth_chainId
eth_call
eth_chainId
eth_chainId
eth_call
eth_chainId
eth_chainId
eth_call
eth_chainId
eth_chainId
eth_call
eth_chainId
eth_chainId
eth_call
eth_chainId
eth_chainId
eth_call
eth_chainId
eth_chainId
eth_call
eth_chainId
eth_chainId
eth_call
eth_chainId
eth_chainId
eth_call
eth_chainId
eth_chainId
eth_call
eth_chainId
eth_chainId
eth_call
eth_chainId
eth_chainId
eth_call
eth_chainId
eth_chainId
eth_call
eth_chainId
eth_chainId
eth_call
eth_chainId
eth_chainId
eth_call
eth_chainId
eth_chainId
eth_call
eth_chainId
eth_chainId
eth_call
eth_chainId
eth_chainId
eth_call
eth_chainId
eth_chainId
eth_call
eth_chainId
eth_chainId
eth_call
eth_chainId
eth_chainId
eth_call
eth_chainId
eth_chainId
eth_call
eth_chainId
eth_chainId
eth_call
eth_chainId
eth_chainId
eth_call
eth_chainId
eth_chainId
eth_call
eth_chainId
eth_chainId
eth_call
eth_chainId
eth_chainId
eth_call
eth_chainId
eth_chainId
eth_call
eth_chainId
eth_chainId
eth_call
eth_chainId
eth_chainId
eth_call
eth_chainId
eth_chainId
eth_call
eth_chainId
eth_chainId
eth_call
eth_chainId
eth_chainId
eth_call
eth_chainId
eth_chainId
eth_call
eth_chainId
eth_chainId
eth_call
eth_chainId
eth_chainId
eth_call
eth_chainId
eth_chainId
eth_call
eth_chainId
eth_chainId
eth_call
eth_chainId
eth_chainId
eth_call
eth_chainId
eth_chainId
eth_call
eth_chainId
eth_chainId
eth_call
eth_chainId
eth_chainId
eth_call
eth_chainId
eth_chainId
eth_call
eth_chainId
eth_chainId
eth_call
eth_chainId
eth_chainId
eth_call
eth_chainId
eth_chainId
eth_call
eth_chainId
eth_chainId
eth_call
eth_chainId
eth_chainId
eth_call
eth_chainId
eth_chainId
eth_call
eth_chainId
eth_chainId
eth_call
eth_chainId
eth_chainId
eth_call
eth_chainId
eth_chainId
eth_call
eth_chainId
eth_chainId
eth_call
eth_chainId
eth_chainId
eth_call
eth_chainId
eth_chainId
eth_call
eth_chainId
eth_chainId
eth_call
eth_chainId
eth_chainId
eth_call
eth_chainId
eth_chainId
eth_call
eth_chainId
eth_chainId
eth_call
eth_chainId
eth_chainId
eth_call
eth_chainId
eth_chainId
eth_call
eth_chainId
eth_chainId
eth_call
eth_chainId
eth_chainId
eth_call
eth_chainId
eth_chainId
eth_call
eth_chainId
eth_chainId
eth_call
eth_chainId
eth_chainId
eth_call
eth_chainId
eth_chainId
eth_call
eth_chainId
eth_chainId
eth_call
eth_chainId
eth_chainId
eth_call
eth_chainId
eth_chainId
eth_call
eth_chainId
eth_chainId
eth_call
eth_chainId
eth_chainId
eth_call
eth_chainId
eth_chainId
eth_call
eth_chainId
eth_chainId
eth_call
eth_chainId
eth_chainId
eth_call
eth_chainId
eth_chainId
eth_call
eth_chainId
eth_chainId
eth_call
eth_chainId
eth_chainId
eth_call
eth_chainId
eth_chainId
eth_call
eth_chainId
eth_chainId
eth_call
eth_chainId
eth_chainId
eth_call
eth_chainId
eth_chainId
eth_call
eth_chainId
eth_chainId
eth_call
eth_chainId
eth_chainId
eth_call
eth_chainId
eth_chainId
eth_call
eth_chainId
eth_chainId
eth_call
eth_chainId
eth_chainId
eth_call
eth_chainId
eth_chainId
eth_call
eth_chainId
eth_chainId
eth_call
eth_chainId
eth_chainId
eth_call
eth_chainId
eth_chainId
eth_call
eth_chainId
eth_chainId
eth_call
eth_chainId
eth_chainId
eth_call
eth_chainId
eth_chainId
eth_call
eth_chainId
eth_chainId
eth_call
eth_chainId
eth_chainId
eth_call
eth_chainId
eth_chainId
eth_call
eth_chainId
eth_chainId
eth_call
eth_chainId
eth_chainId
eth_call
eth_chainId
eth_chainId
eth_call
eth_chainId
eth_chainId
eth_call
eth_chainId
eth_chainId
eth_call
eth_chainId
eth_chainId
eth_call
eth_chainId
eth_chainId
eth_call
eth_chainId
eth_chainId
eth_call
eth_chainId
eth_chainId
eth_call
eth_chainId
eth_chainId
eth_call
eth_chainId
eth_chainId
eth_call
eth_chainId
eth_chainId
eth_call
eth_chainId
eth_chainId
eth_call
eth_chainId
eth_chainId
eth_call
eth_chainId
eth_chainId
eth_call
eth_chainId
eth_chainId
eth_call
eth_chainId
eth_chainId
eth_call
eth_chainId
eth_chainId
eth_call
eth_chainId
eth_chainId
eth_call
eth_chainId
eth_chainId
eth_call
eth_chainId
eth_chainId
eth_call
eth_chainId
eth_chainId
eth_call
eth_chainId
eth_chainId
eth_call
eth_chainId
eth_chainId
eth_call
eth_chainId
eth_chainId
eth_call
eth_chainId
eth_chainId
eth_call
eth_chainId
eth_chainId
eth_call
eth_chainId
eth_chainId
eth_call
eth_chainId
eth_chainId
eth_call
eth_chainId
eth_chainId
eth_call
eth_chainId
eth_chainId
eth_call
eth_chainId
eth_chainId
eth_call
eth_chainId
eth_chainId
eth_call
eth_chainId
eth_chainId
eth_call
eth_chainId
eth_chainId
eth_call
eth_chainId
eth_chainId
eth_call
eth_chainId
eth_chainId
eth_call
eth_chainId
eth_chainId
eth_call
eth_chainId
eth_chainId
eth_call
eth_chainId
eth_chainId
eth_call
eth_chainId
eth_chainId
eth_call
eth_chainId
eth_chainId
eth_call
eth_chainId
eth_chainId
eth_call
eth_chainId
eth_chainId
eth_call
eth_chainId
eth_chainId
eth_call
eth_chainId
eth_chainId
eth_call
eth_chainId
eth_chainId
eth_call
eth_chainId
eth_chainId
eth_call
eth_chainId
eth_chainId
eth_call
eth_chainId
eth_chainId
eth_call
eth_chainId
eth_chainId
eth_call
eth_chainId
eth_chainId
eth_call
eth_chainId
eth_chainId
eth_call
eth_chainId
eth_chainId
eth_call
eth_chainId
eth_chainId
eth_call
eth_chainId
eth_chainId
eth_call
eth_chainId
eth_chainId
eth_call
eth_chainId
eth_chainId
eth_call
eth_chainId
eth_chainId
eth_call
eth_chainId
eth_chainId
eth_call
eth_chainId
eth_chainId
eth_call
eth_chainId
eth_chainId
eth_call
eth_chainId
eth_chainId
eth_call
eth_chainId
eth_chainId
eth_call
eth_chainId
eth_chainId
eth_call
eth_chainId
eth_chainId
eth_call
eth_chainId
eth_chainId
eth_call
eth_chainId
eth_chainId
eth_call
eth_chainId
eth_chainId
eth_call
eth_chainId
eth_chainId
eth_call
eth_chainId
eth_chainId
eth_call
eth_chainId
eth_chainId
eth_call
eth_chainId
eth_chainId
eth_call
eth_chainId
eth_chainId
eth_call
eth_chainId
eth_chainId
eth_call
eth_chainId
eth_chainId
eth_call
eth_chainId
eth_chainId
eth_call
eth_chainId
eth_chainId
eth_call
eth_chainId
eth_chainId
eth_call
eth_chainId
eth_chainId
eth_call
eth_chainId
eth_chainId
eth_call
eth_chainId
eth_chainId
eth_call
eth_chainId
eth_chainId
eth_call
eth_chainId
eth_chainId
eth_call
eth_chainId
eth_chainId
eth_call
eth_chainId
eth_chainId
eth_call
eth_chainId
eth_chainId
eth_call
eth_chainId
eth_chainId
eth_call
eth_chainId
eth_chainId
eth_call
eth_chainId
eth_chainId
eth_call
eth_chainId
eth_chainId
eth_call
eth_chainId
eth_chainId
eth_call
eth_chainId
eth_chainId
eth_call
eth_chainId
eth_chainId
eth_call
eth_chainId
eth_chainId
eth_call
eth_chainId
eth_chainId
eth_call
eth_chainId
eth_chainId
eth_call
eth_chainId
eth_chainId
eth_call
eth_chainId
eth_chainId
eth_call
eth_chainId
eth_chainId
eth_call
eth_chainId
eth_chainId
eth_call
eth_chainId
eth_chainId
eth_call
eth_chainId
eth_chainId
eth_call
eth_chainId
eth_chainId
eth_call
eth_chainId
eth_chainId
eth_call
eth_chainId
eth_chainId
eth_call
eth_chainId
eth_chainId
eth_call
eth_chainId
eth_chainId
eth_call
eth_chainId
eth_chainId
eth_call
eth_chainId
eth_chainId
eth_call
eth_chainId
eth_chainId
eth_call
eth_chainId
eth_chainId
eth_call
eth_chainId
eth_chainId
eth_call
eth_chainId
eth_chainId
eth_call
eth_chainId
eth_chainId
eth_call
eth_chainId
eth_chainId
eth_call
eth_chainId
eth_chainId
eth_call
eth_chainId
eth_chainId
eth_call
eth_chainId
eth_chainId
eth_call
eth_chainId
eth_chainId
eth_call
eth_chainId
eth_chainId
eth_call
eth_chainId
eth_chainId
eth_call
eth_chainId
eth_chainId
eth_call
eth_chainId
eth_chainId
eth_call
eth_chainId
eth_chainId
eth_call
eth_chainId
eth_chainId
eth_call
eth_chainId
eth_chainId
eth_call
eth_chainId
eth_chainId
eth_call
eth_chainId
eth_chainId
eth_call
eth_chainId
eth_chainId
eth_call
eth_chainId
eth_chainId
eth_call
eth_chainId
eth_chainId
eth_call
eth_chainId
eth_chainId
eth_call
eth_chainId
eth_chainId
eth_call
eth_chainId
eth_chainId
eth_call
eth_chainId
eth_chainId
eth_call
eth_chainId
eth_chainId
eth_call
eth_chainId
eth_chainId
eth_call
eth_chainId
eth_chainId
eth_call
eth_chainId
eth_chainId
eth_call
eth_chainId
eth_chainId
eth_call
eth_chainId
eth_chainId
eth_call
eth_chainId
eth_chainId
eth_call
eth_chainId
eth_chainId
eth_call
eth_chainId
eth_chainId
eth_call
eth_chainId
eth_chainId
eth_call
eth_chainId
eth_chainId
eth_call
eth_chainId
eth_chainId
eth_call
eth_chainId
eth_chainId
eth_call
eth_chainId
eth_chainId
eth_call
eth_chainId
eth_chainId
eth_call
eth_chainId
eth_chainId
eth_call
eth_chainId
eth_chainId
eth_call
eth_chainId
eth_chainId
eth_call
eth_chainId
eth_chainId
eth_call
eth_chainId
eth_chainId
eth_call
eth_chainId
eth_chainId
eth_call
eth_chainId
eth_chainId
eth_call
eth_chainId
eth_chainId
eth_call
eth_chainId
eth_chainId
eth_call
eth_chainId
eth_chainId
eth_call
eth_chainId
eth_chainId
eth_call
eth_chainId
eth_chainId
eth_call
eth_chainId
eth_chainId
eth_call
eth_chainId
eth_chainId
eth_call
eth_chainId
eth_chainId
eth_call
eth_chainId
eth_chainId
eth_call
eth_chainId
eth_chainId
eth_call
eth_chainId
eth_chainId
eth_call
eth_chainId
eth_chainId
eth_call
eth_chainId
eth_chainId
eth_call
eth_chainId
eth_chainId
eth_call
eth_chainId
eth_chainId
eth_call
eth_chainId
eth_chainId
eth_call
eth_chainId
eth_chainId
eth_call
eth_chainId
eth_chainId
eth_call
eth_chainId
eth_chainId
eth_call
eth_chainId
eth_chainId
eth_call
eth_chainId
eth_chainId
eth_call
eth_chainId
eth_chainId
eth_call
eth_chainId
eth_chainId
eth_call
eth_chainId
eth_chainId
eth_call
eth_chainId
eth_chainId
eth_call
eth_chainId
eth_chainId
eth_call
eth_chainId
eth_chainId
eth_call
eth_chainId
eth_chainId
eth_call
eth_chainId
eth_chainId
eth_call
eth_chainId
eth_chainId
eth_call
eth_chainId
eth_chainId
eth_call
eth_chainId
eth_chainId
eth_call
eth_chainId
eth_chainId
eth_call
eth_chainId
eth_chainId
eth_call
eth_chainId
eth_chainId
eth_call
eth_chainId
eth_chainId
eth_call
eth_chainId
eth_chainId
eth_call
eth_chainId
eth_chainId
eth_call
eth_chainId
eth_chainId
eth_call
eth_chainId
eth_chainId
eth_call
eth_chainId
eth_chainId
eth_call
eth_chainId
eth_chainId
eth_call
eth_chainId
eth_chainId
eth_call
eth_chainId
eth_chainId
eth_call
eth_chainId
eth_chainId
eth_call
eth_chainId
eth_chainId
eth_call
eth_chainId
eth_chainId
eth_call
eth_chainId
eth_chainId
eth_call
eth_chainId
eth_chainId
eth_call
eth_chainId
eth_chainId
eth_call
eth_chainId
eth_chainId
eth_call
eth_chainId
eth_chainId
eth_call
eth_chainId
eth_chainId
eth_call
eth_chainId
eth_chainId
eth_call
eth_chainId
eth_chainId
eth_call
eth_chainId
eth_chainId
eth_call
eth_chainId
eth_chainId
eth_call
eth_chainId
eth_chainId
eth_call
eth_chainId
eth_chainId
eth_call
eth_chainId
eth_chainId
eth_call
eth_chainId
eth_chainId
eth_call
eth_chainId
eth_chainId
eth_call
eth_chainId
eth_chainId
eth_call
eth_chainId
eth_chainId
eth_call
eth_chainId
eth_chainId
eth_call
eth_chainId
eth_chainId
eth_call
eth_chainId
eth_chainId
eth_call
eth_chainId
eth_chainId
eth_call
eth_chainId
eth_chainId
eth_call
eth_chainId
eth_chainId
eth_call
eth_chainId
eth_chainId
eth_call
eth_chainId
eth_chainId
eth_call
eth_chainId
eth_chainId
eth_call
eth_chainId
eth_chainId
eth_call
eth_chainId
eth_chainId
eth_call
eth_chainId
eth_chainId
eth_call
eth_chainId
eth_chainId
eth_call
eth_chainId
eth_chainId
eth_call
eth_chainId
eth_chainId
eth_call
eth_chainId
eth_chainId
eth_call
eth_chainId
eth_chainId
eth_call
eth_chainId
eth_chainId
eth_call
eth_chainId
eth_chainId
eth_call
eth_chainId
eth_chainId
eth_call
eth_chainId
eth_chainId
eth_call
eth_chainId
eth_chainId
eth_call
eth_chainId
eth_chainId
eth_call
eth_chainId
eth_chainId
eth_call
eth_chainId
eth_chainId
eth_call
eth_chainId
eth_chainId
eth_call
eth_chainId
eth_chainId
eth_call
eth_chainId
eth_chainId
eth_call
eth_chainId
eth_chainId
eth_call
eth_chainId
eth_chainId
eth_call
eth_chainId
eth_chainId
eth_call
eth_chainId
eth_chainId
eth_call
eth_chainId
eth_chainId
eth_call
eth_chainId
eth_chainId
eth_call
eth_chainId
eth_chainId
eth_call
eth_chainId
eth_chainId
eth_call
eth_chainId
eth_chainId
eth_call
eth_chainId
eth_chainId
eth_call
eth_chainId
eth_chainId
eth_call
eth_chainId
eth_chainId
eth_call
eth_chainId
eth_chainId
eth_call
eth_chainId
eth_chainId
eth_call
eth_chainId
eth_chainId
eth_call
eth_chainId
eth_chainId
eth_call
eth_chainId
eth_chainId
eth_call
eth_chainId
eth_chainId
eth_call
eth_chainId
eth_chainId
eth_call
eth_chainId
eth_chainId
eth_call
eth_chainId
eth_chainId
eth_call
eth_chainId
eth_chainId
eth_call
eth_chainId
eth_chainId
eth_call
eth_chainId
eth_chainId
eth_call
eth_chainId
eth_chainId
eth_call
eth_chainId
eth_chainId
eth_call
eth_chainId
eth_chainId
eth_call
eth_chainId
eth_chainId
eth_call
eth_chainId
eth_chainId
eth_call
eth_chainId
eth_chainId
eth_call
eth_chainId
eth_chainId
eth_call
eth_chainId
eth_chainId
eth_call
eth_chainId
eth_chainId
eth_call
eth_chainId
eth_chainId
eth_call
eth_chainId
eth_chainId
eth_call
eth_chainId
eth_chainId
eth_call
eth_chainId
eth_chainId
eth_call
eth_chainId
eth_chainId
eth_call
eth_chainId
eth_chainId
eth_call
eth_chainId
eth_chainId
eth_call
eth_chainId
eth_chainId
eth_call
eth_chainId
eth_chainId
eth_call
eth_chainId
eth_chainId
eth_call
eth_chainId
eth_chainId
eth_call
eth_chainId
eth_chainId
eth_call
eth_chainId
eth_chainId
eth_call
eth_chainId
eth_chainId
eth_call
eth_chainId
eth_chainId
eth_call
eth_chainId
eth_chainId
eth_call
eth_chainId
eth_chainId
eth_call
eth_chainId
eth_chainId
eth_call
eth_chainId
eth_chainId
eth_call
eth_chainId
eth_chainId
eth_call
eth_chainId
eth_chainId
eth_call
eth_chainId
eth_chainId
eth_call
eth_chainId
eth_chainId
eth_call
eth_chainId
eth_chainId
eth_call
eth_chainId
eth_chainId
eth_call
eth_chainId
eth_chainId
eth_call
eth_chainId
eth_chainId
eth_call
eth_chainId
eth_chainId
eth_call
eth_chainId
eth_chainId
eth_call
eth_chainId
eth_chainId
eth_call
eth_chainId
eth_chainId
eth_call
eth_chainId
eth_chainId
eth_call
eth_chainId
eth_chainId
eth_call
eth_chainId
eth_chainId
eth_call
eth_chainId
eth_chainId
eth_call
eth_chainId
eth_chainId
eth_call
eth_chainId
eth_chainId
eth_call
eth_chainId
eth_chainId
eth_call
eth_chainId
eth_chainId
eth_call
eth_chainId
eth_chainId
eth_call
eth_chainId
eth_chainId
eth_call
eth_chainId
eth_chainId
eth_call
eth_chainId
eth_chainId
eth_call
eth_chainId
eth_chainId
eth_call
eth_chainId
eth_chainId
eth_call
eth_chainId
eth_chainId
eth_call
eth_chainId
eth_chainId
eth_call
eth_chainId
eth_chainId
eth_call
eth_chainId
eth_chainId
eth_call
eth_chainId
eth_chainId
eth_call
eth_chainId
eth_chainId
eth_call
eth_chainId
eth_chainId
eth_call
eth_chainId
eth_chainId
eth_call
eth_chainId
eth_chainId
eth_call
eth_chainId
eth_chainId
eth_call
eth_chainId
eth_chainId
eth_call
eth_chainId
eth_chainId
eth_call
eth_chainId
eth_chainId
eth_call
eth_chainId
eth_chainId
eth_call
eth_chainId
eth_chainId
eth_call
eth_chainId
eth_chainId
eth_call
eth_chainId
eth_chainId
eth_call
eth_chainId
eth_chainId
eth_call
eth_chainId
eth_chainId
eth_call
eth_chainId
eth_chainId
eth_call
eth_chainId
eth_chainId
eth_call
eth_chainId
eth_chainId
eth_call
eth_chainId
eth_chainId
eth_call
eth_chainId
eth_chainId
eth_call
eth_chainId
eth_chainId
eth_call
eth_chainId
eth_chainId
eth_call
eth_chainId
eth_chainId
eth_call
eth_chainId
eth_chainId
eth_call
eth_chainId
eth_chainId
eth_call
eth_chainId
eth_chainId
eth_call
eth_chainId
eth_chainId
eth_call
eth_chainId
eth_chainId
eth_call
eth_chainId
eth_chainId
eth_call
eth_chainId
eth_chainId
eth_call
eth_chainId
eth_chainId
eth_call
eth_chainId
eth_chainId
eth_call
eth_chainId
eth_chainId
eth_call
eth_chainId
eth_chainId
eth_call
eth_chainId
eth_chainId
eth_call
eth_chainId
eth_chainId
eth_call
eth_chainId
eth_chainId
eth_call
eth_chainId
eth_chainId
eth_call
eth_chainId
eth_chainId
eth_call
eth_chainId
eth_chainId
eth_call
eth_chainId
eth_chainId
eth_call
eth_chainId
eth_chainId
eth_call
eth_chainId
eth_chainId
eth_call
eth_chainId
eth_chainId
eth_call
eth_chainId
eth_chainId
eth_call
eth_chainId
eth_chainId
eth_call
eth_chainId
eth_chainId
eth_call
eth_chainId
eth_chainId
eth_call
eth_chainId
eth_chainId
eth_call
eth_chainId
eth_chainId
eth_call
eth_chainId
eth_chainId
eth_call
eth_chainId
eth_chainId
eth_call
eth_chainId
eth_chainId
eth_call
eth_chainId
eth_chainId
eth_call
eth_chainId
eth_chainId
eth_call
eth_chainId
eth_chainId
eth_call
eth_chainId
eth_chainId
eth_call
eth_chainId
eth_chainId
eth_call
eth_chainId
eth_chainId
eth_call
eth_chainId
eth_chainId
eth_call
eth_chainId
eth_chainId
eth_call
eth_chainId
eth_chainId
eth_call
eth_chainId
eth_chainId
eth_call
eth_chainId
eth_chainId
eth_call
eth_chainId
eth_chainId
eth_call
eth_chainId
eth_chainId
eth_call
eth_chainId
eth_chainId
eth_call
eth_chainId
eth_chainId
eth_call
eth_chainId
eth_chainId
eth_call
eth_chainId
eth_chainId
eth_call
eth_chainId
eth_chainId
eth_call
eth_chainId
eth_chainId
eth_call
eth_chainId
eth_chainId
eth_call
eth_chainId
eth_chainId
eth_call
eth_chainId
eth_chainId
eth_call
eth_chainId
eth_chainId
eth_call
eth_chainId
eth_chainId
eth_call
eth_chainId
eth_chainId
eth_call
eth_chainId
eth_chainId
eth_call
eth_chainId
eth_chainId
eth_call
eth_chainId
eth_chainId
eth_call
eth_chainId
eth_chainId
eth_call
eth_chainId
eth_chainId
eth_call
eth_chainId
eth_chainId
eth_call
eth_chainId
eth_chainId
eth_call
eth_chainId
eth_chainId
eth_call
eth_chainId
eth_chainId
eth_call
eth_chainId
eth_chainId
eth_call
eth_chainId
eth_chainId
eth_call
eth_chainId
eth_chainId
eth_call
eth_chainId
eth_chainId
eth_call
eth_chainId
eth_chainId
eth_call
eth_chainId
eth_chainId
eth_call
eth_chainId
eth_chainId
eth_call
eth_chainId
eth_chainId
eth_call
eth_chainId
eth_chainId
eth_call
eth_chainId
eth_chainId
eth_call
eth_chainId
eth_chainId
eth_call
eth_chainId
eth_chainId
eth_call
eth_chainId
eth_chainId
eth_call
eth_chainId
eth_chainId
eth_call
eth_chainId
eth_chainId
eth_call
eth_chainId
eth_chainId
eth_call
eth_chainId
eth_chainId
eth_call
eth_chainId
eth_chainId
eth_call
eth_chainId
eth_chainId
eth_call
eth_chainId
eth_chainId
eth_call
eth_chainId
eth_chainId
eth_call
eth_chainId
eth_chainId
eth_call
eth_chainId
eth_chainId
eth_call
eth_chainId
eth_chainId
eth_call
eth_chainId
eth_chainId
eth_call
eth_chainId
eth_chainId
eth_call
eth_chainId
eth_chainId
eth_call
eth_chainId
eth_chainId
eth_call
eth_chainId
eth_chainId
eth_call
eth_chainId
eth_chainId
eth_call
eth_chainId
eth_chainId
eth_call
eth_chainId
eth_chainId
eth_call
eth_chainId
eth_chainId
eth_call
eth_chainId
eth_chainId
eth_call
eth_chainId
eth_chainId
eth_call
eth_chainId
eth_chainId
eth_call
eth_chainId
eth_chainId
eth_call
eth_chainId
eth_chainId
eth_call
eth_chainId
eth_chainId
eth_call
eth_chainId
eth_chainId
eth_call
eth_chainId
eth_chainId
eth_call
eth_chainId
eth_chainId
eth_call
eth_chainId
eth_chainId
eth_call
eth_chainId
eth_chainId
eth_call
eth_chainId
eth_chainId
eth_call
eth_chainId
eth_chainId
eth_call
eth_chainId
eth_chainId
eth_call
eth_chainId
eth_chainId
eth_call
eth_chainId
eth_chainId
eth_call
eth_chainId
eth_chainId
eth_call
eth_chainId
eth_chainId
eth_call
eth_chainId
eth_chainId
eth_call
eth_chainId
eth_chainId
eth_call
eth_chainId
eth_chainId
eth_call
eth_chainId
eth_chainId
eth_call
eth_chainId
eth_chainId
eth_call
eth_chainId
eth_chainId
eth_call
eth_chainId
eth_chainId
eth_call
eth_chainId
eth_chainId
eth_call
eth_chainId
eth_chainId
eth_call
eth_chainId
eth_chainId
eth_call
eth_chainId
eth_chainId
eth_call
eth_chainId
eth_chainId
eth_call
eth_chainId
eth_chainId
eth_call
eth_chainId
eth_chainId
eth_call
eth_chainId
eth_chainId
eth_call
eth_chainId
eth_chainId
eth_call
eth_chainId
eth_chainId
eth_call
eth_chainId
eth_chainId
eth_call
eth_chainId
eth_chainId
eth_call
eth_chainId
eth_chainId
eth_call
eth_chainId
eth_chainId
eth_call
eth_chainId
eth_chainId
eth_call
eth_chainId
eth_chainId
eth_call
eth_chainId
eth_chainId
eth_call
eth_chainId
eth_chainId
eth_call
eth_chainId
eth_chainId
eth_call
eth_chainId
eth_chainId
eth_call
eth_chainId
eth_chainId
eth_call
eth_chainId
eth_chainId
eth_call
eth_chainId
eth_chainId
eth_call
eth_chainId
eth_chainId
eth_call
eth_chainId
eth_chainId
eth_call
eth_chainId
eth_chainId
eth_call
eth_chainId
eth_chainId
eth_call
eth_chainId
eth_chainId
eth_call
eth_chainId
eth_chainId
eth_call
eth_chainId
eth_chainId
eth_call
eth_chainId
eth_chainId
eth_call
eth_chainId
eth_chainId
eth_call
eth_chainId
eth_chainId
eth_call
eth_chainId
eth_chainId
eth_call
eth_chainId
eth_chainId
eth_call
eth_chainId
eth_chainId
eth_call
eth_chainId
eth_chainId
eth_call
eth_chainId
eth_chainId
eth_call
eth_chainId
eth_chainId
eth_call
eth_chainId
eth_chainId
eth_call
eth_chainId
eth_chainId
eth_call
eth_chainId
eth_chainId
eth_call
eth_chainId
eth_chainId
eth_call
eth_chainId
eth_chainId
eth_call
eth_chainId
eth_chainId
eth_call
eth_chainId
eth_chainId
eth_call
eth_chainId
eth_chainId
eth_call
eth_chainId
eth_chainId
eth_call
eth_chainId
eth_chainId
eth_call
eth_chainId
eth_chainId
eth_call
eth_chainId
eth_chainId
eth_call
eth_chainId
eth_chainId
eth_call
eth_chainId
eth_chainId
eth_call
eth_chainId
eth_chainId
eth_call
eth_chainId
eth_chainId
eth_call
eth_chainId
eth_chainId
eth_call
eth_chainId
eth_chainId
eth_call
eth_chainId
eth_chainId
eth_call
eth_chainId
eth_chainId
eth_call
eth_chainId
eth_chainId
eth_call
eth_chainId
eth_chainId
eth_call
eth_chainId
eth_chainId
eth_call
eth_chainId
eth_chainId
eth_call
eth_chainId
eth_chainId
eth_call
eth_chainId
eth_chainId
eth_call
eth_chainId
eth_chainId
eth_call
eth_chainId
eth_chainId
eth_call
eth_chainId
eth_chainId
eth_call
eth_chainId
eth_chainId
eth_call
eth_chainId
eth_chainId
eth_call
eth_chainId
eth_chainId
eth_call
eth_chainId
eth_chainId
eth_call
eth_chainId
eth_chainId
eth_call
eth_chainId
eth_chainId
eth_call
eth_chainId
eth_chainId
eth_call
eth_chainId
eth_chainId
eth_call
eth_chainId
eth_chainId
eth_call
eth_chainId
eth_chainId
eth_call
eth_chainId
eth_chainId
eth_call
eth_chainId
eth_chainId
eth_call
eth_chainId
eth_chainId
eth_call
eth_chainId
eth_chainId
eth_call
eth_chainId
eth_chainId
eth_call
eth_chainId
eth_chainId
eth_call
eth_chainId
eth_chainId
eth_call
eth_chainId
eth_chainId
eth_call
eth_chainId
eth_chainId
eth_call
eth_chainId
eth_chainId
eth_call
eth_chainId
eth_chainId
eth_call
eth_chainId
eth_chainId
eth_call
eth_chainId
eth_chainId
eth_call
eth_chainId
eth_chainId
eth_call
eth_chainId
eth_chainId
eth_call
eth_chainId
eth_chainId
eth_call
eth_chainId
eth_chainId
eth_call
eth_chainId
eth_chainId
eth_call
eth_chainId
eth_chainId
eth_call
eth_chainId
eth_chainId
eth_call
eth_chainId
eth_chainId
eth_call
eth_chainId
eth_chainId
eth_call
eth_chainId
eth_chainId
eth_call
eth_chainId
eth_chainId
eth_call
eth_chainId
eth_chainId
eth_call
eth_chainId
eth_chainId
eth_call
eth_chainId
eth_chainId
eth_call
eth_chainId
eth_chainId
eth_call
eth_chainId
eth_chainId
eth_call
eth_chainId
eth_chainId
eth_call
eth_chainId
eth_chainId
eth_call
eth_chainId
eth_chainId
eth_call
eth_chainId
eth_chainId
eth_call
eth_chainId
eth_chainId
eth_call
eth_chainId
eth_chainId
eth_call
eth_chainId
eth_chainId
eth_call
eth_chainId
eth_chainId
eth_call
eth_chainId
eth_chainId
eth_call
eth_chainId
eth_chainId
eth_call
eth_chainId
eth_chainId
eth_call
eth_chainId
eth_chainId
eth_call
eth_chainId
eth_chainId
eth_call
eth_chainId
eth_chainId
eth_call
eth_chainId
eth_chainId
eth_call
eth_chainId
eth_chainId
eth_call
eth_chainId
eth_chainId
eth_call
eth_chainId
eth_chainId
eth_call
eth_chainId
eth_chainId
eth_call
eth_chainId
eth_chainId
eth_call
eth_chainId
eth_chainId
eth_call
eth_chainId
eth_chainId
eth_call
eth_chainId
eth_chainId
eth_call
eth_chainId
eth_chainId
eth_call
eth_chainId
eth_chainId
eth_call
eth_chainId
eth_chainId
eth_call
eth_chainId
eth_chainId
eth_call
eth_chainId
eth_chainId
eth_call
eth_chainId
eth_chainId
eth_call
eth_chainId
eth_chainId
eth_call
eth_chainId
eth_chainId
eth_call
eth_chainId
eth_chainId
eth_call
eth_chainId
eth_chainId
eth_call
eth_chainId
eth_chainId
eth_call
eth_chainId
eth_chainId
eth_call
eth_chainId
eth_chainId
eth_call
eth_chainId
eth_chainId
eth_call
eth_chainId
eth_chainId
eth_call
eth_chainId
eth_chainId
eth_call
eth_chainId
eth_chainId
eth_call
eth_chainId
eth_chainId
eth_call
eth_chainId
eth_chainId
eth_call
eth_chainId
eth_chainId
eth_call
eth_chainId
eth_chainId
eth_call
eth_chainId
eth_chainId
eth_call
eth_chainId
eth_chainId
eth_call
eth_chainId
eth_chainId
eth_call
eth_chainId
eth_chainId
eth_call
eth_chainId
eth_chainId
eth_call
eth_chainId
eth_chainId
eth_call
eth_chainId
eth_chainId
eth_call
eth_chainId
eth_chainId
eth_call
eth_chainId
eth_chainId
eth_call
eth_chainId
eth_chainId
eth_call
eth_chainId
eth_chainId
eth_call
eth_chainId
eth_chainId
eth_call
eth_chainId
eth_chainId
eth_call
eth_chainId
eth_chainId
eth_call
eth_chainId
eth_chainId
eth_call
eth_chainId
eth_chainId
eth_call
eth_chainId
eth_chainId
eth_call
eth_chainId
eth_chainId
eth_call
eth_chainId
eth_chainId
eth_call
eth_chainId
eth_chainId
eth_call
eth_chainId
eth_chainId
eth_call
eth_chainId
eth_chainId
eth_call
eth_chainId
eth_chainId
eth_call
eth_chainId
eth_chainId
eth_call
eth_chainId
eth_chainId
eth_call
eth_chainId
eth_chainId
eth_call
eth_chainId
eth_chainId
eth_call
eth_chainId
eth_chainId
eth_call
eth_chainId
eth_chainId
eth_call
eth_chainId
eth_chainId
eth_call
eth_chainId
eth_chainId
eth_call
eth_chainId
eth_chainId
eth_call
eth_chainId
eth_chainId
eth_call
eth_chainId
eth_chainId
eth_call
eth_chainId
eth_chainId
eth_call
eth_chainId
eth_chainId
eth_call
eth_chainId
eth_chainId
eth_call
eth_chainId
eth_chainId
eth_call
eth_chainId
eth_chainId
eth_call
eth_chainId
eth_chainId
eth_call
eth_chainId
eth_chainId
eth_call
eth_chainId
eth_chainId
eth_call
eth_chainId
eth_chainId
eth_call
eth_chainId
eth_chainId
eth_call
eth_chainId
eth_chainId
eth_call
eth_chainId
eth_chainId
eth_call
eth_chainId
eth_chainId
eth_call
eth_chainId
eth_chainId
eth_call
eth_chainId
eth_chainId
eth_call
eth_chainId
eth_chainId
eth_call
eth_chainId
eth_chainId
eth_call
eth_chainId
eth_chainId
eth_call
eth_chainId
eth_chainId
eth_call
eth_chainId
eth_chainId
eth_call
eth_chainId
eth_chainId
eth_call
eth_chainId
eth_chainId
eth_call
eth_chainId
eth_chainId
eth_call
eth_chainId
eth_chainId
eth_call
eth_chainId
eth_chainId
eth_call
eth_chainId
eth_chainId
eth_call
eth_chainId
eth_chainId
eth_call
eth_chainId
eth_chainId
eth_call
eth_chainId
eth_chainId
eth_call
eth_chainId
eth_chainId
eth_call
eth_chainId
eth_chainId
eth_call
eth_chainId
eth_chainId
eth_call
eth_chainId
eth_chainId
eth_call
eth_chainId
eth_chainId
eth_call
eth_chainId
eth_chainId
eth_call
eth_chainId
eth_chainId
eth_call
eth_chainId
eth_chainId
eth_call
eth_chainId
eth_chainId
eth_call
eth_chainId
eth_chainId
eth_call
eth_chainId
eth_chainId
eth_call
eth_chainId
eth_chainId
eth_call
eth_chainId
eth_chainId
eth_call
eth_chainId
eth_chainId
eth_call
eth_chainId
eth_chainId
eth_call
eth_chainId
eth_chainId
eth_call
eth_chainId
eth_chainId
eth_call
eth_chainId
eth_chainId
eth_call
eth_chainId
eth_chainId
eth_call
eth_chainId
eth_chainId
eth_call
eth_chainId
eth_chainId
eth_call
eth_chainId
eth_chainId
eth_call
eth_chainId
eth_chainId
eth_call
eth_chainId
eth_chainId
eth_call
eth_chainId
eth_chainId
eth_call
eth_chainId
eth_chainId
eth_call
eth_chainId
eth_chainId
eth_call
eth_chainId
eth_chainId
eth_call
eth_chainId
eth_chainId
eth_call
eth_chainId
eth_chainId
eth_call
eth_chainId
eth_chainId
eth_call
eth_chainId
eth_chainId
eth_call
eth_chainId
eth_chainId
eth_call
eth_chainId
eth_chainId
eth_call
eth_chainId
eth_chainId
eth_call
eth_chainId
eth_chainId
eth_call
eth_chainId
eth_chainId
eth_call
eth_chainId
eth_chainId
eth_call
eth_chainId
eth_chainId
eth_call
eth_chainId
eth_chainId
eth_call
eth_chainId
eth_chainId
eth_call
eth_chainId
eth_chainId
eth_call
eth_chainId
eth_chainId
eth_call
eth_chainId
eth_chainId
eth_call
eth_chainId
eth_chainId
eth_call
eth_chainId
eth_chainId
eth_call
eth_chainId
eth_chainId
eth_call
eth_chainId
eth_chainId
eth_call
eth_chainId
eth_chainId
eth_call
eth_chainId
eth_chainId
eth_call
eth_chainId
eth_chainId
eth_call
eth_chainId
eth_chainId
eth_call
eth_chainId
eth_chainId
eth_call
eth_chainId
eth_chainId
eth_call
eth_chainId
eth_chainId
eth_call
eth_chainId
eth_chainId
eth_call
eth_chainId
eth_chainId
eth_call
eth_chainId
eth_chainId
eth_call
eth_chainId
eth_chainId
eth_call
eth_chainId
eth_chainId
eth_call
eth_chainId
eth_chainId
eth_call
eth_chainId
eth_chainId
eth_call
eth_chainId
eth_chainId
eth_call
eth_chainId
eth_chainId
eth_call
eth_chainId
eth_chainId
eth_call
eth_chainId
eth_chainId
eth_call
eth_chainId
eth_chainId
eth_call
eth_chainId
eth_chainId
eth_call
eth_chainId
eth_chainId
eth_call
eth_chainId
eth_chainId
eth_call
eth_chainId
eth_chainId
eth_call
eth_chainId
eth_chainId
eth_call
eth_chainId
eth_chainId
eth_call
eth_chainId
eth_chainId
eth_call
eth_chainId
eth_chainId
eth_call
eth_chainId
eth_chainId
eth_call
eth_chainId
eth_chainId
eth_call
eth_chainId
eth_chainId
eth_call
eth_chainId
eth_chainId
eth_call
eth_chainId
eth_chainId
eth_call
eth_chainId
eth_chainId
eth_call
eth_chainId
eth_chainId
eth_call
eth_chainId
eth_chainId
eth_call
eth_chainId
eth_chainId
eth_call
eth_chainId
eth_chainId
eth_call
eth_chainId
eth_chainId
eth_call
eth_chainId
eth_chainId
eth_call
eth_chainId
eth_chainId
eth_call
eth_chainId
eth_chainId
eth_call
eth_chainId
eth_chainId
eth_call
eth_chainId
eth_chainId
eth_call
eth_chainId
eth_chainId
eth_call
eth_chainId
eth_chainId
eth_call
eth_chainId
eth_chainId
eth_call
eth_chainId
eth_chainId
eth_call
eth_chainId
eth_chainId
eth_call
eth_chainId
eth_chainId
eth_call
eth_chainId
eth_chainId
eth_call
eth_chainId
eth_chainId
eth_call
eth_chainId
eth_chainId
eth_call
eth_chainId
eth_chainId
eth_call
eth_chainId
eth_chainId
eth_call
eth_chainId
eth_chainId
eth_call
eth_chainId
eth_chainId
eth_call
eth_chainId
eth_chainId
eth_call
eth_chainId
eth_chainId
eth_call
eth_chainId
eth_chainId
eth_call
eth_chainId
eth_chainId
eth_call
eth_chainId
eth_chainId
eth_call
eth_chainId
eth_chainId
eth_call
eth_chainId
eth_chainId
eth_call
eth_chainId
eth_chainId
eth_call
eth_chainId
eth_chainId
eth_call
eth_chainId
eth_chainId
eth_call
eth_chainId
eth_chainId
eth_call
eth_chainId
eth_chainId
eth_call
eth_chainId
eth_chainId
eth_call
eth_chainId
eth_chainId
eth_call
eth_chainId
eth_chainId
eth_call
eth_chainId
eth_chainId
eth_call
eth_chainId
eth_chainId
eth_call
eth_chainId
eth_chainId
eth_call
eth_chainId
eth_chainId
eth_call
eth_chainId
eth_chainId
eth_call
eth_chainId
eth_chainId
eth_call
eth_chainId
eth_chainId
eth_call
eth_chainId
eth_chainId
eth_call
eth_chainId
eth_chainId
eth_call
eth_chainId
eth_chainId
eth_call
eth_chainId
eth_chainId
eth_call
eth_chainId
eth_chainId
eth_call
eth_chainId
eth_chainId
eth_call
eth_chainId
eth_chainId
eth_call
eth_chainId
eth_chainId
eth_call
eth_chainId
eth_chainId
eth_call
eth_chainId
eth_chainId
eth_call
eth_chainId
eth_chainId
eth_call
eth_chainId
eth_chainId
eth_call
eth_chainId
eth_chainId
eth_call
eth_chainId
eth_chainId
eth_call
eth_chainId
eth_chainId
eth_call
eth_chainId
eth_chainId
eth_call
eth_chainId
eth_chainId
eth_call
eth_chainId
eth_chainId
eth_call
eth_chainId
eth_chainId
eth_call
eth_chainId
eth_chainId
eth_call
eth_chainId
eth_chainId
eth_call
eth_chainId
eth_chainId
eth_call
eth_chainId
eth_chainId
eth_call
eth_chainId
eth_chainId
eth_call
eth_chainId
eth_chainId
eth_call
eth_chainId
eth_chainId
eth_call
eth_chainId
eth_chainId
eth_call
eth_chainId
eth_chainId
eth_call
eth_chainId
eth_chainId
eth_call
eth_chainId
eth_chainId
eth_call
eth_chainId
eth_chainId
eth_call
eth_chainId
eth_chainId
eth_call
eth_chainId
eth_chainId
eth_call
eth_chainId
eth_chainId
eth_call
eth_chainId
eth_chainId
eth_call
eth_chainId
eth_chainId
eth_call
eth_chainId
eth_chainId
eth_call
eth_chainId
eth_chainId
eth_call
eth_chainId
eth_chainId
eth_call
eth_chainId
eth_chainId
eth_call
eth_chainId
eth_chainId
eth_call
eth_chainId
eth_chainId
eth_call
eth_chainId
eth_chainId
eth_call
eth_chainId
eth_chainId
eth_call
eth_chainId
eth_chainId
eth_call
eth_chainId
eth_chainId
eth_call
eth_chainId
eth_chainId
eth_call
eth_chainId
eth_chainId
eth_call
eth_chainId
eth_chainId
eth_call
eth_chainId
eth_chainId
eth_call
eth_chainId
eth_chainId
eth_call
eth_chainId
eth_chainId
eth_call
eth_chainId
eth_chainId
eth_call
eth_chainId
eth_chainId
eth_call
eth_chainId
eth_chainId
eth_call
eth_chainId
eth_chainId
eth_call
eth_chainId
eth_chainId
eth_call
eth_chainId
eth_chainId
eth_call
eth_chainId
eth_chainId
eth_call
eth_chainId
eth_chainId
eth_call
eth_chainId
eth_chainId
eth_call
eth_chainId
eth_chainId
eth_call
eth_chainId
eth_chainId
eth_call
eth_chainId
eth_chainId
eth_call
eth_chainId
eth_chainId
eth_call
eth_chainId
eth_chainId
eth_call
eth_chainId
eth_chainId
eth_call
eth_chainId
eth_chainId
eth_call
eth_chainId
eth_chainId
eth_call
eth_chainId
eth_chainId
eth_call
eth_chainId
eth_chainId
eth_call
eth_chainId
eth_chainId
eth_call
eth_chainId
eth_chainId
eth_call
eth_chainId
eth_chainId
eth_call
eth_chainId
eth_chainId
eth_call
eth_chainId
eth_chainId
eth_call
eth_chainId
eth_chainId
eth_call
eth_chainId
eth_chainId
eth_call
eth_chainId
eth_chainId
eth_call
eth_chainId
eth_chainId
eth_call
eth_chainId
eth_chainId
eth_call
eth_chainId
eth_chainId
eth_call
eth_chainId
eth_chainId
eth_call
eth_chainId
eth_chainId
eth_call
eth_chainId
eth_chainId
eth_call
eth_chainId
eth_chainId
eth_call
eth_chainId
eth_chainId
eth_call
eth_chainId
eth_chainId
eth_call
eth_chainId
eth_chainId
eth_call
eth_chainId
eth_chainId
eth_call
eth_chainId
eth_chainId
eth_call
eth_chainId
eth_chainId
eth_call
eth_chainId
eth_chainId
eth_call
eth_chainId
eth_chainId
eth_call
eth_chainId
eth_chainId
eth_call
eth_chainId
eth_chainId
eth_call
eth_chainId
eth_chainId
eth_call
eth_chainId
eth_chainId
eth_call
eth_chainId
eth_chainId
eth_call
eth_chainId
eth_chainId
eth_call
eth_chainId
eth_chainId
eth_call
eth_chainId
eth_chainId
eth_call
eth_chainId
eth_chainId
eth_call
eth_chainId
eth_chainId
eth_call
eth_chainId
eth_chainId
eth_call
eth_chainId
eth_chainId
eth_call
eth_chainId
eth_chainId
eth_call
eth_chainId
eth_chainId
eth_call
eth_chainId
eth_chainId
eth_call
eth_chainId
eth_chainId
eth_call
eth_chainId
eth_chainId
eth_call
eth_chainId
eth_chainId
eth_call
eth_chainId
eth_chainId
eth_call
eth_chainId
eth_chainId
eth_call
eth_chainId
eth_chainId
eth_call
eth_chainId
eth_chainId
eth_call
eth_chainId
eth_chainId
eth_call
eth_chainId
eth_chainId
eth_call
eth_chainId
eth_chainId
eth_call
eth_chainId
eth_chainId
eth_call
eth_chainId
eth_chainId
eth_call
eth_chainId
eth_chainId
eth_call
eth_chainId
eth_chainId
eth_call
eth_chainId
eth_chainId
eth_call
eth_chainId
eth_chainId
eth_call
eth_chainId
eth_chainId
eth_call
eth_chainId
eth_chainId
eth_call
eth_chainId
eth_chainId
eth_call
eth_chainId
eth_chainId
eth_call
eth_chainId
eth_chainId
eth_call
eth_chainId
eth_chainId
eth_call
eth_chainId
eth_chainId
eth_call
eth_chainId
eth_chainId
eth_call
eth_chainId
eth_chainId
eth_call
eth_chainId
eth_chainId
eth_call
eth_chainId
eth_chainId
eth_call
eth_chainId
eth_chainId
eth_call
eth_chainId
eth_chainId
eth_call
eth_chainId
eth_chainId
eth_call
eth_chainId
eth_chainId
eth_call
eth_chainId
eth_chainId
eth_call
eth_chainId
eth_chainId
eth_call
eth_chainId
eth_chainId
eth_call
eth_chainId
eth_chainId
eth_call
eth_chainId
eth_chainId
eth_call
eth_chainId
eth_chainId
eth_call
eth_chainId
eth_chainId
eth_call
eth_chainId
eth_chainId
eth_call
eth_chainId
eth_chainId
eth_call
eth_chainId
eth_chainId
eth_call
eth_chainId
eth_chainId
eth_call
eth_chainId
eth_chainId
eth_call
eth_chainId
eth_chainId
eth_call
eth_chainId
eth_chainId
eth_call
eth_chainId
eth_chainId
eth_call
eth_chainId
eth_chainId
eth_call
eth_chainId
eth_chainId
eth_call
eth_chainId
eth_chainId
eth_call
eth_chainId
eth_chainId
eth_call
eth_chainId
eth_chainId
eth_call
eth_chainId
eth_chainId
eth_call
eth_chainId
eth_chainId
eth_call
eth_chainId
eth_chainId
eth_call
eth_chainId
eth_chainId
eth_call
eth_chainId
eth_chainId
eth_call
eth_chainId
eth_chainId
eth_call
eth_chainId
eth_chainId
eth_call
eth_chainId
eth_chainId
eth_call
eth_chainId
eth_chainId
eth_call
eth_chainId
eth_chainId
eth_call
eth_chainId
eth_chainId
eth_call
eth_chainId
eth_chainId
eth_call
eth_chainId
eth_chainId
eth_call
eth_chainId
eth_chainId
eth_call
eth_chainId
eth_chainId
eth_call
eth_chainId
eth_chainId
eth_call
eth_chainId
eth_chainId
eth_call
eth_chainId
eth_chainId
eth_call
eth_chainId
eth_chainId
eth_call
eth_chainId
eth_chainId
eth_call
eth_chainId
eth_chainId
eth_call
eth_chainId
eth_chainId
eth_call
eth_chainId
eth_chainId
eth_call
eth_chainId
eth_chainId
eth_call
eth_chainId
eth_chainId
eth_call
eth_chainId
eth_chainId
eth_call
eth_chainId
eth_chainId
eth_call
eth_chainId
eth_chainId
eth_call
eth_chainId
eth_chainId
eth_call
eth_chainId
eth_chainId
eth_call
eth_chainId
eth_chainId
eth_call
eth_chainId
eth_chainId
eth_call
eth_chainId
eth_chainId
eth_call
eth_chainId
eth_chainId
eth_call
eth_chainId
eth_chainId
eth_call
eth_chainId
eth_chainId
eth_call
eth_chainId
eth_chainId
eth_call
eth_chainId
eth_chainId
eth_call
eth_chainId
eth_chainId
eth_call
eth_chainId
eth_chainId
eth_call
eth_chainId
eth_chainId
eth_call
eth_chainId
eth_chainId
eth_call
eth_chainId
eth_chainId
eth_call
eth_chainId
eth_chainId
eth_call
eth_chainId
eth_chainId
eth_call
eth_chainId
eth_chainId
eth_call
eth_chainId
eth_chainId
eth_call
eth_chainId
eth_chainId
eth_call
eth_chainId
eth_chainId
eth_call
eth_chainId
eth_chainId
eth_call
eth_chainId
eth_chainId
eth_call
eth_chainId
eth_chainId
eth_call
eth_chainId
eth_chainId
eth_call
eth_chainId
eth_chainId
eth_call
eth_chainId
eth_chainId
eth_call
eth_chainId
eth_chainId
eth_call
eth_chainId
eth_chainId
eth_call
eth_chainId
eth_chainId
eth_call
eth_chainId
eth_chainId
eth_call
eth_chainId
eth_chainId
eth_call
eth_chainId
eth_chainId
eth_call
eth_chainId
eth_chainId
eth_call
eth_chainId
eth_chainId
eth_call
eth_chainId
eth_chainId
eth_call
eth_chainId
eth_chainId
eth_call
eth_chainId
eth_chainId
eth_call
eth_chainId
eth_chainId
eth_call
eth_chainId
eth_chainId
eth_call
eth_chainId
eth_chainId
eth_call
eth_chainId
eth_chainId
eth_call
eth_chainId
eth_chainId
eth_call
eth_chainId
eth_chainId
eth_call
eth_chainId
eth_chainId
eth_call
eth_chainId
eth_chainId
eth_call
eth_chainId
eth_chainId
eth_call
eth_chainId
eth_chainId
eth_call
eth_chainId
eth_chainId
eth_call
eth_chainId
eth_chainId
eth_call
eth_chainId
eth_chainId
eth_call
eth_chainId
eth_chainId
eth_call
eth_chainId
eth_chainId
eth_call
eth_chainId
eth_chainId
eth_call
eth_chainId
eth_chainId
eth_call
eth_chainId
eth_chainId
eth_call
eth_chainId
eth_chainId
eth_call
eth_chainId
eth_chainId
eth_call
eth_chainId
eth_chainId
eth_call
eth_chainId
eth_chainId
eth_call
eth_chainId
eth_chainId
eth_call
eth_chainId
eth_chainId
eth_call
eth_chainId
eth_chainId
eth_call
eth_chainId
eth_chainId
eth_call
eth_chainId
eth_chainId
eth_call
eth_chainId
eth_chainId
eth_call
eth_chainId
eth_chainId
eth_call
eth_chainId
eth_chainId
eth_call
eth_chainId
eth_chainId
eth_call
eth_chainId
eth_chainId
eth_call
eth_chainId
eth_chainId
eth_call
eth_chainId
eth_chainId
eth_call
eth_chainId
eth_chainId
eth_call
eth_chainId
eth_chainId
eth_call
eth_chainId
eth_chainId
eth_call
eth_chainId
eth_chainId
eth_call
eth_chainId
eth_chainId
eth_call
eth_chainId
eth_chainId
eth_call
eth_chainId
eth_chainId
eth_call
eth_chainId
eth_chainId
eth_call
eth_chainId
eth_chainId
eth_call
eth_chainId
eth_chainId
eth_call
eth_chainId
eth_chainId
eth_call
eth_chainId
eth_chainId
eth_call
eth_chainId
eth_chainId
eth_call
eth_chainId
eth_chainId
eth_call
eth_chainId
eth_chainId
eth_call
eth_chainId
eth_chainId
eth_call
eth_chainId
eth_chainId
eth_call
eth_chainId
eth_chainId
eth_call
eth_chainId
eth_chainId
eth_call
eth_chainId
eth_chainId
eth_call
eth_chainId
eth_chainId
eth_call
eth_chainId
eth_chainId
eth_call
eth_chainId
eth_chainId
eth_call
eth_chainId
eth_chainId
eth_call
eth_chainId
eth_chainId
eth_call
eth_chainId
eth_chainId
eth_call
eth_chainId
eth_chainId
eth_call
eth_chainId
eth_chainId
eth_call
eth_chainId
eth_chainId
eth_call
eth_chainId
eth_chainId
eth_call
eth_chainId
eth_chainId
eth_call
eth_chainId
eth_chainId
eth_call
eth_chainId
eth_chainId
eth_call
eth_chainId
eth_chainId
eth_call
eth_chainId
eth_chainId
eth_call
eth_chainId
eth_chainId
eth_call
eth_chainId
eth_chainId
eth_call
eth_chainId
eth_chainId
eth_call
eth_chainId
eth_chainId
eth_call
eth_chainId
eth_chainId
eth_call
eth_chainId
eth_chainId
eth_call
eth_chainId
eth_chainId
eth_call
eth_chainId
eth_chainId
eth_call
eth_chainId
eth_chainId
eth_call
eth_chainId
eth_chainId
eth_call
eth_chainId
eth_chainId
eth_call
eth_chainId
eth_chainId
eth_call
eth_chainId
eth_chainId
eth_call
eth_chainId
eth_chainId
eth_call
eth_chainId
eth_chainId
eth_call
eth_chainId
eth_chainId
eth_call
eth_chainId
eth_chainId
eth_call
eth_chainId
eth_chainId
eth_call
eth_chainId
eth_chainId
eth_call
eth_chainId
eth_chainId
eth_call
eth_chainId
eth_chainId
eth_call
eth_chainId
eth_chainId
eth_call
eth_chainId
eth_chainId
eth_call
eth_chainId
eth_chainId
eth_call
eth_chainId
eth_chainId
eth_call
eth_chainId
eth_chainId
eth_call
eth_chainId
eth_chainId
eth_call
eth_chainId
eth_chainId
eth_call
eth_chainId
eth_chainId
eth_call
eth_chainId
eth_chainId
eth_call
eth_chainId
eth_chainId
eth_call
eth_chainId
eth_chainId
eth_call
eth_chainId
eth_chainId
eth_call
eth_chainId
eth_chainId
eth_call
eth_chainId
eth_chainId
eth_call
eth_chainId
eth_chainId
eth_call
eth_chainId
eth_chainId
eth_call
eth_chainId
eth_chainId
eth_call
eth_chainId
eth_chainId
eth_call
eth_chainId
eth_chainId
eth_call
eth_chainId
eth_chainId
eth_call
eth_chainId
eth_chainId
eth_call
eth_chainId
eth_chainId
eth_call
eth_chainId
eth_chainId
eth_call
eth_chainId
eth_chainId
eth_call
eth_chainId
eth_chainId
eth_call
eth_chainId
eth_chainId
eth_call
eth_chainId
eth_chainId
eth_call
eth_chainId
eth_chainId
eth_call
eth_chainId
eth_chainId
eth_call
eth_chainId
eth_chainId
eth_call
eth_chainId
eth_chainId
eth_call
eth_chainId
eth_chainId
eth_call
eth_chainId
eth_chainId
eth_call
eth_chainId
eth_chainId
eth_call
eth_chainId
eth_chainId
eth_call
eth_chainId
eth_chainId
eth_call
eth_chainId
eth_chainId
eth_call
eth_chainId
eth_chainId
eth_call
eth_chainId
eth_chainId
eth_call
eth_chainId
eth_chainId
eth_call
eth_chainId
eth_chainId
eth_call
eth_chainId
eth_chainId
eth_call
eth_chainId
eth_chainId
eth_call
eth_chainId
eth_chainId
eth_call
eth_chainId
eth_chainId
eth_call
eth_chainId
eth_chainId
eth_call
eth_chainId
eth_chainId
eth_call
eth_chainId
eth_chainId
eth_call
eth_chainId
eth_chainId
eth_call
eth_chainId
eth_chainId
eth_call
eth_chainId
eth_chainId
eth_call
eth_chainId
eth_chainId
eth_call
eth_chainId
eth_chainId
eth_call
eth_chainId
eth_chainId
eth_call
eth_chainId
eth_chainId
eth_call
eth_chainId
eth_chainId
eth_call
eth_chainId
eth_chainId
eth_call
eth_chainId
eth_chainId
eth_call
eth_chainId
eth_chainId
eth_call
eth_chainId
eth_chainId
eth_call
eth_chainId
eth_chainId
eth_call
eth_chainId
eth_chainId
eth_call
eth_chainId
eth_chainId
eth_call
eth_chainId
eth_chainId
eth_call
eth_chainId
eth_chainId
eth_call
eth_chainId
eth_chainId
eth_call
eth_chainId
eth_chainId
eth_call
eth_chainId
eth_chainId
eth_call
eth_chainId
eth_chainId
eth_call
eth_chainId
eth_chainId
eth_call
eth_chainId
eth_chainId
eth_call
eth_chainId
eth_chainId
eth_call
eth_chainId
eth_chainId
eth_call
eth_chainId
eth_chainId
eth_call
eth_chainId
eth_chainId
eth_call
eth_chainId
eth_chainId
eth_call
eth_chainId
eth_chainId
eth_call
eth_chainId
eth_chainId
eth_call
eth_chainId
eth_chainId
eth_call
eth_chainId
eth_chainId
eth_call
eth_chainId
eth_chainId
eth_call
eth_chainId
eth_chainId
eth_call
eth_chainId
eth_chainId
eth_call
eth_chainId
eth_chainId
eth_call
eth_chainId
eth_chainId
eth_call
eth_chainId
eth_chainId
eth_call
eth_chainId
eth_chainId
eth_call
eth_chainId
eth_chainId
eth_call
eth_chainId
eth_chainId
eth_call
eth_chainId
eth_chainId
eth_call
eth_chainId
eth_chainId
eth_call
eth_chainId
eth_chainId
eth_call
eth_chainId
eth_chainId
eth_call
eth_chainId
eth_chainId
eth_call
eth_chainId
eth_chainId
eth_call
eth_chainId
eth_chainId
eth_call
eth_chainId
eth_chainId
eth_call
eth_chainId
eth_chainId
eth_call
eth_chainId
eth_chainId
eth_call
eth_chainId
eth_chainId
eth_call
eth_chainId
eth_chainId
eth_call
eth_chainId
eth_chainId
eth_call
eth_chainId
eth_chainId
eth_call
eth_chainId
eth_chainId
eth_call
eth_chainId
eth_chainId
eth_call
eth_chainId
eth_chainId
eth_call
eth_chainId
eth_chainId
eth_call
eth_chainId
eth_chainId
eth_call
eth_chainId
eth_chainId
eth_call
eth_chainId
eth_chainId
eth_call
eth_chainId
eth_chainId
eth_call
eth_chainId
eth_chainId
eth_call
eth_chainId
eth_chainId
eth_call
eth_chainId
eth_chainId
eth_call
eth_chainId
eth_chainId
eth_call
eth_chainId
eth_chainId
eth_call
eth_chainId
eth_chainId
eth_call
eth_chainId
eth_chainId
eth_call
eth_chainId
eth_chainId
eth_call
eth_chainId
eth_chainId
eth_call
eth_chainId
eth_chainId
eth_call
eth_chainId
eth_chainId
eth_call
eth_chainId
eth_chainId
eth_call
eth_chainId
eth_chainId
eth_call
eth_chainId
eth_chainId
eth_call
eth_chainId
eth_chainId
eth_call
eth_chainId
eth_chainId
eth_call
eth_chainId
eth_chainId
eth_call
eth_chainId
eth_chainId
eth_call
eth_chainId
eth_chainId
eth_call
eth_chainId
eth_chainId
eth_call
eth_chainId
eth_chainId
eth_call
eth_chainId
eth_chainId
eth_call
eth_chainId
eth_chainId
eth_call
eth_chainId
eth_chainId
eth_call
eth_chainId
eth_chainId
eth_call
eth_chainId
eth_chainId
eth_call
eth_chainId
eth_chainId
eth_call
eth_chainId
eth_chainId
eth_call
eth_chainId
eth_chainId
eth_call
eth_chainId
eth_chainId
eth_call
eth_chainId
eth_chainId
eth_call
eth_chainId
eth_chainId
eth_call
eth_chainId
eth_chainId
eth_call
eth_chainId
eth_chainId
eth_call
eth_chainId
eth_chainId
eth_call
eth_chainId
eth_chainId
eth_call
eth_chainId
eth_chainId
eth_call
eth_chainId
eth_chainId
eth_call
eth_chainId
eth_chainId
eth_call
eth_chainId
eth_chainId
eth_call
eth_chainId
eth_chainId
eth_call
eth_chainId
eth_chainId
eth_call
eth_chainId
eth_chainId
eth_call
eth_chainId
eth_chainId
eth_call
eth_chainId
eth_chainId
eth_call
eth_chainId
eth_chainId
eth_call
eth_chainId
eth_chainId
eth_call
eth_chainId
eth_chainId
eth_call
eth_chainId
eth_chainId
eth_call
eth_chainId
eth_chainId
eth_call
eth_chainId
eth_chainId
eth_call
eth_chainId
eth_chainId
eth_call
eth_chainId
eth_chainId
eth_call
eth_chainId
eth_chainId
eth_call
eth_chainId
eth_chainId
eth_call
eth_chainId
eth_chainId
eth_call
eth_chainId
eth_chainId
eth_call
eth_chainId
eth_chainId
eth_call
eth_chainId
eth_chainId
eth_call
eth_chainId
eth_chainId
eth_call
eth_chainId
eth_chainId
eth_call
eth_chainId
eth_chainId
eth_call
eth_chainId
eth_chainId
eth_call
eth_chainId
eth_chainId
eth_call
eth_chainId
eth_chainId
eth_call
eth_chainId
eth_chainId
eth_call
eth_chainId
eth_chainId
eth_call
eth_chainId
eth_chainId
eth_call
eth_chainId
eth_chainId
eth_call
eth_chainId
eth_chainId
eth_call
eth_chainId
eth_chainId
eth_call
eth_chainId
eth_chainId
eth_call
eth_chainId
eth_chainId
eth_call
eth_chainId
eth_chainId
eth_call
eth_chainId
eth_chainId
eth_call
eth_chainId
eth_chainId
eth_call
eth_chainId
eth_chainId
eth_call
eth_chainId
eth_chainId
eth_call
eth_chainId
eth_chainId
eth_call
eth_chainId
eth_chainId
eth_call
eth_chainId
eth_chainId
eth_call
eth_chainId
eth_chainId
eth_call
eth_chainId
eth_chainId
eth_call
eth_chainId
eth_chainId
eth_call
eth_chainId
eth_chainId
eth_call
eth_chainId
eth_chainId
eth_call
eth_chainId
eth_chainId
eth_call
eth_chainId
eth_chainId
eth_call
eth_chainId
eth_chainId
eth_call
eth_chainId
eth_chainId
eth_call
eth_chainId
eth_chainId
eth_call
eth_chainId
eth_chainId
eth_call
eth_chainId
eth_chainId
eth_call
eth_chainId
eth_chainId
eth_call
eth_chainId
eth_chainId
eth_call
eth_chainId
eth_chainId
eth_call
eth_chainId
eth_chainId
eth_call
eth_chainId
eth_chainId
eth_call
eth_chainId
eth_chainId
eth_call
eth_chainId
eth_chainId
eth_call
eth_chainId
eth_chainId
eth_call
eth_chainId
eth_chainId
eth_call
eth_chainId
eth_chainId
eth_call
eth_chainId
eth_chainId
eth_call
eth_chainId
eth_chainId
eth_call
eth_chainId
eth_chainId
eth_call
eth_chainId
eth_chainId
eth_call
eth_chainId
eth_chainId
eth_call
eth_chainId
eth_chainId
eth_call
eth_chainId
eth_chainId
eth_call
eth_chainId
eth_chainId
eth_call
eth_chainId
eth_chainId
eth_call
eth_chainId
eth_chainId
eth_call
eth_chainId
eth_chainId
eth_call
eth_chainId
eth_chainId
eth_call
eth_chainId
eth_chainId
eth_call
eth_chainId
eth_chainId
eth_call
eth_chainId
eth_chainId
eth_call
eth_chainId
eth_chainId
eth_call
eth_chainId
eth_chainId
eth_call
eth_chainId
eth_chainId
eth_call
eth_chainId
eth_chainId
eth_call
eth_chainId
eth_chainId
eth_call
eth_chainId
eth_chainId
eth_call
eth_chainId
eth_chainId
eth_call
eth_chainId
eth_chainId
eth_call
eth_chainId
eth_chainId
eth_call
eth_chainId
eth_chainId
eth_call
eth_chainId
eth_chainId
eth_call
eth_chainId
eth_chainId
eth_call
eth_chainId
eth_chainId
eth_call
eth_chainId
eth_chainId
eth_call
eth_chainId
eth_chainId
eth_call
eth_chainId
eth_chainId
eth_call
eth_chainId
eth_chainId
eth_call
eth_chainId
eth_chainId
eth_call
eth_chainId
eth_chainId
eth_call
eth_chainId
eth_chainId
eth_call
eth_chainId
eth_chainId
eth_call
eth_chainId
eth_chainId
eth_call
eth_chainId
eth_chainId
eth_call
eth_chainId
eth_chainId
eth_call
eth_chainId
eth_chainId
eth_call
eth_chainId
eth_chainId
eth_call
eth_chainId
eth_chainId
eth_call
eth_chainId
eth_chainId
eth_call
eth_chainId
eth_chainId
eth_call
eth_chainId
eth_chainId
eth_call
eth_chainId
eth_chainId
eth_call
eth_chainId
eth_chainId
eth_call
eth_chainId
eth_chainId
eth_call
eth_chainId
eth_chainId
eth_call
eth_chainId
eth_chainId
eth_call
eth_chainId
eth_chainId
eth_call
eth_chainId
eth_chainId
eth_call
eth_chainId
eth_chainId
eth_call
eth_chainId
eth_chainId
eth_call
eth_chainId
eth_chainId
eth_call
eth_chainId
eth_chainId
eth_call
eth_chainId
eth_chainId
eth_call
eth_chainId
eth_chainId
eth_call
eth_chainId
eth_chainId
eth_call
eth_chainId
eth_chainId
eth_call
eth_chainId
eth_chainId
eth_call
eth_chainId
eth_chainId
eth_call
eth_chainId
eth_chainId
eth_call
eth_chainId
eth_chainId
eth_call
eth_chainId
eth_chainId
eth_call
eth_chainId
eth_chainId
eth_call
eth_chainId
eth_chainId
eth_call
eth_chainId
eth_chainId
eth_call
eth_chainId
eth_chainId
eth_call
eth_chainId
eth_chainId
eth_call
eth_chainId
eth_chainId
eth_call
eth_chainId
eth_chainId
eth_call
eth_chainId
eth_chainId
eth_call
eth_chainId
eth_chainId
eth_call
eth_chainId
eth_chainId
eth_call
eth_chainId
eth_chainId
eth_call
eth_chainId
eth_chainId
eth_call
eth_chainId
eth_chainId
eth_call
eth_chainId
eth_chainId
eth_call
eth_chainId
eth_chainId
eth_call
eth_chainId
eth_chainId
eth_call
eth_chainId
eth_chainId
eth_call
eth_chainId
eth_chainId
eth_call
eth_chainId
eth_chainId
eth_call
eth_chainId
eth_chainId
eth_call
eth_chainId
eth_chainId
eth_call
eth_chainId
eth_chainId
eth_call
eth_chainId
eth_chainId
eth_call
eth_chainId
eth_chainId
eth_call
eth_chainId
eth_chainId
eth_call
eth_chainId
eth_chainId
eth_call
eth_chainId
eth_chainId
eth_call
eth_chainId
eth_chainId
eth_call
eth_chainId
eth_chainId
eth_call
eth_chainId
eth_chainId
eth_call
eth_chainId
eth_chainId
eth_call
eth_chainId
eth_chainId
eth_call
eth_chainId
eth_chainId
eth_call
eth_chainId
eth_chainId
eth_call
eth_chainId
eth_chainId
eth_call
eth_chainId
eth_chainId
eth_call
eth_chainId
eth_chainId
eth_call
eth_chainId
eth_chainId
eth_call
eth_chainId
eth_chainId
eth_call
eth_chainId
eth_chainId
eth_call
eth_chainId
eth_chainId
eth_call
eth_chainId
eth_chainId
eth_call
eth_chainId
eth_chainId
eth_call
eth_chainId
eth_chainId
eth_call
eth_chainId
eth_chainId
eth_call
eth_chainId
eth_chainId
eth_call
eth_chainId
eth_chainId
eth_call
eth_chainId
eth_chainId
eth_call
eth_chainId
eth_chainId
eth_call
eth_chainId
eth_chainId
eth_call
eth_chainId
eth_chainId
eth_call
eth_chainId
eth_chainId
eth_call
eth_chainId
eth_chainId
eth_call
eth_chainId
eth_chainId
eth_call
eth_chainId
eth_chainId
eth_call
eth_chainId
eth_chainId
eth_call
eth_chainId
eth_chainId
eth_call
eth_chainId
eth_chainId
eth_call
eth_chainId
eth_chainId
eth_call
eth_chainId
eth_chainId
eth_call
eth_chainId
eth_chainId
eth_call
eth_chainId
eth_chainId
eth_call
eth_chainId
eth_chainId
eth_call
eth_chainId
eth_chainId
eth_call
eth_chainId
eth_chainId
eth_call
eth_chainId
eth_chainId
eth_call
eth_chainId
eth_chainId
eth_call
eth_chainId
eth_chainId
eth_call
eth_chainId
eth_chainId
eth_call
eth_chainId
eth_chainId
eth_call
eth_chainId
eth_chainId
eth_call
eth_chainId
eth_chainId
eth_call
eth_chainId
eth_chainId
eth_call
eth_chainId
eth_chainId
eth_call
eth_chainId
eth_chainId
eth_call
eth_chainId
eth_chainId
eth_call
eth_chainId
eth_chainId
eth_call
eth_chainId
eth_chainId
eth_call
eth_chainId
eth_chainId
eth_call
eth_chainId
eth_chainId
eth_call
eth_chainId
eth_chainId
eth_call
eth_chainId
eth_chainId
eth_call
eth_chainId
eth_chainId
eth_call
eth_chainId
eth_chainId
eth_call
eth_chainId
eth_chainId
eth_call
eth_chainId
eth_chainId
eth_call
eth_chainId
eth_chainId
eth_call
eth_chainId
eth_chainId
eth_call
eth_chainId
eth_chainId
eth_call
eth_chainId
eth_chainId
eth_call
eth_chainId
eth_chainId
eth_call
eth_chainId
eth_chainId
eth_call
eth_chainId
eth_chainId
eth_call
eth_chainId
eth_chainId
eth_call
eth_chainId
eth_chainId
eth_call
eth_chainId
eth_chainId
eth_call
eth_chainId
eth_chainId
eth_call
eth_chainId
eth_chainId
eth_call
eth_chainId
eth_chainId
eth_call
eth_chainId
eth_chainId
eth_call
eth_chainId
eth_chainId
eth_call
eth_chainId
eth_chainId
eth_call
eth_chainId
eth_chainId
eth_call
eth_chainId
eth_chainId
eth_call
eth_chainId
eth_chainId
eth_call
eth_chainId
eth_chainId
eth_call
eth_chainId
eth_chainId
eth_call
eth_chainId
eth_chainId
eth_call
eth_chainId
eth_chainId
eth_call
eth_chainId
eth_chainId
eth_call
eth_chainId
eth_chainId
eth_call
eth_chainId
eth_chainId
eth_call
eth_chainId
eth_chainId
eth_call
eth_chainId
eth_chainId
eth_call
eth_chainId
eth_chainId
eth_call
eth_chainId
eth_chainId
eth_call
eth_chainId
eth_chainId
eth_call
eth_chainId
eth_chainId
eth_call
eth_chainId
eth_chainId
eth_call
eth_chainId
eth_chainId
eth_call
eth_chainId
eth_chainId
eth_call
eth_chainId
eth_chainId
eth_call
eth_chainId
eth_chainId
eth_call
eth_chainId
eth_chainId
eth_call
eth_chainId
eth_chainId
eth_call
eth_chainId
eth_chainId
eth_call
eth_chainId
eth_chainId
eth_call
eth_chainId
eth_chainId
eth_call
eth_chainId
eth_chainId
eth_call
eth_chainId
eth_chainId
eth_call
eth_chainId
eth_chainId
eth_call
eth_chainId
eth_chainId
eth_call
eth_chainId
eth_chainId
eth_call
eth_chainId
eth_chainId
eth_call
eth_chainId
eth_chainId
eth_call
eth_chainId
eth_chainId
eth_call
eth_chainId
eth_chainId
eth_call
eth_chainId
eth_chainId
eth_call
eth_chainId
eth_chainId
eth_call
eth_chainId
eth_chainId
eth_call
eth_chainId
eth_chainId
eth_call
eth_chainId
eth_chainId
eth_call
eth_chainId
eth_chainId
eth_call
eth_chainId
eth_chainId
eth_call
eth_chainId
eth_chainId
eth_call
eth_chainId
eth_chainId
eth_call
eth_chainId
eth_chainId
eth_call
eth_chainId
eth_chainId
eth_call
eth_chainId
eth_chainId
eth_call
eth_chainId
eth_chainId
eth_call
eth_chainId
eth_chainId
eth_call
eth_chainId
eth_chainId
eth_call
eth_chainId
eth_chainId
eth_call
eth_chainId
eth_chainId
eth_call
eth_chainId
eth_chainId
eth_call
eth_chainId
eth_chainId
eth_call
eth_chainId
eth_chainId
eth_call
eth_chainId
eth_chainId
eth_call
eth_chainId
eth_chainId
eth_call
eth_chainId
eth_chainId
eth_call
eth_chainId
eth_chainId
eth_call
eth_chainId
eth_chainId
eth_call
eth_chainId
eth_chainId
eth_call
eth_chainId
eth_chainId
eth_call
eth_chainId
eth_chainId
eth_call
eth_chainId
eth_chainId
eth_call
eth_chainId
eth_chainId
eth_call
eth_chainId
eth_chainId
eth_call
eth_chainId
eth_chainId
eth_call
eth_chainId
eth_chainId
eth_call
eth_chainId
eth_chainId
eth_call
eth_chainId
eth_chainId
eth_call
eth_chainId
eth_chainId
eth_call
eth_chainId
eth_chainId
eth_call
eth_chainId
eth_chainId
eth_call
eth_chainId
eth_chainId
eth_call
eth_chainId
eth_chainId
eth_call
eth_chainId
eth_chainId
eth_call
eth_chainId
eth_chainId
eth_call
eth_chainId
eth_chainId
eth_call
eth_chainId
eth_chainId
eth_call
eth_chainId
eth_chainId
eth_call
eth_chainId
eth_chainId
eth_call
eth_chainId
eth_chainId
eth_call
eth_chainId
eth_chainId
eth_call
eth_chainId
eth_chainId
eth_call
eth_chainId
eth_chainId
eth_call
eth_chainId
eth_chainId
eth_call
eth_chainId
eth_chainId
eth_call
eth_chainId
eth_chainId
eth_call
eth_chainId
eth_chainId
eth_call
eth_chainId
eth_chainId
eth_call
eth_chainId
eth_chainId
eth_call
eth_chainId
eth_chainId
eth_call
eth_chainId
eth_chainId
eth_call
eth_chainId
eth_chainId
eth_call
eth_chainId
eth_chainId
eth_call
eth_chainId
eth_chainId
eth_call
eth_chainId
eth_chainId
eth_call
eth_chainId
eth_chainId
eth_call
eth_chainId
eth_chainId
eth_call
eth_chainId
eth_chainId
eth_call
eth_chainId
eth_chainId
eth_call
eth_chainId
eth_chainId
eth_call
eth_chainId
eth_chainId
eth_call
eth_chainId
eth_chainId
eth_call
eth_chainId
eth_chainId
eth_call
eth_chainId
eth_chainId
eth_call
eth_chainId
eth_chainId
eth_call
eth_chainId
eth_chainId
eth_call
eth_chainId
eth_chainId
eth_call
eth_chainId
eth_chainId
eth_call
eth_chainId
eth_chainId
eth_call
eth_chainId
eth_chainId
eth_call
eth_chainId
eth_chainId
eth_call
eth_chainId
eth_chainId
eth_call
eth_chainId
eth_chainId
eth_call
eth_chainId
eth_chainId
eth_call
eth_chainId
eth_chainId
eth_call
eth_chainId
eth_chainId
eth_call
eth_chainId
eth_chainId
eth_call
eth_chainId
eth_chainId
eth_call
eth_chainId
eth_chainId
eth_call
eth_chainId
eth_chainId
eth_call
eth_chainId
eth_chainId
eth_call
eth_chainId
eth_chainId
eth_call
eth_chainId
eth_chainId
eth_call
eth_chainId
eth_chainId
eth_call
eth_chainId
eth_chainId
eth_call
eth_chainId
eth_chainId
eth_call
eth_chainId
eth_chainId
eth_call
eth_chainId
eth_chainId
eth_call
eth_chainId
eth_chainId
eth_call
eth_chainId
eth_chainId
eth_call
eth_chainId
eth_chainId
eth_call
eth_chainId
eth_chainId
eth_call
eth_chainId
eth_chainId
eth_call
eth_chainId
eth_chainId
eth_call
eth_chainId
eth_chainId
eth_call
eth_chainId
eth_chainId
eth_call
eth_chainId
eth_chainId
eth_call
eth_chainId
eth_chainId
eth_call
eth_chainId
eth_chainId
eth_call
eth_chainId
eth_chainId
eth_call
eth_chainId
eth_chainId
eth_call
eth_chainId
eth_chainId
eth_call
eth_chainId
eth_chainId
eth_call
eth_chainId
eth_chainId
eth_call
eth_chainId
eth_chainId
eth_call
eth_chainId
eth_chainId
eth_call
eth_chainId
eth_chainId
eth_call
eth_chainId
eth_chainId
eth_call
eth_chainId
eth_chainId
eth_call
eth_chainId
eth_chainId
eth_call
eth_chainId
eth_chainId
eth_call
eth_chainId
eth_chainId
eth_call
eth_chainId
eth_chainId
eth_call
eth_chainId
eth_chainId
eth_call
eth_chainId
eth_chainId
eth_call
eth_chainId
eth_chainId
eth_call
eth_chainId
eth_chainId
eth_call
eth_chainId
eth_chainId
eth_call
eth_chainId
eth_chainId
eth_call
eth_chainId
eth_chainId
eth_call
eth_chainId
eth_chainId
eth_call
eth_chainId
eth_chainId
eth_call
eth_chainId
eth_chainId
eth_call
eth_chainId
eth_chainId
eth_call
eth_chainId
eth_chainId
eth_call
eth_chainId
eth_chainId
eth_call
eth_chainId
eth_chainId
eth_call
eth_chainId
eth_chainId
eth_call
eth_chainId
eth_chainId
eth_call
eth_chainId
eth_chainId
eth_call
eth_chainId
eth_chainId
eth_call
eth_chainId
eth_chainId
eth_call
eth_chainId
eth_chainId
eth_call
eth_chainId
eth_chainId
eth_call
eth_chainId
eth_chainId
eth_call
eth_chainId
eth_chainId
eth_call
eth_chainId
eth_chainId
eth_call
eth_chainId
eth_chainId
eth_call
eth_chainId
eth_chainId
eth_call
eth_chainId
eth_chainId
eth_call
eth_chainId
eth_chainId
eth_call
eth_chainId
eth_chainId
eth_call
eth_chainId
eth_chainId
eth_call
eth_chainId
eth_chainId
eth_call
eth_chainId
eth_chainId
eth_call
eth_chainId
eth_chainId
eth_call
eth_chainId
eth_chainId
eth_call
eth_chainId
eth_chainId
eth_call
eth_chainId
eth_chainId
eth_call
eth_chainId
eth_chainId
eth_call
eth_chainId
eth_chainId
eth_call
eth_chainId
eth_chainId
eth_call
eth_chainId
eth_chainId
eth_call
eth_chainId
eth_chainId
eth_call
eth_chainId
eth_chainId
eth_call
eth_chainId
eth_chainId
eth_call
eth_chainId
eth_chainId
eth_call
eth_chainId
eth_chainId
eth_call
eth_chainId
eth_chainId
eth_call
eth_chainId
eth_chainId
eth_call
eth_chainId
eth_chainId
eth_call
eth_chainId
eth_chainId
eth_call
eth_chainId
eth_chainId
eth_call
eth_chainId
eth_chainId
eth_call
eth_chainId
eth_chainId
eth_call
eth_chainId
eth_chainId
eth_call
eth_chainId
eth_chainId
eth_call
eth_chainId
eth_chainId
eth_call
eth_chainId
eth_chainId
eth_call
eth_chainId
eth_chainId
eth_call
eth_chainId
