timestamp,action_type,businessID,details,result,session_id
2026-06-10T05:54:08.037532,REGISTERED,SME_00001,Golden Payments Solutions,SUCCESS,SESSION_a8c9C1
2026-06-10T05:54:08.065647,REGISTERED,SME_00002,Nova Bakery Foods,SUCCESS,SESSION_a8c9C1
2026-06-10T05:54:08.095397,REGISTERED,SME_00003,Ever Dyeing Care,SUCCESS,SESSION_a8c9C1
2026-06-10T05:54:08.129164,REGISTERED,SME_00004,Nova Diagnostics Digital,SUCCESS,SESSION_a8c9C1
2026-06-10T05:54:08.159436,REGISTERED,SME_00005,Smart Electronics Hub,SUCCESS,SESSION_a8c9C1
2026-06-10T05:54:08.185284,REGISTERED,SME_00006,Future Fabric Enterprises,SUCCESS,SESSION_a8c9C1
2026-06-10T05:54:08.213043,REGISTERED,SME_00007,Urban Clinic Textiles,SUCCESS,SESSION_a8c9C1
2026-06-10T05:54:08.243372,REGISTERED,SME_00008,Alpha Payments Enterprises,SUCCESS,SESSION_a8c9C1
2026-06-10T05:54:08.276672,REGISTERED,SME_00009,Vertex HomeGoods Digital,SUCCESS,SESSION_a8c9C1
2026-06-10T05:54:08.308261,REGISTERED,SME_00010,Prime Bakery Textiles,SUCCESS,SESSION_a8c9C1
2026-06-10T05:54:08.338708,REGISTERED,SME_00011,Green AgroProcessing Digital,SUCCESS,SESSION_a8c9C1
2026-06-10T05:54:08.365389,REGISTERED,SME_00012,Prime Garments Traders,SUCCESS,SESSION_a8c9C1
2026-06-10T05:54:08.389809,REGISTERED,SME_00013,Fresh Warehousing Traders,SUCCESS,SESSION_a8c9C1
2026-06-10T05:54:08.419775,REGISTERED,SME_00014,Blue AccountingTech Studio,SUCCESS,SESSION_a8c9C1
2026-06-10T05:54:08.445467,REGISTERED,SME_00015,Bright Bakery Digital,SUCCESS,SESSION_a8c9C1
2026-06-10T05:54:08.477317,REGISTERED,SME_00016,Nova Plastic Agro,SUCCESS,SESSION_a8c9C1
2026-06-10T05:54:08.503957,REGISTERED,SME_00017,Trust Beverage Studio,SUCCESS,SESSION_a8c9C1
2026-06-10T05:54:08.536641,REGISTERED,SME_00018,Blue Electronics Partners,SUCCESS,SESSION_a8c9C1
2026-06-10T05:54:08.569726,REGISTERED,SME_00019,Future SMEFinance Traders,SUCCESS,SESSION_a8c9C1
2026-06-10T05:54:08.603024,REGISTERED,SME_00020,Nova FleetServices Ventures,SUCCESS,SESSION_a8c9C1
2026-06-10T05:54:08.631893,REGISTERED,SME_00021,Alpha Clinic Partners,SUCCESS,SESSION_a8c9C1
2026-06-10T05:54:08.663863,REGISTERED,SME_00022,Future FarmInputs Hub,SUCCESS,SESSION_a8c9C1
2026-06-10T05:54:08.694678,REGISTERED,SME_00023,Green Accessories Agro,SUCCESS,SESSION_a8c9C1
2026-06-10T05:54:08.725320,REGISTERED,SME_00024,Trust Dyeing Ventures,SUCCESS,SESSION_a8c9C1
2026-06-10T05:54:08.746476,REGISTERED,SME_00025,Smart LendingTech Hub,SUCCESS,SESSION_a8c9C1
2026-06-10T05:54:08.769687,REGISTERED,SME_00026,Urban Plastic Agro,SUCCESS,SESSION_a8c9C1
2026-06-10T05:54:08.803819,REGISTERED,SME_00027,Bright Restaurant Textiles,SUCCESS,SESSION_a8c9C1
2026-06-10T05:54:08.827871,REGISTERED,SME_00028,Secure Grocery Mart,SUCCESS,SESSION_a8c9C1
2026-06-10T05:54:08.864187,REGISTERED,SME_00029,Green Fashion Hub,SUCCESS,SESSION_a8c9C1
2026-06-10T05:54:08.892553,REGISTERED,SME_00030,Trust Clinic Agro,SUCCESS,SESSION_a8c9C1
2026-06-10T05:54:08.911403,REGISTERED,SME_00031,Urban HealthServices Mart,SUCCESS,SESSION_a8c9C1
2026-06-10T05:54:08.943224,REGISTERED,SME_00032,Fresh Garments Logistics,SUCCESS,SESSION_a8c9C1
2026-06-10T05:54:08.967689,REGISTERED,SME_00033,Golden ColdStorage Foods,SUCCESS,SESSION_a8c9C1
2026-06-10T05:54:08.988240,REGISTERED,SME_00034,Bright ColdStorage Digital,SUCCESS,SESSION_a8c9C1
2026-06-10T05:54:09.025986,REGISTERED,SME_00035,Bright ProcessedFood Textiles,SUCCESS,SESSION_a8c9C1
2026-06-10T05:54:09.053660,REGISTERED,SME_00036,Secure LightManufacturing Works,SUCCESS,SESSION_a8c9C1
2026-06-10T05:54:09.082959,REGISTERED,SME_00037,Smart HomeGoods Studio,SUCCESS,SESSION_a8c9C1
2026-06-10T05:54:09.114708,REGISTERED,SME_00038,Blue Bakery Partners,SUCCESS,SESSION_a8c9C1
2026-06-10T05:54:09.143761,REGISTERED,SME_00039,Fresh Packaging Foods,SUCCESS,SESSION_a8c9C1
2026-06-10T05:54:09.172157,REGISTERED,SME_00040,Green Delivery Mart,SUCCESS,SESSION_a8c9C1
2026-06-10T05:54:09.206547,REGISTERED,SME_00041,Future ProcessedFood Textiles,SUCCESS,SESSION_a8c9C1
2026-06-10T05:54:09.228792,REGISTERED,SME_00042,Prime LendingTech Logistics,SUCCESS,SESSION_a8c9C1
2026-06-10T05:54:09.260795,REGISTERED,SME_00043,Alpha Diagnostics Hub,SUCCESS,SESSION_a8c9C1
2026-06-10T05:54:09.276690,REGISTERED,SME_00044,Prime AgroProcessing Mart,SUCCESS,SESSION_a8c9C1
2026-06-10T05:54:09.324917,REGISTERED,SME_00045,Golden Payments Partners,SUCCESS,SESSION_a8c9C1
2026-06-10T05:54:09.366287,REGISTERED,SME_00046,Urban AccountingTech Digital,SUCCESS,SESSION_a8c9C1
2026-06-10T05:54:09.387852,REGISTERED,SME_00047,Smart ColdStorage Care,SUCCESS,SESSION_a8c9C1
2026-06-10T05:54:09.425016,REGISTERED,SME_00048,Green LightManufacturing Studio,SUCCESS,SESSION_a8c9C1
2026-06-10T05:54:09.452139,REGISTERED,SME_00049,Ever Diagnostics Logistics,SUCCESS,SESSION_a8c9C1
2026-06-10T05:54:09.479820,REGISTERED,SME_00050,Golden Fashion Traders,SUCCESS,SESSION_a8c9C1
2026-06-10T05:54:09.523255,REGISTERED,SME_00051,Urban Packaging Traders,SUCCESS,SESSION_a8c9C1
2026-06-10T05:54:09.550416,REGISTERED,SME_00052,Vertex Grocery Foods,SUCCESS,SESSION_a8c9C1
2026-06-10T05:54:09.579440,REGISTERED,SME_00053,Future SMEFinance Care,SUCCESS,SESSION_a8c9C1
2026-06-10T05:54:09.608873,REGISTERED,SME_00054,Bright FleetServices Mart,SUCCESS,SESSION_a8c9C1
2026-06-10T05:54:09.637616,REGISTERED,SME_00055,Nova Diagnostics Studio,SUCCESS,SESSION_a8c9C1
2026-06-10T05:54:09.664952,REGISTERED,SME_00056,Secure LendingTech Digital,SUCCESS,SESSION_a8c9C1
2026-06-10T05:54:09.689086,REGISTERED,SME_00057,Trust ProcessedFood Hub,SUCCESS,SESSION_a8c9C1
2026-06-10T05:54:09.704807,REGISTERED,SME_00058,Ever Restaurant Works,SUCCESS,SESSION_a8c9C1
2026-06-10T05:54:09.743839,REGISTERED,SME_00059,Ever Grocery Foods,SUCCESS,SESSION_a8c9C1
2026-06-10T05:54:09.766441,REGISTERED,SME_00060,Future Fashion Digital,SUCCESS,SESSION_a8c9C1
2026-06-10T05:54:09.784424,REGISTERED,SME_00061,Nova Warehousing Partners,SUCCESS,SESSION_a8c9C1
2026-06-10T05:54:09.819637,REGISTERED,SME_00062,Ever Restaurant Partners,SUCCESS,SESSION_a8c9C1
2026-06-10T05:54:09.845495,REGISTERED,SME_00063,Vertex Restaurant Foods,SUCCESS,SESSION_a8c9C1
2026-06-10T05:54:09.877611,REGISTERED,SME_00064,Ever HealthServices Digital,SUCCESS,SESSION_a8c9C1
2026-06-10T05:54:09.900988,REGISTERED,SME_00065,Fresh SupplyChain Partners,SUCCESS,SESSION_a8c9C1
2026-06-10T05:54:09.923191,REGISTERED,SME_00066,Prime ProcessedFood Agro,SUCCESS,SESSION_a8c9C1
2026-06-10T05:54:09.950432,REGISTERED,SME_00067,Secure Restaurant Digital,SUCCESS,SESSION_a8c9C1
2026-06-10T05:54:09.986343,REGISTERED,SME_00068,Urban MetalWorks Agro,SUCCESS,SESSION_a8c9C1
2026-06-10T05:54:10.005429,REGISTERED,SME_00069,Smart Fashion Traders,SUCCESS,SESSION_a8c9C1
2026-06-10T05:54:10.021506,REGISTERED,SME_00070,Bright Restaurant Digital,SUCCESS,SESSION_a8c9C1
2026-06-10T05:54:10.056514,REGISTERED,SME_00071,Golden LightManufacturing Partners,SUCCESS,SESSION_a8c9C1
2026-06-10T05:54:10.096981,REGISTERED,SME_00072,Trust ColdStorage Solutions,SUCCESS,SESSION_a8c9C1
2026-06-10T05:54:10.124697,REGISTERED,SME_00073,Alpha Accessories Agro,SUCCESS,SESSION_a8c9C1
2026-06-10T05:54:10.153118,REGISTERED,SME_00074,Nova MetalWorks Partners,SUCCESS,SESSION_a8c9C1
2026-06-10T05:54:10.170284,REGISTERED,SME_00075,Ever Fashion Hub,SUCCESS,SESSION_a8c9C1
2026-06-10T05:54:10.207824,REGISTERED,SME_00076,Smart Plastic Agro,SUCCESS,SESSION_a8c9C1
2026-06-10T05:54:10.223320,REGISTERED,SME_00077,Bright MetalWorks Traders,SUCCESS,SESSION_a8c9C1
2026-06-10T05:54:10.260030,REGISTERED,SME_00078,Alpha Warehousing Traders,SUCCESS,SESSION_a8c9C1
2026-06-10T05:54:10.278744,REGISTERED,SME_00079,Future Beverage Works,SUCCESS,SESSION_a8c9C1
2026-06-10T05:54:10.294730,REGISTERED,SME_00080,Smart SMEFinance Ventures,SUCCESS,SESSION_a8c9C1
2026-06-10T05:54:10.328287,REGISTERED,SME_00081,Ever SupplyChain Ventures,SUCCESS,SESSION_a8c9C1
2026-06-10T05:54:10.364389,REGISTERED,SME_00082,Future FarmInputs Agro,SUCCESS,SESSION_a8c9C1
2026-06-10T05:54:10.383340,REGISTERED,SME_00083,Nova LendingTech Textiles,SUCCESS,SESSION_a8c9C1
2026-06-10T05:54:10.415223,REGISTERED,SME_00084,Golden Electronics Traders,SUCCESS,SESSION_a8c9C1
2026-06-10T05:54:10.439976,REGISTERED,SME_00085,Urban Electronics Agro,SUCCESS,SESSION_a8c9C1
2026-06-10T05:54:10.471241,REGISTERED,SME_00086,Rapid Grocery Digital,SUCCESS,SESSION_a8c9C1
2026-06-10T05:54:10.486722,REGISTERED,SME_00087,Smart HealthServices Textiles,SUCCESS,SESSION_a8c9C1
2026-06-10T05:54:10.518483,REGISTERED,SME_00088,Alpha Beverage Solutions,SUCCESS,SESSION_a8c9C1
2026-06-10T05:54:10.534472,REGISTERED,SME_00089,Smart Grocery Solutions,SUCCESS,SESSION_a8c9C1
2026-06-10T05:54:10.573256,REGISTERED,SME_00090,Fresh Restaurant Mart,SUCCESS,SESSION_a8c9C1
2026-06-10T05:54:10.601067,REGISTERED,SME_00091,Golden Electronics Foods,SUCCESS,SESSION_a8c9C1
2026-06-10T05:54:10.616719,REGISTERED,SME_00092,Urban HealthServices Enterprises,SUCCESS,SESSION_a8c9C1
2026-06-10T05:54:10.645530,REGISTERED,SME_00093,Smart Bakery Foods,SUCCESS,SESSION_a8c9C1
2026-06-10T05:54:10.677303,REGISTERED,SME_00094,Ever AgroProcessing Textiles,SUCCESS,SESSION_a8c9C1
2026-06-10T05:54:10.699665,REGISTERED,SME_00095,Urban LightManufacturing Mart,SUCCESS,SESSION_a8c9C1
2026-06-10T05:54:10.730261,REGISTERED,SME_00096,Future Warehousing Textiles,SUCCESS,SESSION_a8c9C1
2026-06-10T05:54:10.746091,REGISTERED,SME_00097,Alpha FarmInputs Textiles,SUCCESS,SESSION_a8c9C1
2026-06-10T05:54:10.782146,REGISTERED,SME_00098,Smart HomeGoods Agro,SUCCESS,SESSION_a8c9C1
2026-06-10T05:54:10.813204,REGISTERED,SME_00099,Future Fashion Foods,SUCCESS,SESSION_a8c9C1
2026-06-10T05:54:10.842774,REGISTERED,SME_00100,Trust Accessories Solutions,SUCCESS,SESSION_a8c9C1
2026-06-10T05:54:10.878234,REGISTERED,SME_00101,Fresh Accessories Agro,SUCCESS,SESSION_a8c9C1
2026-06-10T05:54:10.904466,REGISTERED,SME_00102,Future HealthServices Studio,SUCCESS,SESSION_a8c9C1
2026-06-10T05:54:10.927513,REGISTERED,SME_00103,Rapid MetalWorks Logistics,SUCCESS,SESSION_a8c9C1
2026-06-10T05:54:10.959830,REGISTERED,SME_00104,Vertex Garments Agro,SUCCESS,SESSION_a8c9C1
2026-06-10T05:54:10.981536,REGISTERED,SME_00105,Green Payments Digital,SUCCESS,SESSION_a8c9C1
2026-06-10T05:54:10.997185,REGISTERED,SME_00106,Vertex Pharmacy Mart,SUCCESS,SESSION_a8c9C1
2026-06-10T05:54:11.028880,REGISTERED,SME_00107,Fresh ProcessedFood Mart,SUCCESS,SESSION_a8c9C1
2026-06-10T05:54:11.060249,REGISTERED,SME_00108,Secure LightManufacturing Ventures,SUCCESS,SESSION_a8c9C1
2026-06-10T05:54:11.086370,REGISTERED,SME_00109,Blue Grocery Mart,SUCCESS,SESSION_a8c9C1
2026-06-10T05:54:11.103090,REGISTERED,SME_00110,Green Accessories Textiles,SUCCESS,SESSION_a8c9C1
2026-06-10T05:54:11.134737,REGISTERED,SME_00111,Golden Restaurant Ventures,SUCCESS,SESSION_a8c9C1
2026-06-10T05:54:11.167114,REGISTERED,SME_00112,Rapid Packaging Foods,SUCCESS,SESSION_a8c9C1
2026-06-10T05:54:11.187714,REGISTERED,SME_00113,Ever LightManufacturing Hub,SUCCESS,SESSION_a8c9C1
2026-06-10T05:54:11.219073,REGISTERED,SME_00114,Ever FleetServices Mart,SUCCESS,SESSION_a8c9C1
2026-06-10T05:54:11.250466,REGISTERED,SME_00115,Golden Plastic Studio,SUCCESS,SESSION_a8c9C1
2026-06-10T05:54:11.267323,REGISTERED,SME_00116,Trust Garments Mart,SUCCESS,SESSION_a8c9C1
2026-06-10T05:54:11.301122,REGISTERED,SME_00117,Future Pharmacy Agro,SUCCESS,SESSION_a8c9C1
2026-06-10T05:54:11.333703,REGISTERED,SME_00118,Fresh Diagnostics Solutions,SUCCESS,SESSION_a8c9C1
2026-06-10T05:54:11.358203,REGISTERED,SME_00119,Bright Restaurant Textiles,SUCCESS,SESSION_a8c9C1
2026-06-10T05:54:11.389879,REGISTERED,SME_00120,Secure FleetServices Digital,SUCCESS,SESSION_a8c9C1
2026-06-10T05:54:11.400970,REGISTERED,SME_00121,Rapid Warehousing Ventures,SUCCESS,SESSION_a8c9C1
2026-06-10T05:54:11.442576,REGISTERED,SME_00122,Smart Delivery Solutions,SUCCESS,SESSION_a8c9C1
2026-06-10T05:54:11.467224,REGISTERED,SME_00123,Future Grocery Enterprises,SUCCESS,SESSION_a8c9C1
2026-06-10T05:54:11.496062,REGISTERED,SME_00124,Trust Beverage Traders,SUCCESS,SESSION_a8c9C1
2026-06-10T05:54:11.506631,REGISTERED,SME_00125,Trust Fashion Enterprises,SUCCESS,SESSION_a8c9C1
2026-06-10T05:54:11.540631,REGISTERED,SME_00126,Fresh Bakery Enterprises,SUCCESS,SESSION_a8c9C1
2026-06-10T05:54:11.569912,REGISTERED,SME_00127,Vertex ColdStorage Textiles,SUCCESS,SESSION_a8c9C1
2026-06-10T05:54:11.601057,REGISTERED,SME_00128,Alpha Grocery Partners,SUCCESS,SESSION_a8c9C1
2026-06-10T05:54:11.617183,REGISTERED,SME_00129,Alpha Electronics Foods,SUCCESS,SESSION_a8c9C1
2026-06-10T05:54:11.650963,REGISTERED,SME_00130,Ever Delivery Enterprises,SUCCESS,SESSION_a8c9C1
2026-06-10T05:54:11.682893,REGISTERED,SME_00131,Secure Plastic Digital,SUCCESS,SESSION_a8c9C1
2026-06-10T05:54:11.704604,REGISTERED,SME_00132,Prime Garments Textiles,SUCCESS,SESSION_a8c9C1
2026-06-10T05:54:11.734405,REGISTERED,SME_00133,Green Delivery Traders,SUCCESS,SESSION_a8c9C1
2026-06-10T05:54:11.767443,REGISTERED,SME_00134,Prime DairySupport Enterprises,SUCCESS,SESSION_a8c9C1
2026-06-10T05:54:11.781410,REGISTERED,SME_00135,Urban Delivery Partners,SUCCESS,SESSION_a8c9C1
2026-06-10T05:54:11.820088,REGISTERED,SME_00136,Bright Electronics Traders,SUCCESS,SESSION_a8c9C1
2026-06-10T05:54:11.835245,REGISTERED,SME_00137,Rapid Fabric Hub,SUCCESS,SESSION_a8c9C1
2026-06-10T05:54:11.867308,REGISTERED,SME_00138,Urban Beverage Care,SUCCESS,SESSION_a8c9C1
2026-06-10T05:54:11.901754,REGISTERED,SME_00139,Ever AccountingTech Solutions,SUCCESS,SESSION_a8c9C1
2026-06-10T05:54:11.917042,REGISTERED,SME_00140,Green Grocery Mart,SUCCESS,SESSION_a8c9C1
2026-06-10T05:54:11.947872,REGISTERED,SME_00141,Green Beverage Traders,SUCCESS,SESSION_a8c9C1
2026-06-10T05:54:11.985728,REGISTERED,SME_00142,Alpha Restaurant Digital,SUCCESS,SESSION_a8c9C1
2026-06-10T05:54:12.013334,REGISTERED,SME_00143,Ever Fabric Logistics,SUCCESS,SESSION_a8c9C1
2026-06-10T05:54:12.029004,REGISTERED,SME_00144,Alpha FleetServices Care,SUCCESS,SESSION_a8c9C1
2026-06-10T05:54:12.056503,REGISTERED,SME_00145,Golden Beverage Ventures,SUCCESS,SESSION_a8c9C1
2026-06-10T05:54:12.087753,REGISTERED,SME_00146,Prime MetalWorks Enterprises,SUCCESS,SESSION_a8c9C1
2026-06-10T05:54:12.117664,REGISTERED,SME_00147,Rapid DairySupport Logistics,SUCCESS,SESSION_a8c9C1
2026-06-10T05:54:12.145561,REGISTERED,SME_00148,Green Beverage Hub,SUCCESS,SESSION_a8c9C1
2026-06-10T05:54:12.174823,REGISTERED,SME_00149,Urban Bakery Logistics,SUCCESS,SESSION_a8c9C1
2026-06-10T05:54:12.203798,REGISTERED,SME_00150,Golden Electronics Partners,SUCCESS,SESSION_a8c9C1
2026-06-10T05:54:12.241319,REGISTERED,SME_00151,Future AccountingTech Mart,SUCCESS,SESSION_a8c9C1
2026-06-10T05:54:12.267544,REGISTERED,SME_00152,Urban Garments Studio,SUCCESS,SESSION_a8c9C1
2026-06-10T05:54:12.293239,REGISTERED,SME_00153,Trust Grocery Works,SUCCESS,SESSION_a8c9C1
2026-06-10T05:54:12.320598,REGISTERED,SME_00154,Future Bakery Traders,SUCCESS,SESSION_a8c9C1
2026-06-10T05:54:12.351169,REGISTERED,SME_00155,Golden Electronics Partners,SUCCESS,SESSION_a8c9C1
2026-06-10T05:54:12.367825,REGISTERED,SME_00156,Bright Warehousing Hub,SUCCESS,SESSION_a8c9C1
2026-06-10T05:54:12.400115,REGISTERED,SME_00157,Trust LightManufacturing Solutions,SUCCESS,SESSION_a8c9C1
2026-06-10T05:54:12.426534,REGISTERED,SME_00158,Blue Delivery Care,SUCCESS,SESSION_a8c9C1
2026-06-10T05:54:12.455518,REGISTERED,SME_00159,Urban Clinic Ventures,SUCCESS,SESSION_a8c9C1
2026-06-10T05:54:12.483758,REGISTERED,SME_00160,Alpha Diagnostics Agro,SUCCESS,SESSION_a8c9C1
2026-06-10T05:54:12.512561,REGISTERED,SME_00161,Nova Fashion Textiles,SUCCESS,SESSION_a8c9C1
2026-06-10T05:54:12.534289,REGISTERED,SME_00162,Rapid Garments Partners,SUCCESS,SESSION_a8c9C1
2026-06-10T05:54:12.562159,REGISTERED,SME_00163,Ever MetalWorks Studio,SUCCESS,SESSION_a8c9C1
2026-06-10T05:54:12.577338,REGISTERED,SME_00164,Smart Fashion Logistics,SUCCESS,SESSION_a8c9C1
2026-06-10T05:54:12.608817,REGISTERED,SME_00165,Rapid Restaurant Studio,SUCCESS,SESSION_a8c9C1
2026-06-10T05:54:12.632724,REGISTERED,SME_00166,Trust ColdStorage Agro,SUCCESS,SESSION_a8c9C1
2026-06-10T05:54:12.667430,REGISTERED,SME_00167,Urban SMEFinance Care,SUCCESS,SESSION_a8c9C1
2026-06-10T05:54:12.695815,REGISTERED,SME_00168,Trust AccountingTech Foods,SUCCESS,SESSION_a8c9C1
2026-06-10T05:54:12.711582,REGISTERED,SME_00169,Golden FarmInputs Traders,SUCCESS,SESSION_a8c9C1
2026-06-10T05:54:12.747933,REGISTERED,SME_00170,Nova Accessories Care,SUCCESS,SESSION_a8c9C1
2026-06-10T05:54:12.776118,REGISTERED,SME_00171,Secure Plastic Hub,SUCCESS,SESSION_a8c9C1
2026-06-10T05:54:12.800960,REGISTERED,SME_00172,Urban Beverage Agro,SUCCESS,SESSION_a8c9C1
2026-06-10T05:54:12.821080,REGISTERED,SME_00173,Urban Packaging Solutions,SUCCESS,SESSION_a8c9C1
2026-06-10T05:54:12.839833,REGISTERED,SME_00174,Smart Fabric Works,SUCCESS,SESSION_a8c9C1
2026-06-10T05:54:12.873584,REGISTERED,SME_00175,Future Fashion Foods,SUCCESS,SESSION_a8c9C1
2026-06-10T05:54:12.902854,REGISTERED,SME_00176,Fresh Fashion Works,SUCCESS,SESSION_a8c9C1
2026-06-10T05:54:12.918780,REGISTERED,SME_00177,Rapid Beverage Foods,SUCCESS,SESSION_a8c9C1
2026-06-10T05:54:12.960037,REGISTERED,SME_00178,Vertex Dyeing Agro,SUCCESS,SESSION_a8c9C1
2026-06-10T05:54:12.989296,REGISTERED,SME_00179,Golden Accessories Studio,SUCCESS,SESSION_a8c9C1
2026-06-10T05:54:13.012059,REGISTERED,SME_00180,Blue HealthServices Studio,SUCCESS,SESSION_a8c9C1
2026-06-10T05:54:13.027695,REGISTERED,SME_00181,Prime Accessories Traders,SUCCESS,SESSION_a8c9C1
2026-06-10T05:54:13.065642,REGISTERED,SME_00182,Golden Garments Ventures,SUCCESS,SESSION_a8c9C1
2026-06-10T05:54:13.089852,REGISTERED,SME_00183,Golden Bakery Hub,SUCCESS,SESSION_a8c9C1
2026-06-10T05:54:13.120905,REGISTERED,SME_00184,Vertex AgroProcessing Foods,SUCCESS,SESSION_a8c9C1
2026-06-10T05:54:13.136740,REGISTERED,SME_00185,Alpha SMEFinance Works,SUCCESS,SESSION_a8c9C1
2026-06-10T05:54:13.172444,REGISTERED,SME_00186,Prime FleetServices Logistics,SUCCESS,SESSION_a8c9C1
2026-06-10T05:54:13.201082,REGISTERED,SME_00187,Vertex AgroProcessing Hub,SUCCESS,SESSION_a8c9C1
2026-06-10T05:54:13.224588,REGISTERED,SME_00188,Ever Electronics Mart,SUCCESS,SESSION_a8c9C1
2026-06-10T05:54:13.254736,REGISTERED,SME_00189,Blue Diagnostics Ventures,SUCCESS,SESSION_a8c9C1
2026-06-10T05:54:13.277942,REGISTERED,SME_00190,Fresh Plastic Works,SUCCESS,SESSION_a8c9C1
2026-06-10T05:54:13.309434,REGISTERED,SME_00191,Trust Accessories Logistics,SUCCESS,SESSION_a8c9C1
2026-06-10T05:54:13.322019,REGISTERED,SME_00192,Trust Plastic Solutions,SUCCESS,SESSION_a8c9C1
2026-06-10T05:54:13.360549,REGISTERED,SME_00193,Blue HomeGoods Studio,SUCCESS,SESSION_a8c9C1
2026-06-10T05:54:13.377586,REGISTERED,SME_00194,Ever AccountingTech Works,SUCCESS,SESSION_a8c9C1
2026-06-10T05:54:13.417861,REGISTERED,SME_00195,Trust Grocery Studio,SUCCESS,SESSION_a8c9C1
2026-06-10T05:54:13.442315,REGISTERED,SME_00196,Prime Packaging Hub,SUCCESS,SESSION_a8c9C1
2026-06-10T05:54:13.472692,REGISTERED,SME_00197,Alpha Warehousing Agro,SUCCESS,SESSION_a8c9C1
2026-06-10T05:54:13.494152,REGISTERED,SME_00198,Green Garments Works,SUCCESS,SESSION_a8c9C1
2026-06-10T05:54:13.528850,REGISTERED,SME_00199,Smart Packaging Mart,SUCCESS,SESSION_a8c9C1
2026-06-10T05:54:13.549564,REGISTERED,SME_00200,Prime AgroProcessing Digital,SUCCESS,SESSION_a8c9C1
2026-06-10T05:54:13.568337,REGISTERED,SME_00201,Ever Payments Ventures,SUCCESS,SESSION_a8c9C1
2026-06-10T05:54:13.606513,REGISTERED,SME_00202,Smart Garments Foods,SUCCESS,SESSION_a8c9C1
2026-06-10T05:54:13.627160,REGISTERED,SME_00203,Secure Bakery Partners,SUCCESS,SESSION_a8c9C1
2026-06-10T05:54:13.663097,REGISTERED,SME_00204,Blue Electronics Solutions,SUCCESS,SESSION_a8c9C1
2026-06-10T05:54:13.678703,REGISTERED,SME_00205,Ever Electronics Digital,SUCCESS,SESSION_a8c9C1
2026-06-10T05:54:13.706484,REGISTERED,SME_00206,Nova Packaging Agro,SUCCESS,SESSION_a8c9C1
2026-06-10T05:54:13.738670,REGISTERED,SME_00207,Golden HomeGoods Foods,SUCCESS,SESSION_a8c9C1
2026-06-10T05:54:13.768647,REGISTERED,SME_00208,Nova SupplyChain Agro,SUCCESS,SESSION_a8c9C1
2026-06-10T05:54:13.786555,REGISTERED,SME_00209,Nova Electronics Hub,SUCCESS,SESSION_a8c9C1
2026-06-10T05:54:13.818284,REGISTERED,SME_00210,Fresh Beverage Solutions,SUCCESS,SESSION_a8c9C1
2026-06-10T05:54:13.845528,REGISTERED,SME_00211,Smart Clinic Studio,SUCCESS,SESSION_a8c9C1
2026-06-10T05:54:13.877689,REGISTERED,SME_00212,Bright Warehousing Care,SUCCESS,SESSION_a8c9C1
2026-06-10T05:54:13.889814,REGISTERED,SME_00213,Prime Packaging Partners,SUCCESS,SESSION_a8c9C1
2026-06-10T05:54:13.921262,REGISTERED,SME_00214,Ever Payments Logistics,SUCCESS,SESSION_a8c9C1
2026-06-10T05:54:13.955437,REGISTERED,SME_00215,Alpha HealthServices Care,SUCCESS,SESSION_a8c9C1
2026-06-10T05:54:13.990203,REGISTERED,SME_00216,Fresh Pharmacy Care,SUCCESS,SESSION_a8c9C1
2026-06-10T05:54:14.019057,REGISTERED,SME_00217,Prime HomeGoods Studio,SUCCESS,SESSION_a8c9C1
2026-06-10T05:54:14.048452,REGISTERED,SME_00218,Future Grocery Agro,SUCCESS,SESSION_a8c9C1
2026-06-10T05:54:14.076465,REGISTERED,SME_00219,Trust Accessories Foods,SUCCESS,SESSION_a8c9C1
2026-06-10T05:54:14.105579,REGISTERED,SME_00220,Urban DairySupport Foods,SUCCESS,SESSION_a8c9C1
2026-06-10T05:54:14.133234,REGISTERED,SME_00221,Rapid Plastic Foods,SUCCESS,SESSION_a8c9C1
2026-06-10T05:54:14.159023,REGISTERED,SME_00222,Urban Restaurant Textiles,SUCCESS,SESSION_a8c9C1
2026-06-10T05:54:14.182661,REGISTERED,SME_00223,Smart FleetServices Studio,SUCCESS,SESSION_a8c9C1
2026-06-10T05:54:14.221097,REGISTERED,SME_00224,Blue Fabric Studio,SUCCESS,SESSION_a8c9C1
2026-06-10T05:54:14.252791,REGISTERED,SME_00225,Rapid LightManufacturing Partners,SUCCESS,SESSION_a8c9C1
2026-06-10T05:54:14.278805,REGISTERED,SME_00226,Prime Garments Logistics,SUCCESS,SESSION_a8c9C1
2026-06-10T05:54:14.303049,REGISTERED,SME_00227,Blue Grocery Logistics,SUCCESS,SESSION_a8c9C1
2026-06-10T05:54:14.329024,REGISTERED,SME_00228,Bright Bakery Solutions,SUCCESS,SESSION_a8c9C1
2026-06-10T05:54:14.357542,REGISTERED,SME_00229,Secure Delivery Ventures,SUCCESS,SESSION_a8c9C1
2026-06-10T05:54:14.384301,REGISTERED,SME_00230,Bright HomeGoods Enterprises,SUCCESS,SESSION_a8c9C1
2026-06-10T05:54:14.403321,REGISTERED,SME_00231,Vertex Electronics Care,SUCCESS,SESSION_a8c9C1
2026-06-10T05:54:14.434720,REGISTERED,SME_00232,Urban Bakery Studio,SUCCESS,SESSION_a8c9C1
2026-06-10T05:54:14.456715,REGISTERED,SME_00233,Ever Garments Mart,SUCCESS,SESSION_a8c9C1
2026-06-10T05:54:14.489978,REGISTERED,SME_00234,Future Warehousing Digital,SUCCESS,SESSION_a8c9C1
2026-06-10T05:54:14.505148,REGISTERED,SME_00235,Golden Garments Hub,SUCCESS,SESSION_a8c9C1
2026-06-10T05:54:14.537045,REGISTERED,SME_00236,Smart Payments Foods,SUCCESS,SESSION_a8c9C1
2026-06-10T05:54:14.569301,REGISTERED,SME_00237,Secure Restaurant Logistics,SUCCESS,SESSION_a8c9C1
2026-06-10T05:54:14.598682,REGISTERED,SME_00238,Golden SMEFinance Studio,SUCCESS,SESSION_a8c9C1
2026-06-10T05:54:14.621880,REGISTERED,SME_00239,Alpha Fashion Traders,SUCCESS,SESSION_a8c9C1
2026-06-10T05:54:14.653802,REGISTERED,SME_00240,Urban Electronics Studio,SUCCESS,SESSION_a8c9C1
2026-06-10T05:54:14.682592,REGISTERED,SME_00241,Vertex Payments Works,SUCCESS,SESSION_a8c9C1
2026-06-10T05:54:14.709724,REGISTERED,SME_00242,Golden Payments Foods,SUCCESS,SESSION_a8c9C1
2026-06-10T05:54:14.741074,REGISTERED,SME_00243,Ever Packaging Ventures,SUCCESS,SESSION_a8c9C1
2026-06-10T05:54:14.769281,REGISTERED,SME_00244,Smart ProcessedFood Mart,SUCCESS,SESSION_a8c9C1
2026-06-10T05:54:14.795389,REGISTERED,SME_00245,Prime FleetServices Studio,SUCCESS,SESSION_a8c9C1
2026-06-10T05:54:14.822854,REGISTERED,SME_00246,Ever Fabric Partners,SUCCESS,SESSION_a8c9C1
2026-06-10T05:54:14.849892,REGISTERED,SME_00247,Urban FleetServices Enterprises,SUCCESS,SESSION_a8c9C1
2026-06-10T05:54:14.879410,REGISTERED,SME_00248,Urban Restaurant Enterprises,SUCCESS,SESSION_a8c9C1
2026-06-10T05:54:14.904041,REGISTERED,SME_00249,Blue ColdStorage Studio,SUCCESS,SESSION_a8c9C1
2026-06-10T05:54:14.933967,REGISTERED,SME_00250,Nova Beverage Digital,SUCCESS,SESSION_a8c9C1
2026-06-10T05:54:14.959096,REGISTERED,SME_00251,Vertex Warehousing Enterprises,SUCCESS,SESSION_a8c9C1
2026-06-10T05:54:14.973130,REGISTERED,SME_00252,Nova Dyeing Ventures,SUCCESS,SESSION_a8c9C1
2026-06-10T05:54:15.009149,REGISTERED,SME_00253,Bright Beverage Enterprises,SUCCESS,SESSION_a8c9C1
2026-06-10T05:54:15.036659,REGISTERED,SME_00254,Bright MetalWorks Works,SUCCESS,SESSION_a8c9C1
2026-06-10T05:54:15.068410,REGISTERED,SME_00255,Alpha LightManufacturing Solutions,SUCCESS,SESSION_a8c9C1
2026-06-10T05:54:15.089836,REGISTERED,SME_00256,Ever Clinic Hub,SUCCESS,SESSION_a8c9C1
2026-06-10T05:54:15.126651,REGISTERED,SME_00257,Trust SMEFinance Hub,SUCCESS,SESSION_a8c9C1
2026-06-10T05:54:15.142191,REGISTERED,SME_00258,Blue Fashion Enterprises,SUCCESS,SESSION_a8c9C1
2026-06-10T05:54:15.173143,REGISTERED,SME_00259,Smart Fashion Partners,SUCCESS,SESSION_a8c9C1
2026-06-10T05:54:15.204704,REGISTERED,SME_00260,Blue Warehousing Enterprises,SUCCESS,SESSION_a8c9C1
2026-06-10T05:54:15.226963,REGISTERED,SME_00261,Golden Grocery Traders,SUCCESS,SESSION_a8c9C1
2026-06-10T05:54:15.258563,REGISTERED,SME_00262,Smart AccountingTech Studio,SUCCESS,SESSION_a8c9C1
2026-06-10T05:54:15.274215,REGISTERED,SME_00263,Bright ColdStorage Solutions,SUCCESS,SESSION_a8c9C1
2026-06-10T05:54:15.316462,REGISTERED,SME_00264,Trust Fashion Ventures,SUCCESS,SESSION_a8c9C1
2026-06-10T05:54:15.342274,REGISTERED,SME_00265,Trust Fabric Hub,SUCCESS,SESSION_a8c9C1
2026-06-10T05:54:15.373123,REGISTERED,SME_00266,Green Grocery Solutions,SUCCESS,SESSION_a8c9C1
2026-06-10T05:54:15.404061,REGISTERED,SME_00267,Prime MetalWorks Partners,SUCCESS,SESSION_a8c9C1
2026-06-10T05:54:15.430323,REGISTERED,SME_00268,Ever Electronics Logistics,SUCCESS,SESSION_a8c9C1
2026-06-10T05:54:15.456559,REGISTERED,SME_00269,Future HomeGoods Textiles,SUCCESS,SESSION_a8c9C1
2026-06-10T05:54:15.484037,REGISTERED,SME_00270,Bright Grocery Solutions,SUCCESS,SESSION_a8c9C1
2026-06-10T05:54:15.514132,REGISTERED,SME_00271,Green Fashion Care,SUCCESS,SESSION_a8c9C1
2026-06-10T05:54:15.540802,REGISTERED,SME_00272,Alpha MetalWorks Partners,SUCCESS,SESSION_a8c9C1
2026-06-10T05:54:15.567553,REGISTERED,SME_00273,Ever Fashion Traders,SUCCESS,SESSION_a8c9C1
2026-06-10T05:54:15.595396,REGISTERED,SME_00274,Green Warehousing Care,SUCCESS,SESSION_a8c9C1
2026-06-10T05:54:15.619785,REGISTERED,SME_00275,Prime Pharmacy Studio,SUCCESS,SESSION_a8c9C1
2026-06-10T05:54:15.643436,REGISTERED,SME_00276,Fresh AgroProcessing Ventures,SUCCESS,SESSION_a8c9C1
2026-06-10T05:54:15.674754,REGISTERED,SME_00277,Rapid AgroProcessing Textiles,SUCCESS,SESSION_a8c9C1
2026-06-10T05:54:15.690533,REGISTERED,SME_00278,Prime Restaurant Foods,SUCCESS,SESSION_a8c9C1
2026-06-10T05:54:15.722082,REGISTERED,SME_00279,Smart Dyeing Hub,SUCCESS,SESSION_a8c9C1
2026-06-10T05:54:15.743681,REGISTERED,SME_00280,Nova Dyeing Hub,SUCCESS,SESSION_a8c9C1
2026-06-10T05:54:15.779397,REGISTERED,SME_00281,Fresh Electronics Hub,SUCCESS,SESSION_a8c9C1
2026-06-10T05:54:15.806591,REGISTERED,SME_00282,Secure MetalWorks Works,SUCCESS,SESSION_a8c9C1
2026-06-10T05:54:15.821529,REGISTERED,SME_00283,Nova Plastic Works,SUCCESS,SESSION_a8c9C1
2026-06-10T05:54:15.850945,REGISTERED,SME_00284,Prime MetalWorks Digital,SUCCESS,SESSION_a8c9C1
2026-06-10T05:54:15.882851,REGISTERED,SME_00285,Smart SupplyChain Mart,SUCCESS,SESSION_a8c9C1
2026-06-10T05:54:15.914463,REGISTERED,SME_00286,Alpha ProcessedFood Foods,SUCCESS,SESSION_a8c9C1
2026-06-10T05:54:15.938857,REGISTERED,SME_00287,Future Fashion Mart,SUCCESS,SESSION_a8c9C1
2026-06-10T05:54:15.960771,REGISTERED,SME_00288,Golden AgroProcessing Ventures,SUCCESS,SESSION_a8c9C1
2026-06-10T05:54:15.996769,REGISTERED,SME_00289,Secure Beverage Foods,SUCCESS,SESSION_a8c9C1
2026-06-10T05:54:16.032704,REGISTERED,SME_00290,Future Grocery Studio,SUCCESS,SESSION_a8c9C1
2026-06-10T05:54:16.057507,REGISTERED,SME_00291,Secure Payments Studio,SUCCESS,SESSION_a8c9C1
2026-06-10T05:54:16.077389,REGISTERED,SME_00292,Bright Fashion Solutions,SUCCESS,SESSION_a8c9C1
2026-06-10T05:54:16.114551,REGISTERED,SME_00293,Green Dyeing Ventures,SUCCESS,SESSION_a8c9C1
2026-06-10T05:54:16.139052,REGISTERED,SME_00294,Green Electronics Logistics,SUCCESS,SESSION_a8c9C1
2026-06-10T05:54:16.169856,REGISTERED,SME_00295,Ever LendingTech Hub,SUCCESS,SESSION_a8c9C1
2026-06-10T05:54:16.196763,REGISTERED,SME_00296,Trust Fabric Solutions,SUCCESS,SESSION_a8c9C1
2026-06-10T05:54:16.224978,REGISTERED,SME_00297,Rapid Accessories Studio,SUCCESS,SESSION_a8c9C1
2026-06-10T05:54:16.245352,REGISTERED,SME_00298,Urban SMEFinance Agro,SUCCESS,SESSION_a8c9C1
2026-06-10T05:54:16.275547,REGISTERED,SME_00299,Ever Payments Logistics,SUCCESS,SESSION_a8c9C1
2026-06-10T05:54:16.291560,REGISTERED,SME_00300,Prime Delivery Agro,SUCCESS,SESSION_a8c9C1
2026-06-10T05:54:16.323323,REGISTERED,SME_00301,Green Payments Hub,SUCCESS,SESSION_a8c9C1
2026-06-10T05:54:16.367055,REGISTERED,SME_00302,Smart Electronics Textiles,SUCCESS,SESSION_a8c9C1
2026-06-10T05:54:16.389785,REGISTERED,SME_00303,Future Bakery Hub,SUCCESS,SESSION_a8c9C1
2026-06-10T05:54:16.419392,REGISTERED,SME_00304,Ever ProcessedFood Textiles,SUCCESS,SESSION_a8c9C1
2026-06-10T05:54:16.444688,REGISTERED,SME_00305,Urban Fabric Traders,SUCCESS,SESSION_a8c9C1
2026-06-10T05:54:16.470595,REGISTERED,SME_00306,Prime Beverage Solutions,SUCCESS,SESSION_a8c9C1
2026-06-10T05:54:16.498816,REGISTERED,SME_00307,Ever FarmInputs Hub,SUCCESS,SESSION_a8c9C1
2026-06-10T05:54:16.514804,REGISTERED,SME_00308,Rapid Delivery Foods,SUCCESS,SESSION_a8c9C1
2026-06-10T05:54:16.552280,REGISTERED,SME_00309,Prime MetalWorks Partners,SUCCESS,SESSION_a8c9C1
2026-06-10T05:54:16.578561,REGISTERED,SME_00310,Prime Grocery Partners,SUCCESS,SESSION_a8c9C1
2026-06-10T05:54:16.608828,REGISTERED,SME_00311,Nova Bakery Foods,SUCCESS,SESSION_a8c9C1
2026-06-10T05:54:16.637191,REGISTERED,SME_00312,Green ProcessedFood Mart,SUCCESS,SESSION_a8c9C1
2026-06-10T05:54:16.664819,REGISTERED,SME_00313,Vertex Plastic Care,SUCCESS,SESSION_a8c9C1
2026-06-10T05:54:16.692638,REGISTERED,SME_00314,Secure FarmInputs Traders,SUCCESS,SESSION_a8c9C1
2026-06-10T05:54:16.719425,REGISTERED,SME_00315,Ever AgroProcessing Digital,SUCCESS,SESSION_a8c9C1
2026-06-10T05:54:16.745186,REGISTERED,SME_00316,Urban ColdStorage Mart,SUCCESS,SESSION_a8c9C1
2026-06-10T05:54:16.770648,REGISTERED,SME_00317,Alpha DairySupport Solutions,SUCCESS,SESSION_a8c9C1
2026-06-10T05:54:16.802102,REGISTERED,SME_00318,Green Diagnostics Agro,SUCCESS,SESSION_a8c9C1
2026-06-10T05:54:16.821763,REGISTERED,SME_00319,Blue Plastic Textiles,SUCCESS,SESSION_a8c9C1
2026-06-10T05:54:16.853135,REGISTERED,SME_00320,Future Fabric Care,SUCCESS,SESSION_a8c9C1
2026-06-10T05:54:16.870908,REGISTERED,SME_00321,Blue Fabric Foods,SUCCESS,SESSION_a8c9C1
2026-06-10T05:54:16.906442,REGISTERED,SME_00322,Golden Beverage Textiles,SUCCESS,SESSION_a8c9C1
2026-06-10T05:54:16.922165,REGISTERED,SME_00323,Ever AgroProcessing Enterprises,SUCCESS,SESSION_a8c9C1
2026-06-10T05:54:16.954219,REGISTERED,SME_00324,Ever Restaurant Digital,SUCCESS,SESSION_a8c9C1
2026-06-10T05:54:16.985898,REGISTERED,SME_00325,Vertex LendingTech Mart,SUCCESS,SESSION_a8c9C1
2026-06-10T05:54:17.011989,REGISTERED,SME_00326,Green SupplyChain Care,SUCCESS,SESSION_a8c9C1
2026-06-10T05:54:17.027797,REGISTERED,SME_00327,Nova AccountingTech Care,SUCCESS,SESSION_a8c9C1
2026-06-10T05:54:17.059294,REGISTERED,SME_00328,Future ProcessedFood Care,SUCCESS,SESSION_a8c9C1
2026-06-10T05:54:17.094388,REGISTERED,SME_00329,Bright Warehousing Logistics,SUCCESS,SESSION_a8c9C1
2026-06-10T05:54:17.122078,REGISTERED,SME_00330,Alpha LightManufacturing Mart,SUCCESS,SESSION_a8c9C1
2026-06-10T05:54:17.150365,REGISTERED,SME_00331,Prime HealthServices Agro,SUCCESS,SESSION_a8c9C1
2026-06-10T05:54:17.189695,REGISTERED,SME_00332,Green LightManufacturing Agro,SUCCESS,SESSION_a8c9C1
2026-06-10T05:54:17.206460,REGISTERED,SME_00333,Future HealthServices Enterprises,SUCCESS,SESSION_a8c9C1
2026-06-10T05:54:17.243304,REGISTERED,SME_00334,Rapid Fabric Logistics,SUCCESS,SESSION_a8c9C1
2026-06-10T05:54:17.270959,REGISTERED,SME_00335,Prime Electronics Digital,SUCCESS,SESSION_a8c9C1
2026-06-10T05:54:17.293735,REGISTERED,SME_00336,Vertex SupplyChain Hub,SUCCESS,SESSION_a8c9C1
2026-06-10T05:54:17.311977,REGISTERED,SME_00337,Ever Grocery Solutions,SUCCESS,SESSION_a8c9C1
2026-06-10T05:54:17.345284,REGISTERED,SME_00338,Nova Pharmacy Enterprises,SUCCESS,SESSION_a8c9C1
2026-06-10T05:54:17.372084,REGISTERED,SME_00339,Green Electronics Traders,SUCCESS,SESSION_a8c9C1
2026-06-10T05:54:17.406517,REGISTERED,SME_00340,Golden Fabric Textiles,SUCCESS,SESSION_a8c9C1
2026-06-10T05:54:17.425400,REGISTERED,SME_00341,Rapid Fashion Logistics,SUCCESS,SESSION_a8c9C1
2026-06-10T05:54:17.450867,REGISTERED,SME_00342,Trust Fabric Textiles,SUCCESS,SESSION_a8c9C1
2026-06-10T05:54:17.473101,REGISTERED,SME_00343,Green SMEFinance Foods,SUCCESS,SESSION_a8c9C1
2026-06-10T05:54:17.510301,REGISTERED,SME_00344,Prime FleetServices Care,SUCCESS,SESSION_a8c9C1
2026-06-10T05:54:17.532169,REGISTERED,SME_00345,Green LendingTech Mart,SUCCESS,SESSION_a8c9C1
2026-06-10T05:54:17.561943,REGISTERED,SME_00346,Rapid Payments Hub,SUCCESS,SESSION_a8c9C1
2026-06-10T05:54:17.589763,REGISTERED,SME_00347,Golden Dyeing Traders,SUCCESS,SESSION_a8c9C1
2026-06-10T05:54:17.615924,REGISTERED,SME_00348,Vertex MetalWorks Agro,SUCCESS,SESSION_a8c9C1
2026-06-10T05:54:17.631352,REGISTERED,SME_00349,Secure SupplyChain Care,SUCCESS,SESSION_a8c9C1
2026-06-10T05:54:17.678546,REGISTERED,SME_00350,Secure Grocery Traders,SUCCESS,SESSION_a8c9C1
2026-06-10T05:54:17.706412,REGISTERED,SME_00351,Vertex Delivery Logistics,SUCCESS,SESSION_a8c9C1
2026-06-10T05:54:17.734211,REGISTERED,SME_00352,Vertex LightManufacturing Foods,SUCCESS,SESSION_a8c9C1
2026-06-10T05:54:17.771332,REGISTERED,SME_00353,Prime ProcessedFood Works,SUCCESS,SESSION_a8c9C1
2026-06-10T05:54:17.783620,REGISTERED,SME_00354,Golden Warehousing Logistics,SUCCESS,SESSION_a8c9C1
2026-06-10T05:54:17.821013,REGISTERED,SME_00355,Fresh ProcessedFood Textiles,SUCCESS,SESSION_a8c9C1
2026-06-10T05:54:17.836392,REGISTERED,SME_00356,Trust Bakery Mart,SUCCESS,SESSION_a8c9C1
2026-06-10T05:54:17.871396,REGISTERED,SME_00357,Prime Clinic Traders,SUCCESS,SESSION_a8c9C1
2026-06-10T05:54:17.905385,REGISTERED,SME_00358,Golden SMEFinance Foods,SUCCESS,SESSION_a8c9C1
2026-06-10T05:54:17.926310,REGISTERED,SME_00359,Prime ProcessedFood Digital,SUCCESS,SESSION_a8c9C1
2026-06-10T05:54:17.959477,REGISTERED,SME_00360,Ever FleetServices Enterprises,SUCCESS,SESSION_a8c9C1
2026-06-10T05:54:17.973033,REGISTERED,SME_00361,Future Accessories Foods,SUCCESS,SESSION_a8c9C1
2026-06-10T05:54:18.014368,REGISTERED,SME_00362,Trust Fashion Enterprises,SUCCESS,SESSION_a8c9C1
2026-06-10T05:54:18.026581,REGISTERED,SME_00363,Golden HomeGoods Digital,SUCCESS,SESSION_a8c9C1
2026-06-10T05:54:18.057727,REGISTERED,SME_00364,Alpha Electronics Agro,SUCCESS,SESSION_a8c9C1
2026-06-10T05:54:18.089221,REGISTERED,SME_00365,Prime FleetServices Logistics,SUCCESS,SESSION_a8c9C1
2026-06-10T05:54:18.116570,REGISTERED,SME_00366,Smart Bakery Mart,SUCCESS,SESSION_a8c9C1
2026-06-10T05:54:18.148183,REGISTERED,SME_00367,Urban SMEFinance Partners,SUCCESS,SESSION_a8c9C1
2026-06-10T05:54:18.173621,REGISTERED,SME_00368,Rapid Delivery Foods,SUCCESS,SESSION_a8c9C1
2026-06-10T05:54:18.195422,REGISTERED,SME_00369,Golden FarmInputs Traders,SUCCESS,SESSION_a8c9C1
2026-06-10T05:54:18.231642,REGISTERED,SME_00370,Rapid Dyeing Works,SUCCESS,SESSION_a8c9C1
2026-06-10T05:54:18.258451,REGISTERED,SME_00371,Fresh HealthServices Agro,SUCCESS,SESSION_a8c9C1
2026-06-10T05:54:18.285098,REGISTERED,SME_00372,Alpha LightManufacturing Studio,SUCCESS,SESSION_a8c9C1
2026-06-10T05:54:18.310100,REGISTERED,SME_00373,Smart ColdStorage Agro,SUCCESS,SESSION_a8c9C1
2026-06-10T05:54:18.336202,REGISTERED,SME_00374,Future ColdStorage Mart,SUCCESS,SESSION_a8c9C1
2026-06-10T05:54:18.364071,REGISTERED,SME_00375,Golden Fashion Solutions,SUCCESS,SESSION_a8c9C1
2026-06-10T05:54:18.391797,REGISTERED,SME_00376,Golden Grocery Enterprises,SUCCESS,SESSION_a8c9C1
2026-06-10T05:54:18.418554,REGISTERED,SME_00377,Rapid Dyeing Logistics,SUCCESS,SESSION_a8c9C1
2026-06-10T05:54:18.445311,REGISTERED,SME_00378,Green Beverage Partners,SUCCESS,SESSION_a8c9C1
2026-06-10T05:54:18.473695,REGISTERED,SME_00379,Green ColdStorage Partners,SUCCESS,SESSION_a8c9C1
2026-06-10T05:54:18.501968,REGISTERED,SME_00380,Smart HealthServices Traders,SUCCESS,SESSION_a8c9C1
2026-06-10T05:54:18.525099,REGISTERED,SME_00381,Ever ProcessedFood Ventures,SUCCESS,SESSION_a8c9C1
2026-06-10T05:54:18.552878,REGISTERED,SME_00382,Secure Fabric Textiles,SUCCESS,SESSION_a8c9C1
2026-06-10T05:54:18.579791,REGISTERED,SME_00383,Urban AccountingTech Solutions,SUCCESS,SESSION_a8c9C1
2026-06-10T05:54:18.607606,REGISTERED,SME_00384,Vertex Beverage Enterprises,SUCCESS,SESSION_a8c9C1
2026-06-10T05:54:18.639945,REGISTERED,SME_00385,Blue DairySupport Studio,SUCCESS,SESSION_a8c9C1
2026-06-10T05:54:18.664169,REGISTERED,SME_00386,Golden Fabric Foods,SUCCESS,SESSION_a8c9C1
2026-06-10T05:54:18.690761,REGISTERED,SME_00387,Alpha Pharmacy Enterprises,SUCCESS,SESSION_a8c9C1
2026-06-10T05:54:18.717546,REGISTERED,SME_00388,Trust Accessories Hub,SUCCESS,SESSION_a8c9C1
2026-06-10T05:54:18.746313,REGISTERED,SME_00389,Secure Fashion Hub,SUCCESS,SESSION_a8c9C1
2026-06-10T05:54:18.774098,REGISTERED,SME_00390,Urban Dyeing Solutions,SUCCESS,SESSION_a8c9C1
2026-06-10T05:54:18.797301,REGISTERED,SME_00391,Smart FleetServices Traders,SUCCESS,SESSION_a8c9C1
2026-06-10T05:54:18.824108,REGISTERED,SME_00392,Alpha Electronics Care,SUCCESS,SESSION_a8c9C1
2026-06-10T05:54:18.851973,REGISTERED,SME_00393,Trust SupplyChain Enterprises,SUCCESS,SESSION_a8c9C1
2026-06-10T05:54:18.886269,REGISTERED,SME_00394,Urban Pharmacy Partners,SUCCESS,SESSION_a8c9C1
2026-06-10T05:54:18.913993,REGISTERED,SME_00395,Vertex HomeGoods Ventures,SUCCESS,SESSION_a8c9C1
2026-06-10T05:54:18.939755,REGISTERED,SME_00396,Prime Beverage Enterprises,SUCCESS,SESSION_a8c9C1
2026-06-10T05:54:18.963972,REGISTERED,SME_00397,Future SMEFinance Traders,SUCCESS,SESSION_a8c9C1
2026-06-10T05:54:18.991772,REGISTERED,SME_00398,Ever Plastic Hub,SUCCESS,SESSION_a8c9C1
2026-06-10T05:54:19.019563,REGISTERED,SME_00399,Rapid Beverage Solutions,SUCCESS,SESSION_a8c9C1
2026-06-10T05:54:19.072021,REGISTERED,SME_00400,Alpha Restaurant Traders,SUCCESS,SESSION_a8c9C1
2026-06-10T05:54:19.101080,REGISTERED,SME_00401,Smart LightManufacturing Mart,SUCCESS,SESSION_a8c9C1
2026-06-10T05:54:19.129735,REGISTERED,SME_00402,Rapid Dyeing Care,SUCCESS,SESSION_a8c9C1
2026-06-10T05:54:19.150718,REGISTERED,SME_00403,Smart LendingTech Traders,SUCCESS,SESSION_a8c9C1
2026-06-10T05:54:19.176540,REGISTERED,SME_00404,Bright Fashion Digital,SUCCESS,SESSION_a8c9C1
2026-06-10T05:54:19.207800,REGISTERED,SME_00405,Rapid Fabric Solutions,SUCCESS,SESSION_a8c9C1
2026-06-10T05:54:19.223852,REGISTERED,SME_00406,Trust Dyeing Studio,SUCCESS,SESSION_a8c9C1
2026-06-10T05:54:19.255466,REGISTERED,SME_00407,Vertex Plastic Hub,SUCCESS,SESSION_a8c9C1
2026-06-10T05:54:19.277188,REGISTERED,SME_00408,Bright AccountingTech Studio,SUCCESS,SESSION_a8c9C1
2026-06-10T05:54:19.306506,REGISTERED,SME_00409,Prime Electronics Agro,SUCCESS,SESSION_a8c9C1
2026-06-10T05:54:19.337448,REGISTERED,SME_00410,Trust Garments Textiles,SUCCESS,SESSION_a8c9C1
2026-06-10T05:54:19.353090,REGISTERED,SME_00411,Prime Delivery Partners,SUCCESS,SESSION_a8c9C1
2026-06-10T05:54:19.387079,REGISTERED,SME_00412,Smart Warehousing Partners,SUCCESS,SESSION_a8c9C1
2026-06-10T05:54:19.414221,REGISTERED,SME_00413,Rapid HomeGoods Ventures,SUCCESS,SESSION_a8c9C1
2026-06-10T05:54:19.446178,REGISTERED,SME_00414,Vertex Garments Solutions,SUCCESS,SESSION_a8c9C1
2026-06-10T05:54:19.472373,REGISTERED,SME_00415,Golden HomeGoods Ventures,SUCCESS,SESSION_a8c9C1
2026-06-10T05:54:19.498119,REGISTERED,SME_00416,Smart Packaging Solutions,SUCCESS,SESSION_a8c9C1
2026-06-10T05:54:19.528757,REGISTERED,SME_00417,Vertex Electronics Traders,SUCCESS,SESSION_a8c9C1
2026-06-10T05:54:19.543956,REGISTERED,SME_00418,Future SMEFinance Digital,SUCCESS,SESSION_a8c9C1
2026-06-10T05:54:19.575391,REGISTERED,SME_00419,Secure Packaging Works,SUCCESS,SESSION_a8c9C1
2026-06-10T05:54:19.603652,REGISTERED,SME_00420,Green Accessories Solutions,SUCCESS,SESSION_a8c9C1
2026-06-10T05:54:19.636681,REGISTERED,SME_00421,Alpha Warehousing Foods,SUCCESS,SESSION_a8c9C1
2026-06-10T05:54:19.655857,REGISTERED,SME_00422,Prime Electronics Hub,SUCCESS,SESSION_a8c9C1
2026-06-10T05:54:19.692014,REGISTERED,SME_00423,Fresh Fashion Care,SUCCESS,SESSION_a8c9C1
2026-06-10T05:54:19.719122,REGISTERED,SME_00424,Secure Fashion Partners,SUCCESS,SESSION_a8c9C1
2026-06-10T05:54:19.739730,REGISTERED,SME_00425,Fresh SupplyChain Ventures,SUCCESS,SESSION_a8c9C1
2026-06-10T05:54:19.772620,REGISTERED,SME_00426,Golden AccountingTech Mart,SUCCESS,SESSION_a8c9C1
2026-06-10T05:54:19.803127,REGISTERED,SME_00427,Vertex Plastic Textiles,SUCCESS,SESSION_a8c9C1
2026-06-10T05:54:19.823165,REGISTERED,SME_00428,Blue SMEFinance Studio,SUCCESS,SESSION_a8c9C1
2026-06-10T05:54:19.850307,REGISTERED,SME_00429,Future Fashion Agro,SUCCESS,SESSION_a8c9C1
2026-06-10T05:54:19.880613,REGISTERED,SME_00430,Golden AccountingTech Digital,SUCCESS,SESSION_a8c9C1
2026-06-10T05:54:19.904539,REGISTERED,SME_00431,Urban Garments Foods,SUCCESS,SESSION_a8c9C1
2026-06-10T05:54:19.920547,REGISTERED,SME_00432,Alpha SMEFinance Mart,SUCCESS,SESSION_a8c9C1
2026-06-10T05:54:19.950900,REGISTERED,SME_00433,Bright Diagnostics Textiles,SUCCESS,SESSION_a8c9C1
2026-06-10T05:54:19.973053,REGISTERED,SME_00434,Prime SMEFinance Digital,SUCCESS,SESSION_a8c9C1
2026-06-10T05:54:20.009617,REGISTERED,SME_00435,Golden Grocery Logistics,SUCCESS,SESSION_a8c9C1
2026-06-10T05:54:20.039703,REGISTERED,SME_00436,Blue Packaging Mart,SUCCESS,SESSION_a8c9C1
2026-06-10T05:54:20.063054,REGISTERED,SME_00437,Fresh HomeGoods Mart,SUCCESS,SESSION_a8c9C1
2026-06-10T05:54:20.100156,REGISTERED,SME_00438,Prime Beverage Ventures,SUCCESS,SESSION_a8c9C1
2026-06-10T05:54:20.134752,REGISTERED,SME_00439,Prime Diagnostics Solutions,SUCCESS,SESSION_a8c9C1
2026-06-10T05:54:20.164912,REGISTERED,SME_00440,Urban SupplyChain Agro,SUCCESS,SESSION_a8c9C1
2026-06-10T05:54:20.189264,REGISTERED,SME_00441,Smart Accessories Enterprises,SUCCESS,SESSION_a8c9C1
2026-06-10T05:54:20.217994,REGISTERED,SME_00442,Rapid Grocery Mart,SUCCESS,SESSION_a8c9C1
2026-06-10T05:54:20.242228,REGISTERED,SME_00443,Ever Diagnostics Ventures,SUCCESS,SESSION_a8c9C1
2026-06-10T05:54:20.273073,REGISTERED,SME_00444,Trust MetalWorks Traders,SUCCESS,SESSION_a8c9C1
2026-06-10T05:54:20.286467,REGISTERED,SME_00445,Vertex Packaging Hub,SUCCESS,SESSION_a8c9C1
2026-06-10T05:54:20.320307,REGISTERED,SME_00446,Fresh Diagnostics Ventures,SUCCESS,SESSION_a8c9C1
2026-06-10T05:54:20.350717,REGISTERED,SME_00447,Rapid Dyeing Logistics,SUCCESS,SESSION_a8c9C1
2026-06-10T05:54:20.377641,REGISTERED,SME_00448,Urban SupplyChain Care,SUCCESS,SESSION_a8c9C1
2026-06-10T05:54:20.410071,REGISTERED,SME_00449,Nova Fashion Agro,SUCCESS,SESSION_a8c9C1
2026-06-10T05:54:20.435330,REGISTERED,SME_00450,Golden FleetServices Textiles,SUCCESS,SESSION_a8c9C1
2026-06-10T05:54:20.466736,REGISTERED,SME_00451,Smart Electronics Textiles,SUCCESS,SESSION_a8c9C1
2026-06-10T05:54:20.496215,REGISTERED,SME_00452,Urban Dyeing Care,SUCCESS,SESSION_a8c9C1
2026-06-10T05:54:20.526956,REGISTERED,SME_00453,Future Pharmacy Solutions,SUCCESS,SESSION_a8c9C1
2026-06-10T05:54:20.544776,REGISTERED,SME_00454,Future MetalWorks Logistics,SUCCESS,SESSION_a8c9C1
2026-06-10T05:54:20.575269,REGISTERED,SME_00455,Blue Fashion Digital,SUCCESS,SESSION_a8c9C1
2026-06-10T05:54:20.604859,REGISTERED,SME_00456,Nova Plastic Partners,SUCCESS,SESSION_a8c9C1
2026-06-10T05:54:20.626678,REGISTERED,SME_00457,Urban Fabric Hub,SUCCESS,SESSION_a8c9C1
2026-06-10T05:54:20.660418,REGISTERED,SME_00458,Fresh Restaurant Hub,SUCCESS,SESSION_a8c9C1
2026-06-10T05:54:20.680858,REGISTERED,SME_00459,Blue SMEFinance Care,SUCCESS,SESSION_a8c9C1
2026-06-10T05:54:20.712505,REGISTERED,SME_00460,Fresh Warehousing Enterprises,SUCCESS,SESSION_a8c9C1
2026-06-10T05:54:20.738831,REGISTERED,SME_00461,Secure Warehousing Mart,SUCCESS,SESSION_a8c9C1
2026-06-10T05:54:20.761295,REGISTERED,SME_00462,Nova Fashion Textiles,SUCCESS,SESSION_a8c9C1
2026-06-10T05:54:20.793047,REGISTERED,SME_00463,Fresh Accessories Textiles,SUCCESS,SESSION_a8c9C1
2026-06-10T05:54:20.814323,REGISTERED,SME_00464,Golden Packaging Care,SUCCESS,SESSION_a8c9C1
2026-06-10T05:54:20.847811,REGISTERED,SME_00465,Smart FleetServices Agro,SUCCESS,SESSION_a8c9C1
2026-06-10T05:54:20.873133,REGISTERED,SME_00466,Secure HealthServices Solutions,SUCCESS,SESSION_a8c9C1
2026-06-10T05:54:20.906226,REGISTERED,SME_00467,Vertex SupplyChain Studio,SUCCESS,SESSION_a8c9C1
2026-06-10T05:54:20.918472,REGISTERED,SME_00468,Vertex Garments Hub,SUCCESS,SESSION_a8c9C1
2026-06-10T05:54:20.960429,REGISTERED,SME_00469,Urban Electronics Partners,SUCCESS,SESSION_a8c9C1
2026-06-10T05:54:20.977445,REGISTERED,SME_00470,Smart Beverage Textiles,SUCCESS,SESSION_a8c9C1
2026-06-10T05:54:21.009103,REGISTERED,SME_00471,Rapid DairySupport Logistics,SUCCESS,SESSION_a8c9C1
2026-06-10T05:54:21.043404,REGISTERED,SME_00472,Secure Bakery Agro,SUCCESS,SESSION_a8c9C1
2026-06-10T05:54:21.056339,REGISTERED,SME_00473,Prime HomeGoods Agro,SUCCESS,SESSION_a8c9C1
2026-06-10T05:54:21.094758,REGISTERED,SME_00474,Ever HomeGoods Enterprises,SUCCESS,SESSION_a8c9C1
2026-06-10T05:54:21.130491,REGISTERED,SME_00475,Blue LightManufacturing Digital,SUCCESS,SESSION_a8c9C1
2026-06-10T05:54:21.168648,REGISTERED,SME_00476,Trust MetalWorks Partners,SUCCESS,SESSION_a8c9C1
2026-06-10T05:54:21.187103,REGISTERED,SME_00477,Green ProcessedFood Digital,SUCCESS,SESSION_a8c9C1
2026-06-10T05:54:21.220156,REGISTERED,SME_00478,Smart SupplyChain Care,SUCCESS,SESSION_a8c9C1
2026-06-10T05:54:21.246463,REGISTERED,SME_00479,Secure SupplyChain Hub,SUCCESS,SESSION_a8c9C1
2026-06-10T05:54:21.278603,REGISTERED,SME_00480,Secure Restaurant Traders,SUCCESS,SESSION_a8c9C1
2026-06-10T05:54:21.308289,REGISTERED,SME_00481,Smart DairySupport Logistics,SUCCESS,SESSION_a8c9C1
2026-06-10T05:54:21.324046,REGISTERED,SME_00482,Fresh Plastic Partners,SUCCESS,SESSION_a8c9C1
2026-06-10T05:54:21.357189,REGISTERED,SME_00483,Green FleetServices Works,SUCCESS,SESSION_a8c9C1
2026-06-10T05:54:21.382660,REGISTERED,SME_00484,Bright DairySupport Hub,SUCCESS,SESSION_a8c9C1
2026-06-10T05:54:21.413837,REGISTERED,SME_00485,Nova HomeGoods Traders,SUCCESS,SESSION_a8c9C1
2026-06-10T05:54:21.438870,REGISTERED,SME_00486,Prime Bakery Traders,SUCCESS,SESSION_a8c9C1
2026-06-10T05:54:21.474112,REGISTERED,SME_00487,Vertex Beverage Mart,SUCCESS,SESSION_a8c9C1
2026-06-10T05:54:21.489667,REGISTERED,SME_00488,Ever MetalWorks Traders,SUCCESS,SESSION_a8c9C1
2026-06-10T05:54:21.517487,REGISTERED,SME_00489,Green SupplyChain Enterprises,SUCCESS,SESSION_a8c9C1
2026-06-10T05:54:21.549323,REGISTERED,SME_00490,Secure Restaurant Mart,SUCCESS,SESSION_a8c9C1
2026-06-10T05:54:21.580639,REGISTERED,SME_00491,Fresh HealthServices Partners,SUCCESS,SESSION_a8c9C1
2026-06-10T05:54:21.603008,REGISTERED,SME_00492,Vertex Warehousing Works,SUCCESS,SESSION_a8c9C1
2026-06-10T05:54:21.639749,REGISTERED,SME_00493,Ever Delivery Solutions,SUCCESS,SESSION_a8c9C1
2026-06-10T05:54:21.668426,REGISTERED,SME_00494,Trust DairySupport Enterprises,SUCCESS,SESSION_a8c9C1
2026-06-10T05:54:21.696489,REGISTERED,SME_00495,Green Payments Textiles,SUCCESS,SESSION_a8c9C1
2026-06-10T05:54:21.723347,REGISTERED,SME_00496,Rapid Bakery Hub,SUCCESS,SESSION_a8c9C1
2026-06-10T05:54:21.752213,REGISTERED,SME_00497,Nova Beverage Agro,SUCCESS,SESSION_a8c9C1
2026-06-10T05:54:21.779775,REGISTERED,SME_00498,Urban Warehousing Partners,SUCCESS,SESSION_a8c9C1
2026-06-10T05:54:21.807340,REGISTERED,SME_00499,Prime DairySupport Works,SUCCESS,SESSION_a8c9C1
2026-06-10T05:54:21.828573,REGISTERED,SME_00500,Trust Restaurant Solutions,SUCCESS,SESSION_a8c9C1
2026-06-10T05:54:21.851674,REGISTERED,SME_00501,Prime Clinic Works,SUCCESS,SESSION_a8c9C1
2026-06-10T05:54:21.891921,REGISTERED,SME_00502,Golden Dyeing Enterprises,SUCCESS,SESSION_a8c9C1
2026-06-10T05:54:21.919945,REGISTERED,SME_00503,Vertex Accessories Hub,SUCCESS,SESSION_a8c9C1
2026-06-10T05:54:21.942257,REGISTERED,SME_00504,Secure ProcessedFood Mart,SUCCESS,SESSION_a8c9C1
2026-06-10T05:54:21.974569,REGISTERED,SME_00505,Rapid Restaurant Studio,SUCCESS,SESSION_a8c9C1
2026-06-10T05:54:21.993344,REGISTERED,SME_00506,Smart SMEFinance Solutions,SUCCESS,SESSION_a8c9C1
2026-06-10T05:54:22.036004,REGISTERED,SME_00507,Trust ColdStorage Studio,SUCCESS,SESSION_a8c9C1
2026-06-10T05:54:22.063312,REGISTERED,SME_00508,Future LendingTech Mart,SUCCESS,SESSION_a8c9C1
2026-06-10T05:54:22.091088,REGISTERED,SME_00509,Smart Beverage Traders,SUCCESS,SESSION_a8c9C1
2026-06-10T05:54:22.122501,REGISTERED,SME_00510,Secure Grocery Traders,SUCCESS,SESSION_a8c9C1
2026-06-10T05:54:22.152992,REGISTERED,SME_00511,Secure HomeGoods Ventures,SUCCESS,SESSION_a8c9C1
2026-06-10T05:54:22.178584,REGISTERED,SME_00512,Trust LendingTech Hub,SUCCESS,SESSION_a8c9C1
2026-06-10T05:54:22.207896,REGISTERED,SME_00513,Rapid Fashion Mart,SUCCESS,SESSION_a8c9C1
2026-06-10T05:54:22.225636,REGISTERED,SME_00514,Urban Packaging Logistics,SUCCESS,SESSION_a8c9C1
2026-06-10T05:54:22.257146,REGISTERED,SME_00515,Secure AgroProcessing Solutions,SUCCESS,SESSION_a8c9C1
2026-06-10T05:54:22.284141,REGISTERED,SME_00516,Vertex LightManufacturing Foods,SUCCESS,SESSION_a8c9C1
2026-06-10T05:54:22.311921,REGISTERED,SME_00517,Smart ColdStorage Studio,SUCCESS,SESSION_a8c9C1
2026-06-10T05:54:22.339029,REGISTERED,SME_00518,Alpha Diagnostics Traders,SUCCESS,SESSION_a8c9C1
2026-06-10T05:54:22.370488,REGISTERED,SME_00519,Vertex Fashion Partners,SUCCESS,SESSION_a8c9C1
2026-06-10T05:54:22.399348,REGISTERED,SME_00520,Blue Payments Studio,SUCCESS,SESSION_a8c9C1
2026-06-10T05:54:22.423058,REGISTERED,SME_00521,Golden Garments Logistics,SUCCESS,SESSION_a8c9C1
2026-06-10T05:54:22.444518,REGISTERED,SME_00522,Smart FarmInputs Hub,SUCCESS,SESSION_a8c9C1
2026-06-10T05:54:22.480369,REGISTERED,SME_00523,Rapid Electronics Partners,SUCCESS,SESSION_a8c9C1
2026-06-10T05:54:22.500046,REGISTERED,SME_00524,Rapid Delivery Works,SUCCESS,SESSION_a8c9C1
2026-06-10T05:54:22.536695,REGISTERED,SME_00525,Green Electronics Hub,SUCCESS,SESSION_a8c9C1
2026-06-10T05:54:22.563459,REGISTERED,SME_00526,Nova FarmInputs Works,SUCCESS,SESSION_a8c9C1
2026-06-10T05:54:22.596233,REGISTERED,SME_00527,Prime Fabric Solutions,SUCCESS,SESSION_a8c9C1
2026-06-10T05:54:22.623114,REGISTERED,SME_00528,Green Accessories Textiles,SUCCESS,SESSION_a8c9C1
2026-06-10T05:54:22.652187,REGISTERED,SME_00529,Fresh Payments Works,SUCCESS,SESSION_a8c9C1
2026-06-10T05:54:22.678104,REGISTERED,SME_00530,Blue FarmInputs Foods,SUCCESS,SESSION_a8c9C1
2026-06-10T05:54:22.694056,REGISTERED,SME_00531,Green HealthServices Ventures,SUCCESS,SESSION_a8c9C1
2026-06-10T05:54:22.726965,REGISTERED,SME_00532,Bright Pharmacy Solutions,SUCCESS,SESSION_a8c9C1
2026-06-10T05:54:22.757807,REGISTERED,SME_00533,Urban ColdStorage Agro,SUCCESS,SESSION_a8c9C1
2026-06-10T05:54:22.775607,REGISTERED,SME_00534,Golden Warehousing Solutions,SUCCESS,SESSION_a8c9C1
2026-06-10T05:54:22.805581,REGISTERED,SME_00535,Blue Fashion Textiles,SUCCESS,SESSION_a8c9C1
2026-06-10T05:54:22.834404,REGISTERED,SME_00536,Smart Plastic Care,SUCCESS,SESSION_a8c9C1
2026-06-10T05:54:22.868529,REGISTERED,SME_00537,Fresh ProcessedFood Traders,SUCCESS,SESSION_a8c9C1
2026-06-10T05:54:22.884158,REGISTERED,SME_00538,Prime Fashion Care,SUCCESS,SESSION_a8c9C1
2026-06-10T05:54:22.925492,REGISTERED,SME_00539,Fresh Fashion Works,SUCCESS,SESSION_a8c9C1
2026-06-10T05:54:22.954179,REGISTERED,SME_00540,Bright LendingTech Ventures,SUCCESS,SESSION_a8c9C1
2026-06-10T05:54:22.976578,REGISTERED,SME_00541,Secure Accessories Hub,SUCCESS,SESSION_a8c9C1
2026-06-10T05:54:23.008139,REGISTERED,SME_00542,Trust Beverage Care,SUCCESS,SESSION_a8c9C1
2026-06-10T05:54:23.056337,REGISTERED,SME_00543,Rapid AccountingTech Agro,SUCCESS,SESSION_a8c9C1
2026-06-10T05:54:23.089730,REGISTERED,SME_00544,Nova Garments Hub,SUCCESS,SESSION_a8c9C1
2026-06-10T05:54:23.106350,REGISTERED,SME_00545,Rapid Electronics Works,SUCCESS,SESSION_a8c9C1
2026-06-10T05:54:23.139719,REGISTERED,SME_00546,Secure Bakery Enterprises,SUCCESS,SESSION_a8c9C1
2026-06-10T05:54:23.171063,REGISTERED,SME_00547,Smart ColdStorage Agro,SUCCESS,SESSION_a8c9C1
2026-06-10T05:54:23.187065,REGISTERED,SME_00548,Ever Fashion Traders,SUCCESS,SESSION_a8c9C1
2026-06-10T05:54:23.218793,REGISTERED,SME_00549,Smart Clinic Solutions,SUCCESS,SESSION_a8c9C1
2026-06-10T05:54:23.245423,REGISTERED,SME_00550,Future ProcessedFood Logistics,SUCCESS,SESSION_a8c9C1
2026-06-10T05:54:23.278576,REGISTERED,SME_00551,Green Beverage Works,SUCCESS,SESSION_a8c9C1
2026-06-10T05:54:23.310344,REGISTERED,SME_00552,Green Grocery Textiles,SUCCESS,SESSION_a8c9C1
2026-06-10T05:54:23.326104,REGISTERED,SME_00553,Future LightManufacturing Hub,SUCCESS,SESSION_a8c9C1
2026-06-10T05:54:23.366857,REGISTERED,SME_00554,Smart Dyeing Traders,SUCCESS,SESSION_a8c9C1
2026-06-10T05:54:23.394417,REGISTERED,SME_00555,Ever Fashion Partners,SUCCESS,SESSION_a8c9C1
2026-06-10T05:54:23.415213,REGISTERED,SME_00556,Vertex Packaging Logistics,SUCCESS,SESSION_a8c9C1
2026-06-10T05:54:23.454314,REGISTERED,SME_00557,Urban Packaging Solutions,SUCCESS,SESSION_a8c9C1
2026-06-10T05:54:23.477120,REGISTERED,SME_00558,Nova Bakery Logistics,SUCCESS,SESSION_a8c9C1
2026-06-10T05:54:23.500825,REGISTERED,SME_00559,Urban SupplyChain Partners,SUCCESS,SESSION_a8c9C1
2026-06-10T05:54:23.532655,REGISTERED,SME_00560,Golden ProcessedFood Partners,SUCCESS,SESSION_a8c9C1
2026-06-10T05:54:23.570117,REGISTERED,SME_00561,Blue HomeGoods Works,SUCCESS,SESSION_a8c9C1
2026-06-10T05:54:23.584108,REGISTERED,SME_00562,Blue Plastic Digital,SUCCESS,SESSION_a8c9C1
2026-06-10T05:54:23.628616,REGISTERED,SME_00563,Fresh SMEFinance Foods,SUCCESS,SESSION_a8c9C1
2026-06-10T05:54:23.657387,REGISTERED,SME_00564,Rapid Warehousing Studio,SUCCESS,SESSION_a8c9C1
2026-06-10T05:54:23.685233,REGISTERED,SME_00565,Nova FleetServices Solutions,SUCCESS,SESSION_a8c9C1
2026-06-10T05:54:23.704894,REGISTERED,SME_00566,Green SupplyChain Textiles,SUCCESS,SESSION_a8c9C1
2026-06-10T05:54:23.736622,REGISTERED,SME_00567,Alpha HealthServices Logistics,SUCCESS,SESSION_a8c9C1
2026-06-10T05:54:23.759846,REGISTERED,SME_00568,Ever HomeGoods Mart,SUCCESS,SESSION_a8c9C1
2026-06-10T05:54:23.791552,REGISTERED,SME_00569,Trust ColdStorage Agro,SUCCESS,SESSION_a8c9C1
2026-06-10T05:54:23.807273,REGISTERED,SME_00570,Secure ProcessedFood Solutions,SUCCESS,SESSION_a8c9C1
2026-06-10T05:54:23.839134,REGISTERED,SME_00571,Blue FarmInputs Enterprises,SUCCESS,SESSION_a8c9C1
2026-06-10T05:54:23.876238,REGISTERED,SME_00572,Rapid Payments Studio,SUCCESS,SESSION_a8c9C1
2026-06-10T05:54:23.895386,REGISTERED,SME_00573,Green ProcessedFood Traders,SUCCESS,SESSION_a8c9C1
2026-06-10T05:54:23.926186,REGISTERED,SME_00574,Alpha HealthServices Ventures,SUCCESS,SESSION_a8c9C1
2026-06-10T05:54:23.957809,REGISTERED,SME_00575,Ever Fabric Agro,SUCCESS,SESSION_a8c9C1
2026-06-10T05:54:23.980700,REGISTERED,SME_00576,Urban Beverage Enterprises,SUCCESS,SESSION_a8c9C1
2026-06-10T05:54:24.000770,REGISTERED,SME_00577,Ever Accessories Enterprises,SUCCESS,SESSION_a8c9C1
2026-06-10T05:54:24.032617,REGISTERED,SME_00578,Fresh FleetServices Traders,SUCCESS,SESSION_a8c9C1
2026-06-10T05:54:24.064295,REGISTERED,SME_00579,Vertex Garments Care,SUCCESS,SESSION_a8c9C1
2026-06-10T05:54:24.092370,REGISTERED,SME_00580,Urban DairySupport Enterprises,SUCCESS,SESSION_a8c9C1
2026-06-10T05:54:24.123177,REGISTERED,SME_00581,Smart ProcessedFood Works,SUCCESS,SESSION_a8c9C1
2026-06-10T05:54:24.139704,REGISTERED,SME_00582,Trust Restaurant Works,SUCCESS,SESSION_a8c9C1
2026-06-10T05:54:24.176224,REGISTERED,SME_00583,Golden HomeGoods Ventures,SUCCESS,SESSION_a8c9C1
2026-06-10T05:54:24.202390,REGISTERED,SME_00584,Nova FarmInputs Foods,SUCCESS,SESSION_a8c9C1
2026-06-10T05:54:24.233889,REGISTERED,SME_00585,Secure Dyeing Studio,SUCCESS,SESSION_a8c9C1
2026-06-10T05:54:24.261327,REGISTERED,SME_00586,Bright FleetServices Traders,SUCCESS,SESSION_a8c9C1
2026-06-10T05:54:24.287420,REGISTERED,SME_00587,Green MetalWorks Partners,SUCCESS,SESSION_a8c9C1
2026-06-10T05:54:24.321839,REGISTERED,SME_00588,Smart ColdStorage Digital,SUCCESS,SESSION_a8c9C1
2026-06-10T05:54:24.345244,REGISTERED,SME_00589,Smart MetalWorks Works,SUCCESS,SESSION_a8c9C1
2026-06-10T05:54:24.384871,REGISTERED,SME_00590,Future Fashion Studio,SUCCESS,SESSION_a8c9C1
2026-06-10T05:54:24.407072,REGISTERED,SME_00591,Smart Fabric Agro,SUCCESS,SESSION_a8c9C1
2026-06-10T05:54:24.438192,REGISTERED,SME_00592,Nova Bakery Solutions,SUCCESS,SESSION_a8c9C1
2026-06-10T05:54:24.454001,REGISTERED,SME_00593,Future Plastic Care,SUCCESS,SESSION_a8c9C1
2026-06-10T05:54:24.489686,REGISTERED,SME_00594,Urban SupplyChain Ventures,SUCCESS,SESSION_a8c9C1
2026-06-10T05:54:24.511878,REGISTERED,SME_00595,Green HomeGoods Enterprises,SUCCESS,SESSION_a8c9C1
2026-06-10T05:54:24.550756,REGISTERED,SME_00596,Bright Plastic Traders,SUCCESS,SESSION_a8c9C1
2026-06-10T05:54:24.576828,REGISTERED,SME_00597,Ever HealthServices Textiles,SUCCESS,SESSION_a8c9C1
2026-06-10T05:54:24.602289,REGISTERED,SME_00598,Vertex SupplyChain Ventures,SUCCESS,SESSION_a8c9C1
2026-06-10T05:54:24.621281,REGISTERED,SME_00599,Golden Accessories Digital,SUCCESS,SESSION_a8c9C1
2026-06-10T05:54:24.653208,REGISTERED,SME_00600,Green Delivery Foods,SUCCESS,SESSION_a8c9C1
2026-06-10T05:54:24.682313,REGISTERED,SME_00601,Secure Bakery Hub,SUCCESS,SESSION_a8c9C1
2026-06-10T05:54:24.706309,REGISTERED,SME_00602,Vertex Pharmacy Agro,SUCCESS,SESSION_a8c9C1
2026-06-10T05:54:24.739164,REGISTERED,SME_00603,Vertex Fabric Agro,SUCCESS,SESSION_a8c9C1
2026-06-10T05:54:24.771214,REGISTERED,SME_00604,Trust HealthServices Traders,SUCCESS,SESSION_a8c9C1
2026-06-10T05:54:24.784255,REGISTERED,SME_00605,Trust Fabric Digital,SUCCESS,SESSION_a8c9C1
2026-06-10T05:54:24.815480,REGISTERED,SME_00606,Future LendingTech Foods,SUCCESS,SESSION_a8c9C1
2026-06-10T05:54:24.847189,REGISTERED,SME_00607,Trust Dyeing Textiles,SUCCESS,SESSION_a8c9C1
2026-06-10T05:54:24.876949,REGISTERED,SME_00608,Smart HomeGoods Ventures,SUCCESS,SESSION_a8c9C1
2026-06-10T05:54:24.905487,REGISTERED,SME_00609,Nova Pharmacy Textiles,SUCCESS,SESSION_a8c9C1
2026-06-10T05:54:24.937004,REGISTERED,SME_00610,Trust Beverage Mart,SUCCESS,SESSION_a8c9C1
2026-06-10T05:54:24.968396,REGISTERED,SME_00611,Green ProcessedFood Hub,SUCCESS,SESSION_a8c9C1
2026-06-10T05:54:24.993648,REGISTERED,SME_00612,Golden FleetServices Logistics,SUCCESS,SESSION_a8c9C1
2026-06-10T05:54:25.012043,REGISTERED,SME_00613,Rapid Accessories Agro,SUCCESS,SESSION_a8c9C1
2026-06-10T05:54:25.042810,REGISTERED,SME_00614,Trust Dyeing Traders,SUCCESS,SESSION_a8c9C1
2026-06-10T05:54:25.074475,REGISTERED,SME_00615,Urban MetalWorks Logistics,SUCCESS,SESSION_a8c9C1
2026-06-10T05:54:25.098592,REGISTERED,SME_00616,Vertex Pharmacy Hub,SUCCESS,SESSION_a8c9C1
2026-06-10T05:54:25.129892,REGISTERED,SME_00617,Green Diagnostics Partners,SUCCESS,SESSION_a8c9C1
2026-06-10T05:54:25.160733,REGISTERED,SME_00618,Golden AgroProcessing Solutions,SUCCESS,SESSION_a8c9C1
2026-06-10T05:54:25.184081,REGISTERED,SME_00619,Vertex Electronics Traders,SUCCESS,SESSION_a8c9C1
2026-06-10T05:54:25.206325,REGISTERED,SME_00620,Prime Grocery Mart,SUCCESS,SESSION_a8c9C1
2026-06-10T05:54:25.234246,REGISTERED,SME_00621,Rapid Payments Studio,SUCCESS,SESSION_a8c9C1
2026-06-10T05:54:25.265064,REGISTERED,SME_00622,Trust Restaurant Ventures,SUCCESS,SESSION_a8c9C1
2026-06-10T05:54:25.294619,REGISTERED,SME_00623,Green Fabric Enterprises,SUCCESS,SESSION_a8c9C1
2026-06-10T05:54:25.325542,REGISTERED,SME_00624,Blue Restaurant Textiles,SUCCESS,SESSION_a8c9C1
2026-06-10T05:54:25.341304,REGISTERED,SME_00625,Trust Accessories Traders,SUCCESS,SESSION_a8c9C1
2026-06-10T05:54:25.377222,REGISTERED,SME_00626,Trust ProcessedFood Traders,SUCCESS,SESSION_a8c9C1
2026-06-10T05:54:25.409855,REGISTERED,SME_00627,Rapid LendingTech Hub,SUCCESS,SESSION_a8c9C1
2026-06-10T05:54:25.438082,REGISTERED,SME_00628,Bright Fashion Care,SUCCESS,SESSION_a8c9C1
2026-06-10T05:54:25.454915,REGISTERED,SME_00629,Alpha Restaurant Partners,SUCCESS,SESSION_a8c9C1
2026-06-10T05:54:25.486341,REGISTERED,SME_00630,Green LendingTech Works,SUCCESS,SESSION_a8c9C1
2026-06-10T05:54:25.517458,REGISTERED,SME_00631,Rapid Fabric Digital,SUCCESS,SESSION_a8c9C1
2026-06-10T05:54:25.533480,REGISTERED,SME_00632,Bright LendingTech Textiles,SUCCESS,SESSION_a8c9C1
2026-06-10T05:54:25.565444,REGISTERED,SME_00633,Bright Electronics Mart,SUCCESS,SESSION_a8c9C1
2026-06-10T05:54:25.600118,REGISTERED,SME_00634,Bright ColdStorage Care,SUCCESS,SESSION_a8c9C1
2026-06-10T05:54:25.638886,REGISTERED,SME_00635,Future Fashion Ventures,SUCCESS,SESSION_a8c9C1
2026-06-10T05:54:25.661904,REGISTERED,SME_00636,Rapid Electronics Agro,SUCCESS,SESSION_a8c9C1
2026-06-10T05:54:25.693898,REGISTERED,SME_00637,Prime FleetServices Partners,SUCCESS,SESSION_a8c9C1
2026-06-10T05:54:25.720613,REGISTERED,SME_00638,Secure Clinic Digital,SUCCESS,SESSION_a8c9C1
2026-06-10T05:54:25.736263,REGISTERED,SME_00639,Vertex Payments Partners,SUCCESS,SESSION_a8c9C1
2026-06-10T05:54:25.777052,REGISTERED,SME_00640,Alpha Dyeing Enterprises,SUCCESS,SESSION_a8c9C1
2026-06-10T05:54:25.799581,REGISTERED,SME_00641,Bright Diagnostics Textiles,SUCCESS,SESSION_a8c9C1
2026-06-10T05:54:25.826647,REGISTERED,SME_00642,Smart SMEFinance Partners,SUCCESS,SESSION_a8c9C1
2026-06-10T05:54:25.858382,REGISTERED,SME_00643,Smart Fashion Mart,SUCCESS,SESSION_a8c9C1
2026-06-10T05:54:25.888418,REGISTERED,SME_00644,Secure LightManufacturing Hub,SUCCESS,SESSION_a8c9C1
2026-06-10T05:54:25.925221,REGISTERED,SME_00645,Nova FleetServices Logistics,SUCCESS,SESSION_a8c9C1
2026-06-10T05:54:25.944638,REGISTERED,SME_00646,Blue Accessories Traders,SUCCESS,SESSION_a8c9C1
2026-06-10T05:54:25.976978,REGISTERED,SME_00647,Ever HomeGoods Digital,SUCCESS,SESSION_a8c9C1
2026-06-10T05:54:26.008188,REGISTERED,SME_00648,Golden Beverage Care,SUCCESS,SESSION_a8c9C1
2026-06-10T05:54:26.032108,REGISTERED,SME_00649,Alpha FleetServices Hub,SUCCESS,SESSION_a8c9C1
2026-06-10T05:54:26.050746,REGISTERED,SME_00650,Trust Electronics Mart,SUCCESS,SESSION_a8c9C1
2026-06-10T05:54:26.095381,REGISTERED,SME_00651,Urban AgroProcessing Agro,SUCCESS,SESSION_a8c9C1
2026-06-10T05:54:26.126228,REGISTERED,SME_00652,Fresh Dyeing Studio,SUCCESS,SESSION_a8c9C1
2026-06-10T05:54:26.148032,REGISTERED,SME_00653,Smart SupplyChain Works,SUCCESS,SESSION_a8c9C1
2026-06-10T05:54:26.179857,REGISTERED,SME_00654,Bright LightManufacturing Care,SUCCESS,SESSION_a8c9C1
2026-06-10T05:54:26.205345,REGISTERED,SME_00655,Golden Garments Enterprises,SUCCESS,SESSION_a8c9C1
2026-06-10T05:54:26.236359,REGISTERED,SME_00656,Alpha DairySupport Enterprises,SUCCESS,SESSION_a8c9C1
2026-06-10T05:54:26.259415,REGISTERED,SME_00657,Green Accessories Solutions,SUCCESS,SESSION_a8c9C1
2026-06-10T05:54:26.284479,REGISTERED,SME_00658,Trust LightManufacturing Care,SUCCESS,SESSION_a8c9C1
2026-06-10T05:54:26.322868,REGISTERED,SME_00659,Blue Delivery Digital,SUCCESS,SESSION_a8c9C1
2026-06-10T05:54:26.345194,REGISTERED,SME_00660,Fresh FarmInputs Care,SUCCESS,SESSION_a8c9C1
2026-06-10T05:54:26.376506,REGISTERED,SME_00661,Golden Plastic Works,SUCCESS,SESSION_a8c9C1
2026-06-10T05:54:26.407908,REGISTERED,SME_00662,Nova Dyeing Enterprises,SUCCESS,SESSION_a8c9C1
2026-06-10T05:54:26.441878,REGISTERED,SME_00663,Golden LightManufacturing Solutions,SUCCESS,SESSION_a8c9C1
2026-06-10T05:54:26.458693,REGISTERED,SME_00664,Urban Electronics Traders,SUCCESS,SESSION_a8c9C1
2026-06-10T05:54:26.490417,REGISTERED,SME_00665,Urban AgroProcessing Foods,SUCCESS,SESSION_a8c9C1
2026-06-10T05:54:26.516462,REGISTERED,SME_00666,Alpha HealthServices Foods,SUCCESS,SESSION_a8c9C1
2026-06-10T05:54:26.542968,REGISTERED,SME_00667,Blue AccountingTech Partners,SUCCESS,SESSION_a8c9C1
2026-06-10T05:54:26.578788,REGISTERED,SME_00668,Golden Accessories Hub,SUCCESS,SESSION_a8c9C1
2026-06-10T05:54:26.606369,REGISTERED,SME_00669,Bright Packaging Traders,SUCCESS,SESSION_a8c9C1
2026-06-10T05:54:26.637986,REGISTERED,SME_00670,Future DairySupport Agro,SUCCESS,SESSION_a8c9C1
2026-06-10T05:54:26.659756,REGISTERED,SME_00671,Blue Grocery Partners,SUCCESS,SESSION_a8c9C1
2026-06-10T05:54:26.689642,REGISTERED,SME_00672,Green SupplyChain Works,SUCCESS,SESSION_a8c9C1
2026-06-10T05:54:26.711838,REGISTERED,SME_00673,Golden Dyeing Partners,SUCCESS,SESSION_a8c9C1
2026-06-10T05:54:26.749273,REGISTERED,SME_00674,Green Clinic Enterprises,SUCCESS,SESSION_a8c9C1
2026-06-10T05:54:26.776812,REGISTERED,SME_00675,Smart Delivery Works,SUCCESS,SESSION_a8c9C1
2026-06-10T05:54:26.804383,REGISTERED,SME_00676,Blue FarmInputs Solutions,SUCCESS,SESSION_a8c9C1
2026-06-10T05:54:26.820267,REGISTERED,SME_00677,Urban Fabric Hub,SUCCESS,SESSION_a8c9C1
2026-06-10T05:54:26.855141,REGISTERED,SME_00678,Golden ProcessedFood Ventures,SUCCESS,SESSION_a8c9C1
2026-06-10T05:54:26.886507,REGISTERED,SME_00679,Golden Fashion Enterprises,SUCCESS,SESSION_a8c9C1
2026-06-10T05:54:26.906304,REGISTERED,SME_00680,Vertex FarmInputs Logistics,SUCCESS,SESSION_a8c9C1
2026-06-10T05:54:26.937928,REGISTERED,SME_00681,Rapid Electronics Studio,SUCCESS,SESSION_a8c9C1
2026-06-10T05:54:26.959432,REGISTERED,SME_00682,Golden Plastic Partners,SUCCESS,SESSION_a8c9C1
2026-06-10T05:54:26.989796,REGISTERED,SME_00683,Bright Fashion Ventures,SUCCESS,SESSION_a8c9C1
2026-06-10T05:54:27.016629,REGISTERED,SME_00684,Rapid Restaurant Partners,SUCCESS,SESSION_a8c9C1
2026-06-10T05:54:27.048787,REGISTERED,SME_00685,Blue Delivery Solutions,SUCCESS,SESSION_a8c9C1
2026-06-10T05:54:27.076956,REGISTERED,SME_00686,Golden DairySupport Care,SUCCESS,SESSION_a8c9C1
2026-06-10T05:54:27.103397,REGISTERED,SME_00687,Prime Beverage Textiles,SUCCESS,SESSION_a8c9C1
2026-06-10T05:54:27.134094,REGISTERED,SME_00688,Secure Accessories Hub,SUCCESS,SESSION_a8c9C1
2026-06-10T05:54:27.171025,REGISTERED,SME_00689,Smart Pharmacy Textiles,SUCCESS,SESSION_a8c9C1
2026-06-10T05:54:27.199228,REGISTERED,SME_00690,Urban Bakery Textiles,SUCCESS,SESSION_a8c9C1
2026-06-10T05:54:27.215885,REGISTERED,SME_00691,Blue Plastic Solutions,SUCCESS,SESSION_a8c9C1
2026-06-10T05:54:27.256303,REGISTERED,SME_00692,Smart Dyeing Agro,SUCCESS,SESSION_a8c9C1
2026-06-10T05:54:27.277024,REGISTERED,SME_00693,Nova MetalWorks Hub,SUCCESS,SESSION_a8c9C1
2026-06-10T05:54:27.308681,REGISTERED,SME_00694,Vertex DairySupport Logistics,SUCCESS,SESSION_a8c9C1
2026-06-10T05:54:27.330620,REGISTERED,SME_00695,Vertex Garments Agro,SUCCESS,SESSION_a8c9C1
2026-06-10T05:54:27.361902,REGISTERED,SME_00696,Ever Restaurant Hub,SUCCESS,SESSION_a8c9C1
2026-06-10T05:54:27.382494,REGISTERED,SME_00697,Bright Pharmacy Digital,SUCCESS,SESSION_a8c9C1
2026-06-10T05:54:27.411986,REGISTERED,SME_00698,Nova Warehousing Enterprises,SUCCESS,SESSION_a8c9C1
2026-06-10T05:54:27.439650,REGISTERED,SME_00699,Prime SupplyChain Works,SUCCESS,SESSION_a8c9C1
2026-06-10T05:54:27.471504,REGISTERED,SME_00700,Green LightManufacturing Works,SUCCESS,SESSION_a8c9C1
2026-06-10T05:54:27.505631,REGISTERED,SME_00701,Trust Plastic Digital,SUCCESS,SESSION_a8c9C1
2026-06-10T05:54:27.528491,REGISTERED,SME_00702,Prime FarmInputs Textiles,SUCCESS,SESSION_a8c9C1
2026-06-10T05:54:27.550702,REGISTERED,SME_00703,Prime Grocery Logistics,SUCCESS,SESSION_a8c9C1
2026-06-10T05:54:27.584126,REGISTERED,SME_00704,Fresh Fabric Textiles,SUCCESS,SESSION_a8c9C1
2026-06-10T05:54:27.613929,REGISTERED,SME_00705,Smart LightManufacturing Studio,SUCCESS,SESSION_a8c9C1
2026-06-10T05:54:27.638696,REGISTERED,SME_00706,Trust Bakery Digital,SUCCESS,SESSION_a8c9C1
2026-06-10T05:54:27.670197,REGISTERED,SME_00707,Blue AccountingTech Traders,SUCCESS,SESSION_a8c9C1
2026-06-10T05:54:27.693460,REGISTERED,SME_00708,Green LendingTech Foods,SUCCESS,SESSION_a8c9C1
2026-06-10T05:54:27.709583,REGISTERED,SME_00709,Nova ProcessedFood Studio,SUCCESS,SESSION_a8c9C1
2026-06-10T05:54:27.740735,REGISTERED,SME_00710,Urban Beverage Traders,SUCCESS,SESSION_a8c9C1
2026-06-10T05:54:27.777824,REGISTERED,SME_00711,Ever Garments Textiles,SUCCESS,SESSION_a8c9C1
2026-06-10T05:54:27.809150,REGISTERED,SME_00712,Trust SupplyChain Enterprises,SUCCESS,SESSION_a8c9C1
2026-06-10T05:54:27.840601,REGISTERED,SME_00713,Prime LendingTech Mart,SUCCESS,SESSION_a8c9C1
2026-06-10T05:54:27.861836,REGISTERED,SME_00714,Blue Accessories Traders,SUCCESS,SESSION_a8c9C1
2026-06-10T05:54:27.899168,REGISTERED,SME_00715,Future LendingTech Logistics,SUCCESS,SESSION_a8c9C1
2026-06-10T05:54:27.914632,REGISTERED,SME_00716,Green Packaging Care,SUCCESS,SESSION_a8c9C1
2026-06-10T05:54:27.946368,REGISTERED,SME_00717,Smart Beverage Agro,SUCCESS,SESSION_a8c9C1
2026-06-10T05:54:27.978549,REGISTERED,SME_00718,Ever Fashion Care,SUCCESS,SESSION_a8c9C1
2026-06-10T05:54:27.998986,REGISTERED,SME_00719,Rapid Delivery Studio,SUCCESS,SESSION_a8c9C1
2026-06-10T05:54:28.027708,REGISTERED,SME_00720,Future Accessories Studio,SUCCESS,SESSION_a8c9C1
2026-06-10T05:54:28.062265,REGISTERED,SME_00721,Ever ProcessedFood Logistics,SUCCESS,SESSION_a8c9C1
2026-06-10T05:54:28.088119,REGISTERED,SME_00722,Smart ProcessedFood Textiles,SUCCESS,SESSION_a8c9C1
2026-06-10T05:54:28.116110,REGISTERED,SME_00723,Nova Fashion Partners,SUCCESS,SESSION_a8c9C1
2026-06-10T05:54:28.136099,REGISTERED,SME_00724,Ever Garments Hub,SUCCESS,SESSION_a8c9C1
2026-06-10T05:54:28.166214,REGISTERED,SME_00725,Golden Electronics Traders,SUCCESS,SESSION_a8c9C1
2026-06-10T05:54:28.193838,REGISTERED,SME_00726,Ever Fashion Agro,SUCCESS,SESSION_a8c9C1
2026-06-10T05:54:28.217357,REGISTERED,SME_00727,Rapid MetalWorks Solutions,SUCCESS,SESSION_a8c9C1
2026-06-10T05:54:28.249311,REGISTERED,SME_00728,Fresh Fashion Digital,SUCCESS,SESSION_a8c9C1
2026-06-10T05:54:28.284736,REGISTERED,SME_00729,Fresh Restaurant Mart,SUCCESS,SESSION_a8c9C1
2026-06-10T05:54:28.311828,REGISTERED,SME_00730,Urban Beverage Foods,SUCCESS,SESSION_a8c9C1
2026-06-10T05:54:28.330935,REGISTERED,SME_00731,Smart DairySupport Logistics,SUCCESS,SESSION_a8c9C1
2026-06-10T05:54:28.350728,REGISTERED,SME_00732,Future Grocery Textiles,SUCCESS,SESSION_a8c9C1
2026-06-10T05:54:28.389284,REGISTERED,SME_00733,Blue Electronics Works,SUCCESS,SESSION_a8c9C1
2026-06-10T05:54:28.417407,REGISTERED,SME_00734,Fresh DairySupport Digital,SUCCESS,SESSION_a8c9C1
2026-06-10T05:54:28.451375,REGISTERED,SME_00735,Blue HomeGoods Partners,SUCCESS,SESSION_a8c9C1
2026-06-10T05:54:28.478215,REGISTERED,SME_00736,Nova Clinic Digital,SUCCESS,SESSION_a8c9C1
2026-06-10T05:54:28.511286,REGISTERED,SME_00737,Future Packaging Agro,SUCCESS,SESSION_a8c9C1
2026-06-10T05:54:28.539612,REGISTERED,SME_00738,Green MetalWorks Foods,SUCCESS,SESSION_a8c9C1
2026-06-10T05:54:28.555728,REGISTERED,SME_00739,Ever DairySupport Enterprises,SUCCESS,SESSION_a8c9C1
2026-06-10T05:54:28.587631,REGISTERED,SME_00740,Vertex ProcessedFood Ventures,SUCCESS,SESSION_a8c9C1
2026-06-10T05:54:28.621358,REGISTERED,SME_00741,Golden Grocery Studio,SUCCESS,SESSION_a8c9C1
2026-06-10T05:54:28.636631,REGISTERED,SME_00742,Trust Fashion Textiles,SUCCESS,SESSION_a8c9C1
2026-06-10T05:54:28.667384,REGISTERED,SME_00743,Golden Fabric Textiles,SUCCESS,SESSION_a8c9C1
2026-06-10T05:54:28.699288,REGISTERED,SME_00744,Bright Grocery Traders,SUCCESS,SESSION_a8c9C1
2026-06-10T05:54:28.731723,REGISTERED,SME_00745,Fresh Beverage Enterprises,SUCCESS,SESSION_a8c9C1
2026-06-10T05:54:28.767392,REGISTERED,SME_00746,Urban Beverage Ventures,SUCCESS,SESSION_a8c9C1
2026-06-10T05:54:28.789038,REGISTERED,SME_00747,Future ColdStorage Works,SUCCESS,SESSION_a8c9C1
2026-06-10T05:54:28.806249,REGISTERED,SME_00748,Golden Beverage Hub,SUCCESS,SESSION_a8c9C1
2026-06-10T05:54:28.841975,REGISTERED,SME_00749,Secure Payments Works,SUCCESS,SESSION_a8c9C1
2026-06-10T05:54:28.873599,REGISTERED,SME_00750,Secure SMEFinance Foods,SUCCESS,SESSION_a8c9C1
2026-06-10T05:54:28.905059,REGISTERED,SME_00751,Golden LightManufacturing Traders,SUCCESS,SESSION_a8c9C1
2026-06-10T05:54:28.925933,REGISTERED,SME_00752,Smart ColdStorage Care,SUCCESS,SESSION_a8c9C1
2026-06-10T05:54:28.950336,REGISTERED,SME_00753,Alpha MetalWorks Digital,SUCCESS,SESSION_a8c9C1
2026-06-10T05:54:28.988089,REGISTERED,SME_00754,Bright ProcessedFood Partners,SUCCESS,SESSION_a8c9C1
2026-06-10T05:54:29.003908,REGISTERED,SME_00755,Future Clinic Enterprises,SUCCESS,SESSION_a8c9C1
2026-06-10T05:54:29.032483,REGISTERED,SME_00756,Nova Packaging Partners,SUCCESS,SESSION_a8c9C1
2026-06-10T05:54:29.063556,REGISTERED,SME_00757,Fresh AgroProcessing Hub,SUCCESS,SESSION_a8c9C1
2026-06-10T05:54:29.095270,REGISTERED,SME_00758,Prime Accessories Works,SUCCESS,SESSION_a8c9C1
2026-06-10T05:54:29.126913,REGISTERED,SME_00759,Ever HomeGoods Foods,SUCCESS,SESSION_a8c9C1
2026-06-10T05:54:29.148348,REGISTERED,SME_00760,Nova Bakery Ventures,SUCCESS,SESSION_a8c9C1
2026-06-10T05:54:29.178175,REGISTERED,SME_00761,Secure Diagnostics Mart,SUCCESS,SESSION_a8c9C1
2026-06-10T05:54:29.216030,REGISTERED,SME_00762,Nova Grocery Hub,SUCCESS,SESSION_a8c9C1
2026-06-10T05:54:29.237495,REGISTERED,SME_00763,Golden HomeGoods Partners,SUCCESS,SESSION_a8c9C1
2026-06-10T05:54:29.269518,REGISTERED,SME_00764,Fresh HomeGoods Logistics,SUCCESS,SESSION_a8c9C1
2026-06-10T05:54:29.301369,REGISTERED,SME_00765,Trust Garments Hub,SUCCESS,SESSION_a8c9C1
2026-06-10T05:54:29.336665,REGISTERED,SME_00766,Rapid Electronics Works,SUCCESS,SESSION_a8c9C1
2026-06-10T05:54:29.350720,REGISTERED,SME_00767,Smart MetalWorks Agro,SUCCESS,SESSION_a8c9C1
2026-06-10T05:54:29.382495,REGISTERED,SME_00768,Nova Electronics Ventures,SUCCESS,SESSION_a8c9C1
2026-06-10T05:54:29.422937,REGISTERED,SME_00769,Nova Grocery Foods,SUCCESS,SESSION_a8c9C1
2026-06-10T05:54:29.443218,REGISTERED,SME_00770,Blue SupplyChain Studio,SUCCESS,SESSION_a8c9C1
2026-06-10T05:54:29.478266,REGISTERED,SME_00771,Smart Packaging Mart,SUCCESS,SESSION_a8c9C1
2026-06-10T05:54:29.509611,REGISTERED,SME_00772,Nova Bakery Traders,SUCCESS,SESSION_a8c9C1
2026-06-10T05:54:29.533358,REGISTERED,SME_00773,Prime Delivery Partners,SUCCESS,SESSION_a8c9C1
2026-06-10T05:54:29.558665,REGISTERED,SME_00774,Rapid AccountingTech Studio,SUCCESS,SESSION_a8c9C1
2026-06-10T05:54:29.590419,REGISTERED,SME_00775,Alpha Electronics Textiles,SUCCESS,SESSION_a8c9C1
2026-06-10T05:54:29.606108,REGISTERED,SME_00776,Green Dyeing Agro,SUCCESS,SESSION_a8c9C1
2026-06-10T05:54:29.649033,REGISTERED,SME_00777,Urban Delivery Agro,SUCCESS,SESSION_a8c9C1
2026-06-10T05:54:29.678678,REGISTERED,SME_00778,Vertex HomeGoods Mart,SUCCESS,SESSION_a8c9C1
2026-06-10T05:54:29.695118,REGISTERED,SME_00779,Ever Payments Hub,SUCCESS,SESSION_a8c9C1
2026-06-10T05:54:29.726591,REGISTERED,SME_00780,Urban Fabric Logistics,SUCCESS,SESSION_a8c9C1
2026-06-10T05:54:29.756267,REGISTERED,SME_00781,Secure LightManufacturing Mart,SUCCESS,SESSION_a8c9C1
2026-06-10T05:54:29.778926,REGISTERED,SME_00782,Vertex Accessories Textiles,SUCCESS,SESSION_a8c9C1
2026-06-10T05:54:29.803855,REGISTERED,SME_00783,Urban Bakery Partners,SUCCESS,SESSION_a8c9C1
2026-06-10T05:54:29.835616,REGISTERED,SME_00784,Secure Warehousing Ventures,SUCCESS,SESSION_a8c9C1
2026-06-10T05:54:29.865797,REGISTERED,SME_00785,Rapid Accessories Ventures,SUCCESS,SESSION_a8c9C1
2026-06-10T05:54:29.914403,REGISTERED,SME_00786,Future ColdStorage Agro,SUCCESS,SESSION_a8c9C1
2026-06-10T05:54:29.939068,REGISTERED,SME_00787,Alpha LendingTech Studio,SUCCESS,SESSION_a8c9C1
2026-06-10T05:54:29.975324,REGISTERED,SME_00788,Urban DairySupport Textiles,SUCCESS,SESSION_a8c9C1
2026-06-10T05:54:29.990977,REGISTERED,SME_00789,Ever SMEFinance Hub,SUCCESS,SESSION_a8c9C1
2026-06-10T05:54:30.022823,REGISTERED,SME_00790,Ever SupplyChain Mart,SUCCESS,SESSION_a8c9C1
2026-06-10T05:54:30.061854,REGISTERED,SME_00791,Prime Plastic Textiles,SUCCESS,SESSION_a8c9C1
2026-06-10T05:54:30.079126,REGISTERED,SME_00792,Blue Beverage Hub,SUCCESS,SESSION_a8c9C1
2026-06-10T05:54:30.109436,REGISTERED,SME_00793,Urban FarmInputs Enterprises,SUCCESS,SESSION_a8c9C1
2026-06-10T05:54:30.140890,REGISTERED,SME_00794,Prime HomeGoods Enterprises,SUCCESS,SESSION_a8c9C1
2026-06-10T05:54:30.165621,REGISTERED,SME_00795,Secure Electronics Foods,SUCCESS,SESSION_a8c9C1
2026-06-10T05:54:30.189590,REGISTERED,SME_00796,Rapid FarmInputs Solutions,SUCCESS,SESSION_a8c9C1
2026-06-10T05:54:30.221265,REGISTERED,SME_00797,Green Fashion Digital,SUCCESS,SESSION_a8c9C1
2026-06-10T05:54:30.237220,REGISTERED,SME_00798,Secure Grocery Hub,SUCCESS,SESSION_a8c9C1
2026-06-10T05:54:30.279028,REGISTERED,SME_00799,Fresh HealthServices Care,SUCCESS,SESSION_a8c9C1
2026-06-10T05:54:30.306403,REGISTERED,SME_00800,Prime Pharmacy Studio,SUCCESS,SESSION_a8c9C1
2026-06-10T05:54:30.321487,VERIFIED,SME_00001,KYC_CREDENTIAL_SME_00001_VERIFIED,SUCCESS,SESSION_a8c9C1
2026-06-10T05:54:30.337424,VERIFIED,SME_00002,KYC_CREDENTIAL_SME_00002_VERIFIED,SUCCESS,SESSION_a8c9C1
2026-06-10T05:54:30.353087,VERIFIED,SME_00004,KYC_CREDENTIAL_SME_00004_VERIFIED,SUCCESS,SESSION_a8c9C1
2026-06-10T05:54:30.376342,VERIFIED,SME_00005,KYC_CREDENTIAL_SME_00005_VERIFIED,SUCCESS,SESSION_a8c9C1
2026-06-10T05:54:30.378959,VERIFIED,SME_00006,KYC_CREDENTIAL_SME_00006_VERIFIED,SUCCESS,SESSION_a8c9C1
2026-06-10T05:54:30.400951,VERIFIED,SME_00007,KYC_CREDENTIAL_SME_00007_VERIFIED,SUCCESS,SESSION_a8c9C1
2026-06-10T05:54:30.426296,VERIFIED,SME_00008,KYC_CREDENTIAL_SME_00008_VERIFIED,SUCCESS,SESSION_a8c9C1
2026-06-10T05:54:30.434052,VERIFIED,SME_00011,KYC_CREDENTIAL_SME_00011_VERIFIED,SUCCESS,SESSION_a8c9C1
2026-06-10T05:54:30.449975,VERIFIED,SME_00014,KYC_CREDENTIAL_SME_00014_VERIFIED,SUCCESS,SESSION_a8c9C1
2026-06-10T05:54:30.465625,VERIFIED,SME_00017,KYC_CREDENTIAL_SME_00017_VERIFIED,SUCCESS,SESSION_a8c9C1
2026-06-10T05:54:30.482348,VERIFIED,SME_00019,KYC_CREDENTIAL_SME_00019_VERIFIED,SUCCESS,SESSION_a8c9C1
2026-06-10T05:54:30.509221,VERIFIED,SME_00020,KYC_CREDENTIAL_SME_00020_VERIFIED,SUCCESS,SESSION_a8c9C1
2026-06-10T05:54:30.526890,VERIFIED,SME_00021,KYC_CREDENTIAL_SME_00021_VERIFIED,SUCCESS,SESSION_a8c9C1
2026-06-10T05:54:30.542671,VERIFIED,SME_00023,KYC_CREDENTIAL_SME_00023_VERIFIED,SUCCESS,SESSION_a8c9C1
2026-06-10T05:54:30.558403,VERIFIED,SME_00030,KYC_CREDENTIAL_SME_00030_VERIFIED,SUCCESS,SESSION_a8c9C1
2026-06-10T05:54:30.574392,VERIFIED,SME_00031,KYC_CREDENTIAL_SME_00031_VERIFIED,SUCCESS,SESSION_a8c9C1
2026-06-10T05:54:30.582297,VERIFIED,SME_00032,KYC_CREDENTIAL_SME_00032_VERIFIED,SUCCESS,SESSION_a8c9C1
2026-06-10T05:54:30.597526,VERIFIED,SME_00034,KYC_CREDENTIAL_SME_00034_VERIFIED,SUCCESS,SESSION_a8c9C1
2026-06-10T05:54:30.613504,VERIFIED,SME_00036,KYC_CREDENTIAL_SME_00036_VERIFIED,SUCCESS,SESSION_a8c9C1
2026-06-10T05:54:30.629177,VERIFIED,SME_00037,KYC_CREDENTIAL_SME_00037_VERIFIED,SUCCESS,SESSION_a8c9C1
2026-06-10T05:54:30.644878,VERIFIED,SME_00038,KYC_CREDENTIAL_SME_00038_VERIFIED,SUCCESS,SESSION_a8c9C1
2026-06-10T05:54:30.660951,VERIFIED,SME_00040,KYC_CREDENTIAL_SME_00040_VERIFIED,SUCCESS,SESSION_a8c9C1
2026-06-10T05:54:30.682473,VERIFIED,SME_00043,KYC_CREDENTIAL_SME_00043_VERIFIED,SUCCESS,SESSION_a8c9C1
2026-06-10T05:54:30.693214,VERIFIED,SME_00045,KYC_CREDENTIAL_SME_00045_VERIFIED,SUCCESS,SESSION_a8c9C1
2026-06-10T05:54:30.717483,VERIFIED,SME_00046,KYC_CREDENTIAL_SME_00046_VERIFIED,SUCCESS,SESSION_a8c9C1
2026-06-10T05:54:30.732852,VERIFIED,SME_00049,KYC_CREDENTIAL_SME_00049_VERIFIED,SUCCESS,SESSION_a8c9C1
2026-06-10T05:54:30.748792,VERIFIED,SME_00050,KYC_CREDENTIAL_SME_00050_VERIFIED,SUCCESS,SESSION_a8c9C1
2026-06-10T05:54:30.764610,VERIFIED,SME_00052,KYC_CREDENTIAL_SME_00052_VERIFIED,SUCCESS,SESSION_a8c9C1
2026-06-10T05:54:30.779068,VERIFIED,SME_00053,KYC_CREDENTIAL_SME_00053_VERIFIED,SUCCESS,SESSION_a8c9C1
2026-06-10T05:54:30.792025,VERIFIED,SME_00054,KYC_CREDENTIAL_SME_00054_VERIFIED,SUCCESS,SESSION_a8c9C1
2026-06-10T05:54:30.800712,VERIFIED,SME_00056,KYC_CREDENTIAL_SME_00056_VERIFIED,SUCCESS,SESSION_a8c9C1
2026-06-10T05:54:30.816585,VERIFIED,SME_00060,KYC_CREDENTIAL_SME_00060_VERIFIED,SUCCESS,SESSION_a8c9C1
2026-06-10T05:54:30.832516,VERIFIED,SME_00061,KYC_CREDENTIAL_SME_00061_VERIFIED,SUCCESS,SESSION_a8c9C1
2026-06-10T05:54:30.848417,VERIFIED,SME_00063,KYC_CREDENTIAL_SME_00063_VERIFIED,SUCCESS,SESSION_a8c9C1
2026-06-10T05:54:30.864141,VERIFIED,SME_00064,KYC_CREDENTIAL_SME_00064_VERIFIED,SUCCESS,SESSION_a8c9C1
2026-06-10T05:54:30.887961,VERIFIED,SME_00069,KYC_CREDENTIAL_SME_00069_VERIFIED,SUCCESS,SESSION_a8c9C1
2026-06-10T05:54:30.903114,VERIFIED,SME_00071,KYC_CREDENTIAL_SME_00071_VERIFIED,SUCCESS,SESSION_a8c9C1
2026-06-10T05:54:30.934247,VERIFIED,SME_00073,KYC_CREDENTIAL_SME_00073_VERIFIED,SUCCESS,SESSION_a8c9C1
2026-06-10T05:54:30.949502,VERIFIED,SME_00075,KYC_CREDENTIAL_SME_00075_VERIFIED,SUCCESS,SESSION_a8c9C1
2026-06-10T05:54:30.959740,VERIFIED,SME_00077,KYC_CREDENTIAL_SME_00077_VERIFIED,SUCCESS,SESSION_a8c9C1
2026-06-10T05:54:30.979206,VERIFIED,SME_00078,KYC_CREDENTIAL_SME_00078_VERIFIED,SUCCESS,SESSION_a8c9C1
2026-06-10T05:54:30.995125,VERIFIED,SME_00081,KYC_CREDENTIAL_SME_00081_VERIFIED,SUCCESS,SESSION_a8c9C1
2026-06-10T05:54:31.011172,VERIFIED,SME_00083,KYC_CREDENTIAL_SME_00083_VERIFIED,SUCCESS,SESSION_a8c9C1
2026-06-10T05:54:31.029621,VERIFIED,SME_00084,KYC_CREDENTIAL_SME_00084_VERIFIED,SUCCESS,SESSION_a8c9C1
2026-06-10T05:54:31.042862,VERIFIED,SME_00085,KYC_CREDENTIAL_SME_00085_VERIFIED,SUCCESS,SESSION_a8c9C1
2026-06-10T05:54:31.058659,VERIFIED,SME_00087,KYC_CREDENTIAL_SME_00087_VERIFIED,SUCCESS,SESSION_a8c9C1
2026-06-10T05:54:31.079499,VERIFIED,SME_00088,KYC_CREDENTIAL_SME_00088_VERIFIED,SUCCESS,SESSION_a8c9C1
2026-06-10T05:54:31.095148,VERIFIED,SME_00089,KYC_CREDENTIAL_SME_00089_VERIFIED,SUCCESS,SESSION_a8c9C1
2026-06-10T05:54:31.108403,VERIFIED,SME_00090,KYC_CREDENTIAL_SME_00090_VERIFIED,SUCCESS,SESSION_a8c9C1
2026-06-10T05:54:31.114088,VERIFIED,SME_00091,KYC_CREDENTIAL_SME_00091_VERIFIED,SUCCESS,SESSION_a8c9C1
2026-06-10T05:54:31.134041,VERIFIED,SME_00093,KYC_CREDENTIAL_SME_00093_VERIFIED,SUCCESS,SESSION_a8c9C1
2026-06-10T05:54:31.158220,VERIFIED,SME_00095,KYC_CREDENTIAL_SME_00095_VERIFIED,SUCCESS,SESSION_a8c9C1
2026-06-10T05:54:31.175010,VERIFIED,SME_00105,KYC_CREDENTIAL_SME_00105_VERIFIED,SUCCESS,SESSION_a8c9C1
2026-06-10T05:54:31.185657,VERIFIED,SME_00107,KYC_CREDENTIAL_SME_00107_VERIFIED,SUCCESS,SESSION_a8c9C1
2026-06-10T05:54:31.206259,VERIFIED,SME_00109,KYC_CREDENTIAL_SME_00109_VERIFIED,SUCCESS,SESSION_a8c9C1
2026-06-10T05:54:31.221965,VERIFIED,SME_00110,KYC_CREDENTIAL_SME_00110_VERIFIED,SUCCESS,SESSION_a8c9C1
2026-06-10T05:54:31.237777,VERIFIED,SME_00112,KYC_CREDENTIAL_SME_00112_VERIFIED,SUCCESS,SESSION_a8c9C1
2026-06-10T05:54:31.253663,VERIFIED,SME_00114,KYC_CREDENTIAL_SME_00114_VERIFIED,SUCCESS,SESSION_a8c9C1
2026-06-10T05:54:31.269547,VERIFIED,SME_00116,KYC_CREDENTIAL_SME_00116_VERIFIED,SUCCESS,SESSION_a8c9C1
2026-06-10T05:54:31.289601,VERIFIED,SME_00118,KYC_CREDENTIAL_SME_00118_VERIFIED,SUCCESS,SESSION_a8c9C1
2026-06-10T05:54:31.304803,VERIFIED,SME_00120,KYC_CREDENTIAL_SME_00120_VERIFIED,SUCCESS,SESSION_a8c9C1
2026-06-10T05:54:31.311785,VERIFIED,SME_00122,KYC_CREDENTIAL_SME_00122_VERIFIED,SUCCESS,SESSION_a8c9C1
2026-06-10T05:54:31.329359,VERIFIED,SME_00123,KYC_CREDENTIAL_SME_00123_VERIFIED,SUCCESS,SESSION_a8c9C1
2026-06-10T05:54:31.343216,VERIFIED,SME_00124,KYC_CREDENTIAL_SME_00124_VERIFIED,SUCCESS,SESSION_a8c9C1
2026-06-10T05:54:31.369320,VERIFIED,SME_00129,KYC_CREDENTIAL_SME_00129_VERIFIED,SUCCESS,SESSION_a8c9C1
2026-06-10T05:54:31.379721,VERIFIED,SME_00130,KYC_CREDENTIAL_SME_00130_VERIFIED,SUCCESS,SESSION_a8c9C1
2026-06-10T05:54:31.388132,VERIFIED,SME_00136,KYC_CREDENTIAL_SME_00136_VERIFIED,SUCCESS,SESSION_a8c9C1
2026-06-10T05:54:31.411809,VERIFIED,SME_00137,KYC_CREDENTIAL_SME_00137_VERIFIED,SUCCESS,SESSION_a8c9C1
2026-06-10T05:54:31.433132,VERIFIED,SME_00139,KYC_CREDENTIAL_SME_00139_VERIFIED,SUCCESS,SESSION_a8c9C1
2026-06-10T05:54:31.444475,VERIFIED,SME_00144,KYC_CREDENTIAL_SME_00144_VERIFIED,SUCCESS,SESSION_a8c9C1
2026-06-10T05:54:31.467354,VERIFIED,SME_00146,KYC_CREDENTIAL_SME_00146_VERIFIED,SUCCESS,SESSION_a8c9C1
2026-06-10T05:54:31.483406,VERIFIED,SME_00150,KYC_CREDENTIAL_SME_00150_VERIFIED,SUCCESS,SESSION_a8c9C1
2026-06-10T05:54:31.499452,VERIFIED,SME_00151,KYC_CREDENTIAL_SME_00151_VERIFIED,SUCCESS,SESSION_a8c9C1
2026-06-10T05:54:31.515404,VERIFIED,SME_00159,KYC_CREDENTIAL_SME_00159_VERIFIED,SUCCESS,SESSION_a8c9C1
2026-06-10T05:54:31.530868,VERIFIED,SME_00160,KYC_CREDENTIAL_SME_00160_VERIFIED,SUCCESS,SESSION_a8c9C1
2026-06-10T05:54:31.546874,VERIFIED,SME_00166,KYC_CREDENTIAL_SME_00166_VERIFIED,SUCCESS,SESSION_a8c9C1
2026-06-10T05:54:31.566060,VERIFIED,SME_00168,KYC_CREDENTIAL_SME_00168_VERIFIED,SUCCESS,SESSION_a8c9C1
2026-06-10T05:54:31.580038,VERIFIED,SME_00172,KYC_CREDENTIAL_SME_00172_VERIFIED,SUCCESS,SESSION_a8c9C1
2026-06-10T05:54:31.595109,VERIFIED,SME_00180,KYC_CREDENTIAL_SME_00180_VERIFIED,SUCCESS,SESSION_a8c9C1
2026-06-10T05:54:31.612800,VERIFIED,SME_00183,KYC_CREDENTIAL_SME_00183_VERIFIED,SUCCESS,SESSION_a8c9C1
2026-06-10T05:54:31.615216,VERIFIED,SME_00185,KYC_CREDENTIAL_SME_00185_VERIFIED,SUCCESS,SESSION_a8c9C1
2026-06-10T05:54:31.639625,VERIFIED,SME_00190,KYC_CREDENTIAL_SME_00190_VERIFIED,SUCCESS,SESSION_a8c9C1
2026-06-10T05:54:31.667353,VERIFIED,SME_00192,KYC_CREDENTIAL_SME_00192_VERIFIED,SUCCESS,SESSION_a8c9C1
2026-06-10T05:54:31.683381,VERIFIED,SME_00194,KYC_CREDENTIAL_SME_00194_VERIFIED,SUCCESS,SESSION_a8c9C1
2026-06-10T05:54:31.695199,VERIFIED,SME_00205,KYC_CREDENTIAL_SME_00205_VERIFIED,SUCCESS,SESSION_a8c9C1
2026-06-10T05:54:31.721358,VERIFIED,SME_00206,KYC_CREDENTIAL_SME_00206_VERIFIED,SUCCESS,SESSION_a8c9C1
2026-06-10T05:54:31.737032,VERIFIED,SME_00207,KYC_CREDENTIAL_SME_00207_VERIFIED,SUCCESS,SESSION_a8c9C1
2026-06-10T05:54:31.752899,VERIFIED,SME_00209,KYC_CREDENTIAL_SME_00209_VERIFIED,SUCCESS,SESSION_a8c9C1
2026-06-10T05:54:31.770360,VERIFIED,SME_00210,KYC_CREDENTIAL_SME_00210_VERIFIED,SUCCESS,SESSION_a8c9C1
2026-06-10T05:54:31.783927,VERIFIED,SME_00212,KYC_CREDENTIAL_SME_00212_VERIFIED,SUCCESS,SESSION_a8c9C1
2026-06-10T05:54:31.800668,VERIFIED,SME_00214,KYC_CREDENTIAL_SME_00214_VERIFIED,SUCCESS,SESSION_a8c9C1
2026-06-10T05:54:31.820910,VERIFIED,SME_00216,KYC_CREDENTIAL_SME_00216_VERIFIED,SUCCESS,SESSION_a8c9C1
2026-06-10T05:54:31.836407,VERIFIED,SME_00218,KYC_CREDENTIAL_SME_00218_VERIFIED,SUCCESS,SESSION_a8c9C1
2026-06-10T05:54:31.836407,VERIFIED,SME_00219,KYC_CREDENTIAL_SME_00219_VERIFIED,SUCCESS,SESSION_a8c9C1
2026-06-10T05:54:31.852182,VERIFIED,SME_00227,KYC_CREDENTIAL_SME_00227_VERIFIED,SUCCESS,SESSION_a8c9C1
2026-06-10T05:54:31.880176,VERIFIED,SME_00233,KYC_CREDENTIAL_SME_00233_VERIFIED,SUCCESS,SESSION_a8c9C1
2026-06-10T05:54:31.883996,VERIFIED,SME_00234,KYC_CREDENTIAL_SME_00234_VERIFIED,SUCCESS,SESSION_a8c9C1
2026-06-10T05:54:31.903847,VERIFIED,SME_00236,KYC_CREDENTIAL_SME_00236_VERIFIED,SUCCESS,SESSION_a8c9C1
2026-06-10T05:54:31.922200,VERIFIED,SME_00238,KYC_CREDENTIAL_SME_00238_VERIFIED,SUCCESS,SESSION_a8c9C1
2026-06-10T05:54:31.937814,VERIFIED,SME_00239,KYC_CREDENTIAL_SME_00239_VERIFIED,SUCCESS,SESSION_a8c9C1
2026-06-10T05:54:31.949704,VERIFIED,SME_00240,KYC_CREDENTIAL_SME_00240_VERIFIED,SUCCESS,SESSION_a8c9C1
2026-06-10T05:54:31.980231,VERIFIED,SME_00241,KYC_CREDENTIAL_SME_00241_VERIFIED,SUCCESS,SESSION_a8c9C1
2026-06-10T05:54:32.000907,VERIFIED,SME_00242,KYC_CREDENTIAL_SME_00242_VERIFIED,SUCCESS,SESSION_a8c9C1
2026-06-10T05:54:32.021219,VERIFIED,SME_00243,KYC_CREDENTIAL_SME_00243_VERIFIED,SUCCESS,SESSION_a8c9C1
2026-06-10T05:54:32.022907,VERIFIED,SME_00244,KYC_CREDENTIAL_SME_00244_VERIFIED,SUCCESS,SESSION_a8c9C1
2026-06-10T05:54:32.039025,VERIFIED,SME_00245,KYC_CREDENTIAL_SME_00245_VERIFIED,SUCCESS,SESSION_a8c9C1
2026-06-10T05:54:32.070592,VERIFIED,SME_00251,KYC_CREDENTIAL_SME_00251_VERIFIED,SUCCESS,SESSION_a8c9C1
2026-06-10T05:54:32.086466,VERIFIED,SME_00254,KYC_CREDENTIAL_SME_00254_VERIFIED,SUCCESS,SESSION_a8c9C1
2026-06-10T05:54:32.102231,VERIFIED,SME_00256,KYC_CREDENTIAL_SME_00256_VERIFIED,SUCCESS,SESSION_a8c9C1
2026-06-10T05:54:32.118186,VERIFIED,SME_00257,KYC_CREDENTIAL_SME_00257_VERIFIED,SUCCESS,SESSION_a8c9C1
2026-06-10T05:54:32.126512,VERIFIED,SME_00258,KYC_CREDENTIAL_SME_00258_VERIFIED,SUCCESS,SESSION_a8c9C1
2026-06-10T05:54:32.142012,VERIFIED,SME_00259,KYC_CREDENTIAL_SME_00259_VERIFIED,SUCCESS,SESSION_a8c9C1
2026-06-10T05:54:32.157681,VERIFIED,SME_00262,KYC_CREDENTIAL_SME_00262_VERIFIED,SUCCESS,SESSION_a8c9C1
2026-06-10T05:54:32.182913,VERIFIED,SME_00266,KYC_CREDENTIAL_SME_00266_VERIFIED,SUCCESS,SESSION_a8c9C1
2026-06-10T05:54:32.189310,VERIFIED,SME_00268,KYC_CREDENTIAL_SME_00268_VERIFIED,SUCCESS,SESSION_a8c9C1
2026-06-10T05:54:32.217489,VERIFIED,SME_00269,KYC_CREDENTIAL_SME_00269_VERIFIED,SUCCESS,SESSION_a8c9C1
2026-06-10T05:54:32.226130,VERIFIED,SME_00271,KYC_CREDENTIAL_SME_00271_VERIFIED,SUCCESS,SESSION_a8c9C1
2026-06-10T05:54:32.252173,VERIFIED,SME_00272,KYC_CREDENTIAL_SME_00272_VERIFIED,SUCCESS,SESSION_a8c9C1
2026-06-10T05:54:32.257193,VERIFIED,SME_00275,KYC_CREDENTIAL_SME_00275_VERIFIED,SUCCESS,SESSION_a8c9C1
2026-06-10T05:54:32.279907,VERIFIED,SME_00277,KYC_CREDENTIAL_SME_00277_VERIFIED,SUCCESS,SESSION_a8c9C1
2026-06-10T05:54:32.300673,VERIFIED,SME_00278,KYC_CREDENTIAL_SME_00278_VERIFIED,SUCCESS,SESSION_a8c9C1
2026-06-10T05:54:32.300673,VERIFIED,SME_00285,KYC_CREDENTIAL_SME_00285_VERIFIED,SUCCESS,SESSION_a8c9C1
2026-06-10T05:54:32.331975,VERIFIED,SME_00287,KYC_CREDENTIAL_SME_00287_VERIFIED,SUCCESS,SESSION_a8c9C1
2026-06-10T05:54:32.347509,VERIFIED,SME_00289,KYC_CREDENTIAL_SME_00289_VERIFIED,SUCCESS,SESSION_a8c9C1
2026-06-10T05:54:32.347509,VERIFIED,SME_00291,KYC_CREDENTIAL_SME_00291_VERIFIED,SUCCESS,SESSION_a8c9C1
2026-06-10T05:54:32.363628,VERIFIED,SME_00295,KYC_CREDENTIAL_SME_00295_VERIFIED,SUCCESS,SESSION_a8c9C1
2026-06-10T05:54:32.380087,VERIFIED,SME_00298,KYC_CREDENTIAL_SME_00298_VERIFIED,SUCCESS,SESSION_a8c9C1
2026-06-10T05:54:32.400733,VERIFIED,SME_00299,KYC_CREDENTIAL_SME_00299_VERIFIED,SUCCESS,SESSION_a8c9C1
2026-06-10T05:54:32.430639,VERIFIED,SME_00300,KYC_CREDENTIAL_SME_00300_VERIFIED,SUCCESS,SESSION_a8c9C1
2026-06-10T05:54:32.434050,VERIFIED,SME_00301,KYC_CREDENTIAL_SME_00301_VERIFIED,SUCCESS,SESSION_a8c9C1
2026-06-10T05:54:32.449747,VERIFIED,SME_00303,KYC_CREDENTIAL_SME_00303_VERIFIED,SUCCESS,SESSION_a8c9C1
2026-06-10T05:54:32.465441,VERIFIED,SME_00304,KYC_CREDENTIAL_SME_00304_VERIFIED,SUCCESS,SESSION_a8c9C1
2026-06-10T05:54:32.481209,VERIFIED,SME_00309,KYC_CREDENTIAL_SME_00309_VERIFIED,SUCCESS,SESSION_a8c9C1
2026-06-10T05:54:32.506201,VERIFIED,SME_00311,KYC_CREDENTIAL_SME_00311_VERIFIED,SUCCESS,SESSION_a8c9C1
2026-06-10T05:54:32.525971,VERIFIED,SME_00319,KYC_CREDENTIAL_SME_00319_VERIFIED,SUCCESS,SESSION_a8c9C1
2026-06-10T05:54:32.539547,VERIFIED,SME_00322,KYC_CREDENTIAL_SME_00322_VERIFIED,SUCCESS,SESSION_a8c9C1
2026-06-10T05:54:32.555183,VERIFIED,SME_00325,KYC_CREDENTIAL_SME_00325_VERIFIED,SUCCESS,SESSION_a8c9C1
2026-06-10T05:54:32.567315,VERIFIED,SME_00327,KYC_CREDENTIAL_SME_00327_VERIFIED,SUCCESS,SESSION_a8c9C1
2026-06-10T05:54:32.583305,VERIFIED,SME_00328,KYC_CREDENTIAL_SME_00328_VERIFIED,SUCCESS,SESSION_a8c9C1
2026-06-10T05:54:32.599128,VERIFIED,SME_00329,KYC_CREDENTIAL_SME_00329_VERIFIED,SUCCESS,SESSION_a8c9C1
2026-06-10T05:54:32.616968,VERIFIED,SME_00331,KYC_CREDENTIAL_SME_00331_VERIFIED,SUCCESS,SESSION_a8c9C1
2026-06-10T05:54:32.641572,VERIFIED,SME_00333,KYC_CREDENTIAL_SME_00333_VERIFIED,SUCCESS,SESSION_a8c9C1
2026-06-10T05:54:32.645319,VERIFIED,SME_00338,KYC_CREDENTIAL_SME_00338_VERIFIED,SUCCESS,SESSION_a8c9C1
2026-06-10T05:54:32.680200,VERIFIED,SME_00342,KYC_CREDENTIAL_SME_00342_VERIFIED,SUCCESS,SESSION_a8c9C1
2026-06-10T05:54:32.691758,VERIFIED,SME_00343,KYC_CREDENTIAL_SME_00343_VERIFIED,SUCCESS,SESSION_a8c9C1
2026-06-10T05:54:32.707594,VERIFIED,SME_00344,KYC_CREDENTIAL_SME_00344_VERIFIED,SUCCESS,SESSION_a8c9C1
2026-06-10T05:54:32.723385,VERIFIED,SME_00346,KYC_CREDENTIAL_SME_00346_VERIFIED,SUCCESS,SESSION_a8c9C1
2026-06-10T05:54:32.743094,VERIFIED,SME_00350,KYC_CREDENTIAL_SME_00350_VERIFIED,SUCCESS,SESSION_a8c9C1
2026-06-10T05:54:32.758748,VERIFIED,SME_00353,KYC_CREDENTIAL_SME_00353_VERIFIED,SUCCESS,SESSION_a8c9C1
2026-06-10T05:54:32.767734,VERIFIED,SME_00355,KYC_CREDENTIAL_SME_00355_VERIFIED,SUCCESS,SESSION_a8c9C1
2026-06-10T05:54:32.783190,VERIFIED,SME_00356,KYC_CREDENTIAL_SME_00356_VERIFIED,SUCCESS,SESSION_a8c9C1
2026-06-10T05:54:32.795101,VERIFIED,SME_00357,KYC_CREDENTIAL_SME_00357_VERIFIED,SUCCESS,SESSION_a8c9C1
2026-06-10T05:54:32.810746,VERIFIED,SME_00358,KYC_CREDENTIAL_SME_00358_VERIFIED,SUCCESS,SESSION_a8c9C1
2026-06-10T05:54:32.826379,VERIFIED,SME_00361,KYC_CREDENTIAL_SME_00361_VERIFIED,SUCCESS,SESSION_a8c9C1
2026-06-10T05:54:32.854740,VERIFIED,SME_00362,KYC_CREDENTIAL_SME_00362_VERIFIED,SUCCESS,SESSION_a8c9C1
2026-06-10T05:54:32.864773,VERIFIED,SME_00363,KYC_CREDENTIAL_SME_00363_VERIFIED,SUCCESS,SESSION_a8c9C1
2026-06-10T05:54:32.886826,VERIFIED,SME_00367,KYC_CREDENTIAL_SME_00367_VERIFIED,SUCCESS,SESSION_a8c9C1
2026-06-10T05:54:32.902754,VERIFIED,SME_00368,KYC_CREDENTIAL_SME_00368_VERIFIED,SUCCESS,SESSION_a8c9C1
2026-06-10T05:54:32.918629,VERIFIED,SME_00369,KYC_CREDENTIAL_SME_00369_VERIFIED,SUCCESS,SESSION_a8c9C1
2026-06-10T05:54:32.922882,VERIFIED,SME_00370,KYC_CREDENTIAL_SME_00370_VERIFIED,SUCCESS,SESSION_a8c9C1
2026-06-10T05:54:32.948741,VERIFIED,SME_00371,KYC_CREDENTIAL_SME_00371_VERIFIED,SUCCESS,SESSION_a8c9C1
2026-06-10T05:54:32.967319,VERIFIED,SME_00379,KYC_CREDENTIAL_SME_00379_VERIFIED,SUCCESS,SESSION_a8c9C1
2026-06-10T05:54:32.983245,VERIFIED,SME_00380,KYC_CREDENTIAL_SME_00380_VERIFIED,SUCCESS,SESSION_a8c9C1
2026-06-10T05:54:32.999070,VERIFIED,SME_00383,KYC_CREDENTIAL_SME_00383_VERIFIED,SUCCESS,SESSION_a8c9C1
2026-06-10T05:54:33.006221,VERIFIED,SME_00384,KYC_CREDENTIAL_SME_00384_VERIFIED,SUCCESS,SESSION_a8c9C1
2026-06-10T05:54:33.033960,VERIFIED,SME_00385,KYC_CREDENTIAL_SME_00385_VERIFIED,SUCCESS,SESSION_a8c9C1
2026-06-10T05:54:33.050610,VERIFIED,SME_00393,KYC_CREDENTIAL_SME_00393_VERIFIED,SUCCESS,SESSION_a8c9C1
2026-06-10T05:54:33.067781,VERIFIED,SME_00394,KYC_CREDENTIAL_SME_00394_VERIFIED,SUCCESS,SESSION_a8c9C1
2026-06-10T05:54:33.085069,VERIFIED,SME_00396,KYC_CREDENTIAL_SME_00396_VERIFIED,SUCCESS,SESSION_a8c9C1
2026-06-10T05:54:33.094995,VERIFIED,SME_00400,KYC_CREDENTIAL_SME_00400_VERIFIED,SUCCESS,SESSION_a8c9C1
2026-06-10T05:54:33.114915,VERIFIED,SME_00401,KYC_CREDENTIAL_SME_00401_VERIFIED,SUCCESS,SESSION_a8c9C1
2026-06-10T05:54:33.134151,VERIFIED,SME_00404,KYC_CREDENTIAL_SME_00404_VERIFIED,SUCCESS,SESSION_a8c9C1
2026-06-10T05:54:33.151050,VERIFIED,SME_00407,KYC_CREDENTIAL_SME_00407_VERIFIED,SUCCESS,SESSION_a8c9C1
2026-06-10T05:54:33.167589,VERIFIED,SME_00408,KYC_CREDENTIAL_SME_00408_VERIFIED,SUCCESS,SESSION_a8c9C1
2026-06-10T05:54:33.183924,VERIFIED,SME_00409,KYC_CREDENTIAL_SME_00409_VERIFIED,SUCCESS,SESSION_a8c9C1
2026-06-10T05:54:33.194996,VERIFIED,SME_00410,KYC_CREDENTIAL_SME_00410_VERIFIED,SUCCESS,SESSION_a8c9C1
2026-06-10T05:54:33.213837,VERIFIED,SME_00412,KYC_CREDENTIAL_SME_00412_VERIFIED,SUCCESS,SESSION_a8c9C1
2026-06-10T05:54:33.230531,VERIFIED,SME_00413,KYC_CREDENTIAL_SME_00413_VERIFIED,SUCCESS,SESSION_a8c9C1
2026-06-10T05:54:33.245445,VERIFIED,SME_00415,KYC_CREDENTIAL_SME_00415_VERIFIED,SUCCESS,SESSION_a8c9C1
2026-06-10T05:54:33.261791,VERIFIED,SME_00416,KYC_CREDENTIAL_SME_00416_VERIFIED,SUCCESS,SESSION_a8c9C1
2026-06-10T05:54:33.280660,VERIFIED,SME_00418,KYC_CREDENTIAL_SME_00418_VERIFIED,SUCCESS,SESSION_a8c9C1
2026-06-10T05:54:33.294977,VERIFIED,SME_00419,KYC_CREDENTIAL_SME_00419_VERIFIED,SUCCESS,SESSION_a8c9C1
2026-06-10T05:54:33.311646,VERIFIED,SME_00421,KYC_CREDENTIAL_SME_00421_VERIFIED,SUCCESS,SESSION_a8c9C1
2026-06-10T05:54:33.322804,VERIFIED,SME_00423,KYC_CREDENTIAL_SME_00423_VERIFIED,SUCCESS,SESSION_a8c9C1
2026-06-10T05:54:33.339418,VERIFIED,SME_00426,KYC_CREDENTIAL_SME_00426_VERIFIED,SUCCESS,SESSION_a8c9C1
2026-06-10T05:54:33.356140,VERIFIED,SME_00428,KYC_CREDENTIAL_SME_00428_VERIFIED,SUCCESS,SESSION_a8c9C1
2026-06-10T05:54:33.373196,VERIFIED,SME_00430,KYC_CREDENTIAL_SME_00430_VERIFIED,SUCCESS,SESSION_a8c9C1
2026-06-10T05:54:33.390746,VERIFIED,SME_00432,KYC_CREDENTIAL_SME_00432_VERIFIED,SUCCESS,SESSION_a8c9C1
2026-06-10T05:54:33.407296,VERIFIED,SME_00434,KYC_CREDENTIAL_SME_00434_VERIFIED,SUCCESS,SESSION_a8c9C1
2026-06-10T05:54:33.417209,VERIFIED,SME_00436,KYC_CREDENTIAL_SME_00436_VERIFIED,SUCCESS,SESSION_a8c9C1
2026-06-10T05:54:33.437056,VERIFIED,SME_00442,KYC_CREDENTIAL_SME_00442_VERIFIED,SUCCESS,SESSION_a8c9C1
2026-06-10T05:54:33.450567,VERIFIED,SME_00445,KYC_CREDENTIAL_SME_00445_VERIFIED,SUCCESS,SESSION_a8c9C1
2026-06-10T05:54:33.468245,VERIFIED,SME_00446,KYC_CREDENTIAL_SME_00446_VERIFIED,SUCCESS,SESSION_a8c9C1
2026-06-10T05:54:33.483930,VERIFIED,SME_00449,KYC_CREDENTIAL_SME_00449_VERIFIED,SUCCESS,SESSION_a8c9C1
2026-06-10T05:54:33.500608,VERIFIED,SME_00450,KYC_CREDENTIAL_SME_00450_VERIFIED,SUCCESS,SESSION_a8c9C1
2026-06-10T05:54:33.516920,VERIFIED,SME_00451,KYC_CREDENTIAL_SME_00451_VERIFIED,SUCCESS,SESSION_a8c9C1
2026-06-10T05:54:33.533864,VERIFIED,SME_00456,KYC_CREDENTIAL_SME_00456_VERIFIED,SUCCESS,SESSION_a8c9C1
2026-06-10T05:54:33.545325,VERIFIED,SME_00458,KYC_CREDENTIAL_SME_00458_VERIFIED,SUCCESS,SESSION_a8c9C1
2026-06-10T05:54:33.561974,VERIFIED,SME_00459,KYC_CREDENTIAL_SME_00459_VERIFIED,SUCCESS,SESSION_a8c9C1
2026-06-10T05:54:33.578340,VERIFIED,SME_00464,KYC_CREDENTIAL_SME_00464_VERIFIED,SUCCESS,SESSION_a8c9C1
2026-06-10T05:54:33.592632,VERIFIED,SME_00465,KYC_CREDENTIAL_SME_00465_VERIFIED,SUCCESS,SESSION_a8c9C1
2026-06-10T05:54:33.608314,VERIFIED,SME_00466,KYC_CREDENTIAL_SME_00466_VERIFIED,SUCCESS,SESSION_a8c9C1
2026-06-10T05:54:33.623197,VERIFIED,SME_00467,KYC_CREDENTIAL_SME_00467_VERIFIED,SUCCESS,SESSION_a8c9C1
2026-06-10T05:54:33.639171,VERIFIED,SME_00468,KYC_CREDENTIAL_SME_00468_VERIFIED,SUCCESS,SESSION_a8c9C1
2026-06-10T05:54:33.659342,VERIFIED,SME_00469,KYC_CREDENTIAL_SME_00469_VERIFIED,SUCCESS,SESSION_a8c9C1
2026-06-10T05:54:33.678722,VERIFIED,SME_00471,KYC_CREDENTIAL_SME_00471_VERIFIED,SUCCESS,SESSION_a8c9C1
2026-06-10T05:54:33.694975,VERIFIED,SME_00473,KYC_CREDENTIAL_SME_00473_VERIFIED,SUCCESS,SESSION_a8c9C1
2026-06-10T05:54:33.711643,VERIFIED,SME_00474,KYC_CREDENTIAL_SME_00474_VERIFIED,SUCCESS,SESSION_a8c9C1
2026-06-10T05:54:33.722793,VERIFIED,SME_00479,KYC_CREDENTIAL_SME_00479_VERIFIED,SUCCESS,SESSION_a8c9C1
2026-06-10T05:54:33.739426,VERIFIED,SME_00483,KYC_CREDENTIAL_SME_00483_VERIFIED,SUCCESS,SESSION_a8c9C1
2026-06-10T05:54:33.758303,VERIFIED,SME_00484,KYC_CREDENTIAL_SME_00484_VERIFIED,SUCCESS,SESSION_a8c9C1
2026-06-10T05:54:33.773818,VERIFIED,SME_00485,KYC_CREDENTIAL_SME_00485_VERIFIED,SUCCESS,SESSION_a8c9C1
2026-06-10T05:54:33.790613,VERIFIED,SME_00491,KYC_CREDENTIAL_SME_00491_VERIFIED,SUCCESS,SESSION_a8c9C1
2026-06-10T05:54:33.800870,VERIFIED,SME_00492,KYC_CREDENTIAL_SME_00492_VERIFIED,SUCCESS,SESSION_a8c9C1
2026-06-10T05:54:33.817191,VERIFIED,SME_00496,KYC_CREDENTIAL_SME_00496_VERIFIED,SUCCESS,SESSION_a8c9C1
2026-06-10T05:54:33.833856,VERIFIED,SME_00500,KYC_CREDENTIAL_SME_00500_VERIFIED,SUCCESS,SESSION_a8c9C1
2026-06-10T05:54:33.845349,VERIFIED,SME_00501,KYC_CREDENTIAL_SME_00501_VERIFIED,SUCCESS,SESSION_a8c9C1
2026-06-10T05:54:33.862043,VERIFIED,SME_00506,KYC_CREDENTIAL_SME_00506_VERIFIED,SUCCESS,SESSION_a8c9C1
2026-06-10T05:54:33.884029,VERIFIED,SME_00507,KYC_CREDENTIAL_SME_00507_VERIFIED,SUCCESS,SESSION_a8c9C1
2026-06-10T05:54:33.900921,VERIFIED,SME_00510,KYC_CREDENTIAL_SME_00510_VERIFIED,SUCCESS,SESSION_a8c9C1
2026-06-10T05:54:33.916941,VERIFIED,SME_00512,KYC_CREDENTIAL_SME_00512_VERIFIED,SUCCESS,SESSION_a8c9C1
2026-06-10T05:54:33.933865,VERIFIED,SME_00514,KYC_CREDENTIAL_SME_00514_VERIFIED,SUCCESS,SESSION_a8c9C1
2026-06-10T05:54:33.945320,VERIFIED,SME_00516,KYC_CREDENTIAL_SME_00516_VERIFIED,SUCCESS,SESSION_a8c9C1
2026-06-10T05:54:33.962015,VERIFIED,SME_00518,KYC_CREDENTIAL_SME_00518_VERIFIED,SUCCESS,SESSION_a8c9C1
2026-06-10T05:54:33.981881,VERIFIED,SME_00520,KYC_CREDENTIAL_SME_00520_VERIFIED,SUCCESS,SESSION_a8c9C1
2026-06-10T05:54:33.995468,VERIFIED,SME_00522,KYC_CREDENTIAL_SME_00522_VERIFIED,SUCCESS,SESSION_a8c9C1
2026-06-10T05:54:34.014840,VERIFIED,SME_00526,KYC_CREDENTIAL_SME_00526_VERIFIED,SUCCESS,SESSION_a8c9C1
2026-06-10T05:54:34.032459,VERIFIED,SME_00529,KYC_CREDENTIAL_SME_00529_VERIFIED,SUCCESS,SESSION_a8c9C1
2026-06-10T05:54:34.044998,VERIFIED,SME_00532,KYC_CREDENTIAL_SME_00532_VERIFIED,SUCCESS,SESSION_a8c9C1
2026-06-10T05:54:34.061625,VERIFIED,SME_00542,KYC_CREDENTIAL_SME_00542_VERIFIED,SUCCESS,SESSION_a8c9C1
2026-06-10T05:54:34.072791,VERIFIED,SME_00543,KYC_CREDENTIAL_SME_00543_VERIFIED,SUCCESS,SESSION_a8c9C1
2026-06-10T05:54:34.092634,VERIFIED,SME_00548,KYC_CREDENTIAL_SME_00548_VERIFIED,SUCCESS,SESSION_a8c9C1
2026-06-10T05:54:34.108269,VERIFIED,SME_00549,KYC_CREDENTIAL_SME_00549_VERIFIED,SUCCESS,SESSION_a8c9C1
2026-06-10T05:54:34.131689,VERIFIED,SME_00551,KYC_CREDENTIAL_SME_00551_VERIFIED,SUCCESS,SESSION_a8c9C1
2026-06-10T05:54:34.145369,VERIFIED,SME_00553,KYC_CREDENTIAL_SME_00553_VERIFIED,SUCCESS,SESSION_a8c9C1
2026-06-10T05:54:34.162098,VERIFIED,SME_00555,KYC_CREDENTIAL_SME_00555_VERIFIED,SUCCESS,SESSION_a8c9C1
2026-06-10T05:54:34.178323,VERIFIED,SME_00556,KYC_CREDENTIAL_SME_00556_VERIFIED,SUCCESS,SESSION_a8c9C1
2026-06-10T05:54:34.195011,VERIFIED,SME_00559,KYC_CREDENTIAL_SME_00559_VERIFIED,SUCCESS,SESSION_a8c9C1
2026-06-10T05:54:34.213823,VERIFIED,SME_00563,KYC_CREDENTIAL_SME_00563_VERIFIED,SUCCESS,SESSION_a8c9C1
2026-06-10T05:54:34.229498,VERIFIED,SME_00565,KYC_CREDENTIAL_SME_00565_VERIFIED,SUCCESS,SESSION_a8c9C1
2026-06-10T05:54:34.245389,VERIFIED,SME_00566,KYC_CREDENTIAL_SME_00566_VERIFIED,SUCCESS,SESSION_a8c9C1
2026-06-10T05:54:34.262047,VERIFIED,SME_00567,KYC_CREDENTIAL_SME_00567_VERIFIED,SUCCESS,SESSION_a8c9C1
2026-06-10T05:54:34.278668,VERIFIED,SME_00572,KYC_CREDENTIAL_SME_00572_VERIFIED,SUCCESS,SESSION_a8c9C1
2026-06-10T05:54:34.295078,VERIFIED,SME_00574,KYC_CREDENTIAL_SME_00574_VERIFIED,SUCCESS,SESSION_a8c9C1
2026-06-10T05:54:34.309253,VERIFIED,SME_00575,KYC_CREDENTIAL_SME_00575_VERIFIED,SUCCESS,SESSION_a8c9C1
2026-06-10T05:54:34.323084,VERIFIED,SME_00580,KYC_CREDENTIAL_SME_00580_VERIFIED,SUCCESS,SESSION_a8c9C1
2026-06-10T05:54:34.339403,VERIFIED,SME_00587,KYC_CREDENTIAL_SME_00587_VERIFIED,SUCCESS,SESSION_a8c9C1
2026-06-10T05:54:34.350560,VERIFIED,SME_00591,KYC_CREDENTIAL_SME_00591_VERIFIED,SUCCESS,SESSION_a8c9C1
2026-06-10T05:54:34.367231,VERIFIED,SME_00593,KYC_CREDENTIAL_SME_00593_VERIFIED,SUCCESS,SESSION_a8c9C1
2026-06-10T05:54:34.388158,VERIFIED,SME_00594,KYC_CREDENTIAL_SME_00594_VERIFIED,SUCCESS,SESSION_a8c9C1
2026-06-10T05:54:34.400126,VERIFIED,SME_00600,KYC_CREDENTIAL_SME_00600_VERIFIED,SUCCESS,SESSION_a8c9C1
2026-06-10T05:54:34.417642,VERIFIED,SME_00606,KYC_CREDENTIAL_SME_00606_VERIFIED,SUCCESS,SESSION_a8c9C1
2026-06-10T05:54:34.437056,VERIFIED,SME_00608,KYC_CREDENTIAL_SME_00608_VERIFIED,SUCCESS,SESSION_a8c9C1
2026-06-10T05:54:34.450546,VERIFIED,SME_00609,KYC_CREDENTIAL_SME_00609_VERIFIED,SUCCESS,SESSION_a8c9C1
2026-06-10T05:54:34.467224,VERIFIED,SME_00616,KYC_CREDENTIAL_SME_00616_VERIFIED,SUCCESS,SESSION_a8c9C1
2026-06-10T05:54:34.483922,VERIFIED,SME_00617,KYC_CREDENTIAL_SME_00617_VERIFIED,SUCCESS,SESSION_a8c9C1
2026-06-10T05:54:34.500761,VERIFIED,SME_00618,KYC_CREDENTIAL_SME_00618_VERIFIED,SUCCESS,SESSION_a8c9C1
2026-06-10T05:54:34.516931,VERIFIED,SME_00619,KYC_CREDENTIAL_SME_00619_VERIFIED,SUCCESS,SESSION_a8c9C1
2026-06-10T05:54:34.535058,VERIFIED,SME_00622,KYC_CREDENTIAL_SME_00622_VERIFIED,SUCCESS,SESSION_a8c9C1
2026-06-10T05:54:34.544988,VERIFIED,SME_00623,KYC_CREDENTIAL_SME_00623_VERIFIED,SUCCESS,SESSION_a8c9C1
2026-06-10T05:54:34.561956,VERIFIED,SME_00624,KYC_CREDENTIAL_SME_00624_VERIFIED,SUCCESS,SESSION_a8c9C1
2026-06-10T05:54:34.586029,VERIFIED,SME_00627,KYC_CREDENTIAL_SME_00627_VERIFIED,SUCCESS,SESSION_a8c9C1
2026-06-10T05:54:34.601580,VERIFIED,SME_00629,KYC_CREDENTIAL_SME_00629_VERIFIED,SUCCESS,SESSION_a8c9C1
2026-06-10T05:54:34.617187,VERIFIED,SME_00630,KYC_CREDENTIAL_SME_00630_VERIFIED,SUCCESS,SESSION_a8c9C1
2026-06-10T05:54:34.633856,VERIFIED,SME_00632,KYC_CREDENTIAL_SME_00632_VERIFIED,SUCCESS,SESSION_a8c9C1
2026-06-10T05:54:34.647651,VERIFIED,SME_00633,KYC_CREDENTIAL_SME_00633_VERIFIED,SUCCESS,SESSION_a8c9C1
2026-06-10T05:54:34.666092,VERIFIED,SME_00636,KYC_CREDENTIAL_SME_00636_VERIFIED,SUCCESS,SESSION_a8c9C1
2026-06-10T05:54:34.682180,VERIFIED,SME_00637,KYC_CREDENTIAL_SME_00637_VERIFIED,SUCCESS,SESSION_a8c9C1
2026-06-10T05:54:34.694698,VERIFIED,SME_00638,KYC_CREDENTIAL_SME_00638_VERIFIED,SUCCESS,SESSION_a8c9C1
2026-06-10T05:54:34.717199,VERIFIED,SME_00639,KYC_CREDENTIAL_SME_00639_VERIFIED,SUCCESS,SESSION_a8c9C1
2026-06-10T05:54:34.732524,VERIFIED,SME_00641,KYC_CREDENTIAL_SME_00641_VERIFIED,SUCCESS,SESSION_a8c9C1
2026-06-10T05:54:34.745302,VERIFIED,SME_00642,KYC_CREDENTIAL_SME_00642_VERIFIED,SUCCESS,SESSION_a8c9C1
2026-06-10T05:54:34.762017,VERIFIED,SME_00644,KYC_CREDENTIAL_SME_00644_VERIFIED,SUCCESS,SESSION_a8c9C1
2026-06-10T05:54:34.778648,VERIFIED,SME_00647,KYC_CREDENTIAL_SME_00647_VERIFIED,SUCCESS,SESSION_a8c9C1
2026-06-10T05:54:34.794948,VERIFIED,SME_00649,KYC_CREDENTIAL_SME_00649_VERIFIED,SUCCESS,SESSION_a8c9C1
2026-06-10T05:54:34.813697,VERIFIED,SME_00650,KYC_CREDENTIAL_SME_00650_VERIFIED,SUCCESS,SESSION_a8c9C1
2026-06-10T05:54:34.829453,VERIFIED,SME_00651,KYC_CREDENTIAL_SME_00651_VERIFIED,SUCCESS,SESSION_a8c9C1
2026-06-10T05:54:34.845021,VERIFIED,SME_00654,KYC_CREDENTIAL_SME_00654_VERIFIED,SUCCESS,SESSION_a8c9C1
2026-06-10T05:54:34.860289,VERIFIED,SME_00656,KYC_CREDENTIAL_SME_00656_VERIFIED,SUCCESS,SESSION_a8c9C1
2026-06-10T05:54:34.872774,VERIFIED,SME_00659,KYC_CREDENTIAL_SME_00659_VERIFIED,SUCCESS,SESSION_a8c9C1
2026-06-10T05:54:34.892734,VERIFIED,SME_00660,KYC_CREDENTIAL_SME_00660_VERIFIED,SUCCESS,SESSION_a8c9C1
2026-06-10T05:54:34.910343,VERIFIED,SME_00661,KYC_CREDENTIAL_SME_00661_VERIFIED,SUCCESS,SESSION_a8c9C1
2026-06-10T05:54:34.929559,VERIFIED,SME_00664,KYC_CREDENTIAL_SME_00664_VERIFIED,SUCCESS,SESSION_a8c9C1
2026-06-10T05:54:34.945013,VERIFIED,SME_00667,KYC_CREDENTIAL_SME_00667_VERIFIED,SUCCESS,SESSION_a8c9C1
2026-06-10T05:54:34.962075,VERIFIED,SME_00674,KYC_CREDENTIAL_SME_00674_VERIFIED,SUCCESS,SESSION_a8c9C1
2026-06-10T05:54:34.978362,VERIFIED,SME_00680,KYC_CREDENTIAL_SME_00680_VERIFIED,SUCCESS,SESSION_a8c9C1
2026-06-10T05:54:34.994698,VERIFIED,SME_00681,KYC_CREDENTIAL_SME_00681_VERIFIED,SUCCESS,SESSION_a8c9C1
2026-06-10T05:54:35.011331,VERIFIED,SME_00682,KYC_CREDENTIAL_SME_00682_VERIFIED,SUCCESS,SESSION_a8c9C1
2026-06-10T05:54:35.028371,VERIFIED,SME_00685,KYC_CREDENTIAL_SME_00685_VERIFIED,SUCCESS,SESSION_a8c9C1
2026-06-10T05:54:35.045317,VERIFIED,SME_00690,KYC_CREDENTIAL_SME_00690_VERIFIED,SUCCESS,SESSION_a8c9C1
2026-06-10T05:54:35.062058,VERIFIED,SME_00691,KYC_CREDENTIAL_SME_00691_VERIFIED,SUCCESS,SESSION_a8c9C1
2026-06-10T05:54:35.072764,VERIFIED,SME_00699,KYC_CREDENTIAL_SME_00699_VERIFIED,SUCCESS,SESSION_a8c9C1
2026-06-10T05:54:35.092625,VERIFIED,SME_00700,KYC_CREDENTIAL_SME_00700_VERIFIED,SUCCESS,SESSION_a8c9C1
2026-06-10T05:54:35.113979,VERIFIED,SME_00701,KYC_CREDENTIAL_SME_00701_VERIFIED,SUCCESS,SESSION_a8c9C1
2026-06-10T05:54:35.132547,VERIFIED,SME_00707,KYC_CREDENTIAL_SME_00707_VERIFIED,SUCCESS,SESSION_a8c9C1
2026-06-10T05:54:35.150571,VERIFIED,SME_00708,KYC_CREDENTIAL_SME_00708_VERIFIED,SUCCESS,SESSION_a8c9C1
2026-06-10T05:54:35.167615,VERIFIED,SME_00713,KYC_CREDENTIAL_SME_00713_VERIFIED,SUCCESS,SESSION_a8c9C1
2026-06-10T05:54:35.183894,VERIFIED,SME_00714,KYC_CREDENTIAL_SME_00714_VERIFIED,SUCCESS,SESSION_a8c9C1
2026-06-10T05:54:35.194944,VERIFIED,SME_00717,KYC_CREDENTIAL_SME_00717_VERIFIED,SUCCESS,SESSION_a8c9C1
2026-06-10T05:54:35.214806,VERIFIED,SME_00723,KYC_CREDENTIAL_SME_00723_VERIFIED,SUCCESS,SESSION_a8c9C1
2026-06-10T05:54:35.229322,VERIFIED,SME_00725,KYC_CREDENTIAL_SME_00725_VERIFIED,SUCCESS,SESSION_a8c9C1
2026-06-10T05:54:35.245045,VERIFIED,SME_00727,KYC_CREDENTIAL_SME_00727_VERIFIED,SUCCESS,SESSION_a8c9C1
2026-06-10T05:54:35.262061,VERIFIED,SME_00736,KYC_CREDENTIAL_SME_00736_VERIFIED,SUCCESS,SESSION_a8c9C1
2026-06-10T05:54:35.278632,VERIFIED,SME_00738,KYC_CREDENTIAL_SME_00738_VERIFIED,SUCCESS,SESSION_a8c9C1
2026-06-10T05:54:35.294944,VERIFIED,SME_00740,KYC_CREDENTIAL_SME_00740_VERIFIED,SUCCESS,SESSION_a8c9C1
2026-06-10T05:54:35.310264,VERIFIED,SME_00746,KYC_CREDENTIAL_SME_00746_VERIFIED,SUCCESS,SESSION_a8c9C1
2026-06-10T05:54:35.322747,VERIFIED,SME_00749,KYC_CREDENTIAL_SME_00749_VERIFIED,SUCCESS,SESSION_a8c9C1
2026-06-10T05:54:35.339436,VERIFIED,SME_00750,KYC_CREDENTIAL_SME_00750_VERIFIED,SUCCESS,SESSION_a8c9C1
2026-06-10T05:54:35.357258,VERIFIED,SME_00753,KYC_CREDENTIAL_SME_00753_VERIFIED,SUCCESS,SESSION_a8c9C1
2026-06-10T05:54:35.373182,VERIFIED,SME_00754,KYC_CREDENTIAL_SME_00754_VERIFIED,SUCCESS,SESSION_a8c9C1
2026-06-10T05:54:35.390698,VERIFIED,SME_00755,KYC_CREDENTIAL_SME_00755_VERIFIED,SUCCESS,SESSION_a8c9C1
2026-06-10T05:54:35.409365,VERIFIED,SME_00756,KYC_CREDENTIAL_SME_00756_VERIFIED,SUCCESS,SESSION_a8c9C1
2026-06-10T05:54:35.422778,VERIFIED,SME_00761,KYC_CREDENTIAL_SME_00761_VERIFIED,SUCCESS,SESSION_a8c9C1
2026-06-10T05:54:35.440917,VERIFIED,SME_00768,KYC_CREDENTIAL_SME_00768_VERIFIED,SUCCESS,SESSION_a8c9C1
2026-06-10T05:54:35.457276,VERIFIED,SME_00769,KYC_CREDENTIAL_SME_00769_VERIFIED,SUCCESS,SESSION_a8c9C1
2026-06-10T05:54:35.467502,VERIFIED,SME_00771,KYC_CREDENTIAL_SME_00771_VERIFIED,SUCCESS,SESSION_a8c9C1
2026-06-10T05:54:35.487046,VERIFIED,SME_00773,KYC_CREDENTIAL_SME_00773_VERIFIED,SUCCESS,SESSION_a8c9C1
2026-06-10T05:54:35.506170,VERIFIED,SME_00774,KYC_CREDENTIAL_SME_00774_VERIFIED,SUCCESS,SESSION_a8c9C1
2026-06-10T05:54:35.517180,VERIFIED,SME_00775,KYC_CREDENTIAL_SME_00775_VERIFIED,SUCCESS,SESSION_a8c9C1
2026-06-10T05:54:35.538008,VERIFIED,SME_00776,KYC_CREDENTIAL_SME_00776_VERIFIED,SUCCESS,SESSION_a8c9C1
2026-06-10T05:54:35.550575,VERIFIED,SME_00777,KYC_CREDENTIAL_SME_00777_VERIFIED,SUCCESS,SESSION_a8c9C1
2026-06-10T05:54:35.569243,VERIFIED,SME_00779,KYC_CREDENTIAL_SME_00779_VERIFIED,SUCCESS,SESSION_a8c9C1
2026-06-10T05:54:35.585992,VERIFIED,SME_00789,KYC_CREDENTIAL_SME_00789_VERIFIED,SUCCESS,SESSION_a8c9C1
2026-06-10T05:54:35.600540,VERIFIED,SME_00793,KYC_CREDENTIAL_SME_00793_VERIFIED,SUCCESS,SESSION_a8c9C1
2026-06-10T05:54:35.615903,VERIFIED,SME_00794,KYC_CREDENTIAL_SME_00794_VERIFIED,SUCCESS,SESSION_a8c9C1
2026-06-10T05:54:35.633561,VERIFIED,SME_00795,KYC_CREDENTIAL_SME_00795_VERIFIED,SUCCESS,SESSION_a8c9C1
2026-06-10T05:54:35.650601,VERIFIED,SME_00800,KYC_CREDENTIAL_SME_00800_VERIFIED,SUCCESS,SESSION_a8c9C1
2026-06-10T05:54:35.653608,RECORD_BLOCKED,SME_00001,"{'businessID': 'SME_00001', 'statistical_check': {'passed': True, 'details': ['All fields passed statistical validation']}, 'anomaly_check': {'passed': False, 'details': 'SME_00001 flagged as anomalou",BLOCKED,SESSION_a8c9C1
2026-06-10T05:54:35.669991,RECORD_BLOCKED,SME_00002,"{'businessID': 'SME_00002', 'statistical_check': {'passed': True, 'details': ['All fields passed statistical validation']}, 'anomaly_check': {'passed': False, 'details': 'SME_00002 flagged as anomalou",BLOCKED,SESSION_a8c9C1
2026-06-10T05:54:35.723100,RECORD_STORED,SME_00004,4a4ff963351b7db9b4a28f9d3d6ed66a,SUCCESS,SESSION_a8c9C1
2026-06-10T05:54:35.770707,RECORD_STORED,SME_00005,7a67fab895afa917729adde638b65323,SUCCESS,SESSION_a8c9C1
2026-06-10T05:54:35.812793,RECORD_STORED,SME_00006,d1b28429a59c4a3c93a306e52878c1a9,SUCCESS,SESSION_a8c9C1
2026-06-10T05:54:35.845297,RECORD_STORED,SME_00007,eaefd85d2a2beb1583f5eea2b6d02894,SUCCESS,SESSION_a8c9C1
2026-06-10T05:54:35.894676,LOAN_CREATED,SME_00001,ID:1,SUCCESS,SESSION_a8c9C1
2026-06-10T05:54:35.928305,LOAN_CREATED,SME_00002,ID:2,SUCCESS,SESSION_a8c9C1
2026-06-10T05:54:35.957253,LOAN_CREATED,SME_00004,ID:3,SUCCESS,SESSION_a8c9C1
2026-06-10T05:54:35.978314,LOAN_EXECUTED,SME_00001,ID:1,SUCCESS,SESSION_a8c9C1
2026-06-10T05:54:36.000629,LOAN_EXECUTED,SME_00002,ID:2,SUCCESS,SESSION_a8c9C1
2026-06-10T05:54:36.023094,LOAN_EXECUTED,SME_00004,ID:3,SUCCESS,SESSION_a8c9C1
