business_id,registration_id,tax_id,business_name,owner_name,country,city,district,legal_form,business_stage,sector_code,sector_name,subsector_name,founding_year,business_age_months,owner_experience_years,employee_count,female_led,export_oriented,online_sales_enabled,monthly_revenue,monthly_expense,net_profit_margin,existing_debt_ratio,repayment_delay_days,document_completeness_score,bank_statement_consistency_score,transaction_spike_score,timing_irregularity_score,previously_raised_fund,profit_amount,credit_readiness_score,investor_readiness_score,fraud_probability_latent,fraud_flag,anomaly_probability_latent,anomaly_flag,fraud_quantum_candidate,anomaly_quantum_candidate,revenue_growth_rate,cash_flow_stability,bank_statement_consistency,credit_score,credit_approved,risk_label,q_fraud_pred,q_fraud_score,q_anomaly_pred,q_anomaly_score
SME_00001,BR-95822594,TAX-2469363274,Golden Payments Solutions,Farhana Chowdhury,Bangladesh,Rangpur,Gangachara,Private Limited,Medium,6,FinTech,Payments,2017,118,9.3,36,0,1,1,133293.21,117874.02,0.1719,0.2597,0.0,0.6904,0.8416,0.7305,0.1377,1,15419.19,0.7518,0.7437,0.0253,0,0.8638,1,0,0,0.1787,0.731,0.8416,0.7459,1,Normal,0,0.0095,1,0.6074
SME_00002,BR-15355431,TAX-2934506604,Nova Bakery Foods,Tariq Hossain,Bangladesh,Dhaka,Dhanmondi,Private Limited,Growth,3,Food,Bakery,2016,130,19.04,5,0,1,0,65812.41,49020.52,0.2565,0.0,0.0,0.9062,0.8851,0.5258,0.2819,1,16791.89,0.9262,0.8463,0.004,0,0.4211,0,0,1,0.149,1.0,0.8851,0.9167,1,Normal,0,0.0153,1,0.4917
SME_00003,BR-65270778,TAX-9648775760,Ever Dyeing Care,Mashrur Jahan,Bangladesh,Sylhet,Balaganj,Private Limited,Growth,7,Textile,Dyeing,2022,52,8.98,5,0,0,0,33161.36,29015.41,0.0915,0.668,13.59,0.665,0.5657,0.3134,0.446,0,4145.95,0.4718,0.4837,0.4195,0,0.073,0,0,0,0.0953,0.2501,0.5657,0.4748,0,Warning,0,0.2588,0,0.4467
SME_00004,BR-36894055,TAX-0866388317,Nova Diagnostics Digital,Mehjabin Sultana,Bangladesh,Mymensingh,Kotwali,Private Limited,Medium,5,Healthcare,Diagnostics,2021,68,8.49,5,0,1,1,54107.11,45918.6,0.1789,0.3429,7.06,0.6769,0.5858,0.0755,0.3419,0,8188.51,0.6551,0.4603,0.2296,0,0.1123,0,1,0,0.0086,0.4486,0.5858,0.6536,1,Normal,0,0.2307,0,0.4678
SME_00005,BR-88454746,TAX-6049420293,Smart Electronics Hub,Mashrur Miah,Bangladesh,Dhaka,Dhanmondi,Private Limited,Growth,0,Retail,Electronics,2012,170,18.05,24,0,0,1,43728.75,32582.72,0.233,0.2478,0.0,0.8756,0.6354,0.3915,0.2763,0,11146.04,0.8016,0.6758,0.0322,0,0.2658,0,0,0,0.1381,1.0,0.6354,0.7989,1,Normal,0,0.0529,0,0.4405
SME_00006,BR-14936688,TAX-0637243297,Future Fabric Enterprises,Shakil Mahmud,Bangladesh,Dhaka,Mirpur,Sole Proprietorship,Small,7,Textile,Fabric,2014,154,10.24,17,1,0,1,72295.82,55514.8,0.1902,0.1294,0.0,0.7218,0.787,0.3719,0.2714,1,16781.02,0.7917,0.7301,0.0246,0,0.1755,0,0,0,0.0958,0.9185,0.787,0.7872,1,Normal,0,0.0358,0,0.4358
SME_00007,BR-83377800,TAX-2183854565,Urban Clinic Textiles,Tanvir Sultana,Bangladesh,Rangpur,Gangachara,Private Limited,Micro,5,Healthcare,Clinic,2020,77,8.19,8,0,0,1,81305.68,60316.93,0.2149,0.237,0.0,0.6533,0.6214,0.1451,0.2843,0,20988.75,0.7464,0.5471,0.2747,0,0.2133,0,1,1,0.0802,0.9094,0.6214,0.746,1,Normal,0,0.1715,0,0.4657
SME_00008,BR-69974068,TAX-6501025257,Alpha Payments Enterprises,Sajid Jahan,Bangladesh,Dhaka,Mohammadpur,Sole Proprietorship,Micro,6,FinTech,Payments,2023,47,9.61,9,0,0,1,49934.55,38049.66,0.2541,0.3699,2.01,0.6615,0.7544,0.3483,0.3801,0,11884.9,0.765,0.6085,0.0241,0,0.1015,0,0,0,0.0648,0.8916,0.7544,0.7719,1,Normal,0,0.0437,0,0.4665
SME_00009,BR-46907231,TAX-1696525496,Vertex HomeGoods Digital,Tanvir Jahan,Bangladesh,Chattogram,Halishahar,Partnership,Micro,0,Retail,HomeGoods,2022,58,9.93,6,0,0,1,23446.47,21347.92,0.0998,0.5936,19.42,0.5739,0.7277,0.1981,0.2438,0,2098.55,0.4782,0.4947,0.267,0,0.1864,0,0,0,0.0905,0.1334,0.7277,0.4826,0,Warning,0,0.1521,0,0.4409
SME_00010,BR-55710862,TAX-9094926437,Prime Bakery Textiles,Tariq Islam,Bangladesh,Chattogram,Halishahar,Cooperative,Micro,3,Food,Bakery,2018,99,12.34,15,0,0,0,56930.12,53554.46,0.1351,0.4685,15.61,0.8056,0.7194,0.4267,0.3108,1,3375.66,0.5948,0.7013,0.0669,0,0.0664,0,0,0,0.0902,0.4924,0.7194,0.6173,1,Normal,0,0.012,0,0.4528
SME_00011,BR-91422089,TAX-8224401050,Green AgroProcessing Digital,Karim Jahan,Bangladesh,Dhaka,Mirpur,Private Limited,Small,2,AgriTech,AgroProcessing,2018,104,19.83,7,0,0,0,30653.63,26011.3,0.1369,0.2858,5.51,0.6896,0.7878,0.2497,0.4269,0,4642.32,0.6792,0.5899,0.0193,0,0.1841,0,0,0,0.1111,0.6367,0.7878,0.6683,1,Normal,0,0.0243,0,0.4219
SME_00012,BR-61435642,TAX-7940213604,Prime Garments Traders,Adnan Karim,Bangladesh,Mymensingh,Muktagacha,Cooperative,Medium,7,Textile,Garments,2023,38,10.61,8,0,1,1,80131.76,69555.17,0.1166,0.44,5.59,0.5989,0.6926,0.0134,0.2898,0,10576.59,0.5945,0.4304,0.174,0,0.2099,0,1,0,0.0172,0.5319,0.6926,0.5993,1,Warning,0,0.103,0,0.4666
SME_00013,BR-81342559,TAX-8563212303,Fresh Warehousing Traders,Tariq Miah,Bangladesh,Mymensingh,Trishal,Partnership,Medium,4,Logistics,Warehousing,2025,17,0.0,13,0,1,1,61776.34,61583.7,0.0751,0.7263,23.54,0.5417,0.5236,0.0,0.4489,0,192.64,0.365,0.3225,0.3746,1,0.4191,1,0,0,0.0068,0.1894,0.5236,0.4139,0,Warning,1,0.8431,1,0.557
SME_00014,BR-29625670,TAX-7976765000,Blue AccountingTech Studio,Rafi Sarkar,Bangladesh,Chattogram,Pahartali,Partnership,Small,6,FinTech,AccountingTech,2019,92,12.37,8,0,0,1,67577.63,49752.15,0.3131,0.0,0.0,0.8915,0.7476,0.6579,0.5484,1,17825.47,0.935,0.7901,0.0083,0,0.4645,1,0,0,0.0968,1.0,0.7476,0.9342,1,Normal,0,0.0054,0,0.5452
SME_00015,BR-64927636,TAX-3801943606,Bright Bakery Digital,Amin Hossain,Bangladesh,Barishal,Sadar,Partnership,Micro,3,Food,Bakery,2014,144,12.95,8,1,0,0,130305.83,111512.99,0.1515,0.5103,4.48,0.714,0.6096,0.4113,0.3231,0,18792.84,0.6195,0.585,0.2106,1,0.1301,0,1,0,0.1289,0.4529,0.6096,0.6195,0,Normal,0,0.2721,0,0.4244
SME_00016,BR-66768696,TAX-5230725603,Nova Plastic Agro,Tanvir Chowdhury,Bangladesh,Dhaka,Gulshan,Sole Proprietorship,Medium,1,Manufacturing,Plastic,2024,32,9.24,9,0,0,0,50838.22,39473.38,0.1455,0.4927,7.22,0.696,0.7931,0.2075,0.2213,0,11364.84,0.6343,0.5798,0.0169,0,0.1336,0,0,0,0.0909,0.4933,0.7931,0.609,1,Normal,0,0.0184,0,0.4284
SME_00017,BR-34570271,TAX-7863974311,Trust Beverage Studio,Shila Akter,Bangladesh,Dhaka,Uttara,Sole Proprietorship,Small,3,Food,Beverage,2020,77,11.55,15,0,0,0,58997.77,48428.5,0.1386,0.2715,2.31,0.7923,0.7668,0.5506,0.3053,1,10569.27,0.7147,0.7753,0.0145,0,0.3031,1,0,1,0.1685,0.6508,0.7668,0.7004,1,Normal,0,0.0028,0,0.4532
SME_00018,BR-15959828,TAX-5071562474,Blue Electronics Partners,Amin Mahmud,Bangladesh,Rajshahi,Motihar,Partnership,Micro,0,Retail,Electronics,2024,34,9.02,24,0,0,0,46097.22,39261.14,0.0956,0.7085,25.91,0.6758,0.7026,0.1924,0.4204,0,6836.08,0.4303,0.5174,0.2091,1,0.2876,1,0,0,0.1064,0.3237,0.7026,0.4282,0,Warning,1,0.6895,0,0.4794
SME_00019,BR-48731919,TAX-2703497387,Future SMEFinance Traders,Samira Chowdhury,Bangladesh,Rangpur,Sadar,Sole Proprietorship,Small,6,FinTech,SMEFinance,2022,48,9.39,13,0,0,0,90873.12,70369.95,0.2274,0.0083,0.0,0.5908,0.5332,0.3827,0.388,1,20503.17,0.78,0.7175,0.0534,0,0.0796,0,0,0,0.1058,0.9604,0.5332,0.7907,1,Normal,0,0.2644,0,0.4765
SME_00020,BR-87998370,TAX-1333056058,Nova FleetServices Ventures,Tariq Akter,Bangladesh,Dhaka,Dhanmondi,Cooperative,Small,4,Logistics,FleetServices,2017,112,14.19,15,0,0,1,85269.96,69510.91,0.1594,0.3187,6.16,0.6682,0.7887,0.3723,0.4956,0,15759.05,0.6836,0.546,0.0158,0,0.1929,0,0,0,0.0623,0.5168,0.7887,0.6966,1,Normal,0,0.1355,0,0.4335
SME_00021,BR-54665891,TAX-8412973669,Alpha Clinic Partners,Ritu Sarkar,Bangladesh,Dhaka,Mirpur,Sole Proprietorship,Micro,5,Healthcare,Clinic,2022,55,7.67,8,1,0,0,92167.13,78023.75,0.2336,0.1684,0.0,0.593,0.739,0.0,0.2181,0,14143.38,0.7874,0.468,0.083,0,0.4886,1,1,0,-0.0439,0.8207,0.739,0.7939,1,Normal,0,0.1242,1,0.508
SME_00022,BR-20859208,TAX-5359641470,Future FarmInputs Hub,Arif Miah,Bangladesh,Khulna,Daulatpur,Sole Proprietorship,Medium,2,AgriTech,FarmInputs,2022,51,5.91,6,1,0,0,28106.12,25182.91,0.0254,0.9738,22.33,0.5896,0.4987,0.1737,0.3791,0,2923.21,0.2795,0.3261,0.4382,1,0.2216,0,0,0,0.0214,0.1046,0.4987,0.2956,0,Critical,1,0.8574,1,0.5297
SME_00023,BR-93419340,TAX-2022627937,Green Accessories Agro,Karim Mahmud,Bangladesh,Mymensingh,Kotwali,Private Limited,Medium,7,Textile,Accessories,2012,179,26.06,13,0,0,0,108551.92,76180.59,0.2401,0.0384,0.0,0.942,0.7695,0.6235,0.2654,0,32371.33,0.8897,0.7158,0.0058,0,0.8901,1,0,0,0.2367,1.0,0.7695,0.8697,1,Normal,0,0.0041,1,0.5321
SME_00024,BR-81467947,TAX-2193001215,Trust Dyeing Ventures,Mehjabin Akter,Bangladesh,Dhaka,Gulshan,Sole Proprietorship,Medium,7,Textile,Dyeing,2024,35,6.3,10,0,1,1,81540.4,81502.75,0.0127,0.8384,30.26,0.7261,0.7471,0.1533,0.148,1,37.65,0.3276,0.4826,0.316,1,0.5261,0,0,0,0.0302,0.0,0.7471,0.3374,0,Critical,1,0.7669,0,0.5921
SME_00025,BR-14044903,TAX-7001187351,Smart LendingTech Hub,Hasan Sarkar,Bangladesh,Chattogram,Panchlaish,Cooperative,Micro,6,FinTech,LendingTech,2023,38,9.67,4,0,0,0,52113.36,40985.47,0.2396,0.1691,0.0,0.7345,0.668,0.4685,0.3616,1,11127.89,0.8049,0.773,0.0224,1,0.0753,0,0,0,0.1109,0.6253,0.668,0.8052,0,Normal,1,0.8059,0,0.439
SME_00026,BR-49806593,TAX-0890637193,Urban Plastic Agro,Mehjabin Islam,Bangladesh,Sylhet,Beanibazar,Private Limited,Medium,1,Manufacturing,Plastic,2013,167,7.58,7,0,0,1,76809.42,56512.91,0.1349,0.5289,10.08,0.6086,0.6587,0.0,0.1769,0,20296.51,0.5629,0.3701,0.5613,1,0.4746,1,0,1,0.0144,0.5368,0.6587,0.5654,0,Warning,1,0.8673,1,0.5028
SME_00027,BR-31184665,TAX-2869998801,Bright Restaurant Textiles,Arif Kabir,Bangladesh,Chattogram,Halishahar,Sole Proprietorship,Medium,3,Food,Restaurant,2018,101,11.83,9,0,0,0,72158.21,57373.92,0.1181,0.6559,16.16,0.5498,0.6214,0.2798,0.3903,0,14784.28,0.4729,0.4407,0.5524,1,0.1305,0,0,0,0.0681,0.4366,0.6214,0.4657,0,Warning,0,0.1103,0,0.4478
SME_00028,BR-07215072,TAX-9713359206,Secure Grocery Mart,Nusrat Jahan,Bangladesh,Dhaka,Gulshan,Private Limited,Micro,0,Retail,Grocery,2025,13,4.7,7,1,0,1,19040.68,17831.74,0.0503,0.7161,25.44,0.5552,0.7244,0.2493,0.2157,0,1208.94,0.3755,0.4129,0.313,1,0.2112,0,0,0,0.0524,0.1773,0.7244,0.3564,0,Critical,1,0.76,1,0.4913
SME_00029,BR-28319081,TAX-1573078898,Green Fashion Hub,Amin Hossain,Bangladesh,Dhaka,Mirpur,Private Limited,Medium,0,Retail,Fashion,2020,79,8.86,22,0,0,0,133736.1,125308.06,0.1308,0.5867,14.85,0.6876,0.6685,0.0317,0.223,0,8428.04,0.5386,0.4108,0.2052,0,0.3717,0,0,0,-0.0147,0.3901,0.6685,0.5143,0,Warning,0,0.258,0,0.4557
SME_00030,BR-12160072,TAX-2046057654,Trust Clinic Agro,Amin Sarkar,Bangladesh,Chattogram,Pahartali,Private Limited,Small,5,Healthcare,Clinic,2018,104,15.65,12,0,0,0,75998.51,66071.56,0.225,0.34,4.53,0.7787,0.9262,0.1814,0.319,0,9926.96,0.7866,0.6159,0.0054,0,0.1615,0,0,1,0.0549,0.7899,0.9262,0.793,1,Normal,0,0.011,0,0.4223
SME_00031,BR-31075747,TAX-4336742495,Urban HealthServices Mart,Tariq Karim,Bangladesh,Khulna,Daulatpur,Private Limited,Small,5,Healthcare,HealthServices,2022,50,11.55,21,0,0,0,96584.64,74918.88,0.2036,0.427,4.68,0.7405,0.8696,0.706,0.4174,1,21665.76,0.7318,0.8103,0.0138,0,0.3303,0,0,0,0.1623,0.6805,0.8696,0.7418,1,Normal,0,0.0046,1,0.5045
SME_00032,BR-51590785,TAX-0228338593,Fresh Garments Logistics,Rahim Miah,Bangladesh,Barishal,Bakerganj,Private Limited,Micro,7,Textile,Garments,2018,101,13.64,11,0,0,0,39006.44,30930.88,0.1985,0.3219,4.4,0.7166,0.7744,0.2821,0.2922,0,8075.55,0.7306,0.6153,0.0154,0,0.1823,0,0,0,0.098,0.7986,0.7744,0.728,1,Normal,0,0.0411,0,0.4097
SME_00033,BR-49044649,TAX-5104354644,Golden ColdStorage Foods,Farhana Karim,Bangladesh,Rajshahi,Rajpara,Private Limited,Small,2,AgriTech,ColdStorage,2017,118,4.85,9,1,0,1,23417.99,21009.59,0.061,0.7563,32.7,0.6128,0.4963,0.0537,0.5041,0,2408.4,0.3081,0.3012,0.2821,0,0.8491,1,0,0,0.0194,0.0,0.4963,0.3078,0,Critical,0,0.2798,1,0.5598
SME_00034,BR-00602653,TAX-4833126308,Bright ColdStorage Digital,Tanvir Miah,Bangladesh,Sylhet,Zindabazar,Partnership,Micro,2,AgriTech,ColdStorage,2022,49,16.98,5,0,0,0,30246.31,25738.4,0.1807,0.2614,5.53,0.63,0.7764,0.7285,0.4574,0,4507.91,0.7081,0.6441,0.0225,0,0.6977,0,0,0,0.193,0.8257,0.7764,0.6937,1,Normal,0,0.0386,1,0.5037
SME_00035,BR-95460786,TAX-5679000213,Bright ProcessedFood Textiles,Muntasir Hossain,Bangladesh,Rangpur,Mithapukur,Private Limited,Micro,3,Food,ProcessedFood,2014,147,8.13,9,0,0,1,125319.53,124447.76,0.0834,0.4782,23.8,0.719,0.739,0.0,0.2812,1,871.77,0.4959,0.5058,0.1712,0,0.5106,1,0,0,-0.0053,0.1666,0.739,0.506,0,Warning,0,0.3093,1,0.4943
SME_00036,BR-77242344,TAX-3862799779,Secure LightManufacturing Works,Anika Karim,Bangladesh,Chattogram,Kotwali,Cooperative,Micro,1,Manufacturing,LightManufacturing,2019,84,16.91,9,0,0,0,57555.3,49028.05,0.211,0.1714,0.0,0.7243,0.6771,0.4199,0.4347,1,8527.25,0.7803,0.8022,0.0211,0,0.3673,0,0,1,0.1798,0.5997,0.6771,0.7815,1,Normal,0,0.0759,0,0.4335
SME_00037,BR-04631908,TAX-0287445645,Smart HomeGoods Studio,Rahim Sarkar,Bangladesh,Chattogram,Kotwali,Private Limited,Growth,0,Retail,HomeGoods,2012,173,17.85,4,1,0,1,29948.64,24042.48,0.1958,0.3077,0.0,0.7287,0.6039,0.2438,0.4524,0,5906.17,0.7253,0.5787,0.1319,0,0.1947,1,1,0,0.0965,0.6877,0.6039,0.718,1,Normal,0,0.1275,0,0.4426
SME_00038,BR-00785553,TAX-7132745777,Blue Bakery Partners,Anika Jahan,Bangladesh,Rangpur,Sadar,Private Limited,Small,3,Food,Bakery,2025,21,11.01,7,0,0,0,38656.7,29615.91,0.1919,0.2847,3.06,0.6007,0.6719,0.2449,0.2827,0,9040.79,0.7009,0.5106,0.2799,0,0.2909,0,1,0,0.0682,0.6536,0.6719,0.7182,1,Normal,0,0.2311,0,0.4142
SME_00039,BR-13678796,TAX-4731762453,Fresh Packaging Foods,Anika Hossain,Bangladesh,Dhaka,Uttara,Partnership,Small,1,Manufacturing,Packaging,2021,62,6.65,7,0,0,0,82652.77,73785.43,0.1077,0.6235,15.88,0.675,0.648,0.0989,0.3672,1,8867.34,0.5001,0.5103,0.5177,1,0.0808,0,0,0,-0.0545,0.2529,0.648,0.513,0,Warning,0,0.2006,0,0.4474
SME_00040,BR-35262183,TAX-5190883464,Green Delivery Mart,Amin Sultana,Bangladesh,Sylhet,Beanibazar,Private Limited,Small,4,Logistics,Delivery,2016,131,12.97,12,0,0,1,169159.99,149632.16,0.1845,0.1701,8.38,0.6175,0.6814,0.1448,0.2735,0,19527.84,0.6976,0.4905,0.3384,0,0.4782,1,1,0,0.0729,0.624,0.6814,0.6669,1,Normal,0,0.1695,0,0.4334
SME_00041,BR-75889866,TAX-7530791936,Future ProcessedFood Textiles,Rafi Kabir,Bangladesh,Mymensingh,Muktagacha,Cooperative,Growth,3,Food,ProcessedFood,2013,161,11.48,12,0,0,1,114106.2,98341.26,0.1181,0.475,7.6,0.6212,0.847,0.6305,0.322,1,15764.94,0.6096,0.681,0.064,0,0.363,0,0,1,0.1178,0.4168,0.847,0.6106,1,Normal,0,0.1021,1,0.4925
SME_00042,BR-09821733,TAX-6689235115,Prime LendingTech Logistics,Shila Hasan,Bangladesh,Dhaka,Mirpur,Sole Proprietorship,Small,6,FinTech,LendingTech,2023,44,9.58,6,1,0,0,60236.39,45238.96,0.1582,0.5765,9.18,0.7866,0.6622,0.4758,0.3141,1,14997.43,0.6092,0.742,0.0557,0,0.0708,0,0,0,0.1233,0.5926,0.6622,0.59,1,Warning,0,0.0439,1,0.4898
SME_00043,BR-08541607,TAX-4801506410,Alpha Diagnostics Hub,Anika Ahmed,Bangladesh,Khulna,Khalishpur,Sole Proprietorship,Growth,5,Healthcare,Diagnostics,2012,176,12.87,12,0,0,1,132433.1,102662.8,0.2068,0.3182,2.88,0.7105,0.713,0.5885,0.4485,1,29770.29,0.7339,0.7567,0.0416,0,0.7422,0,0,0,0.1743,0.7007,0.713,0.7367,1,Normal,0,0.0817,0,0.4623
SME_00044,BR-24337750,TAX-9226005184,Prime AgroProcessing Mart,Arif Chowdhury,Bangladesh,Dhaka,Dhanmondi,Partnership,Small,2,AgriTech,AgroProcessing,2023,39,1.15,8,0,0,1,35126.72,31281.64,0.0955,0.6739,19.62,0.5154,0.5072,0.0923,0.3626,0,3845.07,0.4058,0.4059,0.3173,0,0.1589,0,0,0,0.0482,0.3162,0.5072,0.3428,0,Critical,0,0.2145,0,0.4514
SME_00045,BR-01662644,TAX-1154098124,Golden Payments Partners,Nusrat Akter,Bangladesh,Dhaka,Gulshan,Partnership,Micro,6,FinTech,Payments,2020,78,15.09,3,0,0,1,38542.56,23337.51,0.3034,0.0,0.0,0.6259,0.7098,0.5107,0.2367,0,15205.05,0.8804,0.6474,0.0781,0,0.3031,0,0,0,0.1085,1.0,0.7098,0.8843,1,Normal,0,0.0173,1,0.5881
SME_00046,BR-27142646,TAX-7469556201,Urban AccountingTech Digital,Rahim Kabir,Bangladesh,Khulna,Khalishpur,Private Limited,Small,6,FinTech,AccountingTech,2021,60,9.68,7,0,0,0,50805.04,36659.85,0.29,0.0,0.0,0.8004,0.6153,0.5361,0.2342,1,14145.2,0.8865,0.8018,0.2108,0,0.4369,0,1,0,0.1569,1.0,0.6153,0.9007,1,Normal,0,0.0463,1,0.5263
SME_00047,BR-03503212,TAX-0385984572,Smart ColdStorage Care,Ritu Sultana,Bangladesh,Chattogram,Halishahar,Sole Proprietorship,Small,2,AgriTech,ColdStorage,2020,79,8.69,17,0,1,0,36004.44,33819.36,0.086,0.4684,21.68,0.6524,0.5865,0.0714,0.2675,0,2185.09,0.4715,0.4244,0.3873,0,0.2506,0,0,0,0.0568,0.2316,0.5865,0.4693,0,Warning,1,0.7509,0,0.46
SME_00048,BR-30713758,TAX-8477268128,Green LightManufacturing Studio,Farhana Hasan,Bangladesh,Mymensingh,Trishal,Partnership,Medium,1,Manufacturing,LightManufacturing,2013,163,11.19,3,1,1,1,60768.66,60215.16,0.1021,0.609,23.98,0.6729,0.5634,0.6985,0.3935,1,553.5,0.4419,0.5653,0.6221,1,0.6236,1,0,0,0.1223,0.1594,0.5634,0.4186,0,Warning,1,0.8933,0,0.5969
SME_00049,BR-80800985,TAX-7491539282,Ever Diagnostics Logistics,Rumana Karim,Bangladesh,Barishal,Banaripara,Private Limited,Medium,5,Healthcare,Diagnostics,2015,133,13.87,10,0,0,0,136283.29,100918.82,0.1929,0.0626,0.0,0.6314,0.6827,0.4321,0.4163,0,35364.46,0.7735,0.5832,0.0933,0,0.3762,0,0,0,0.119,0.7861,0.6827,0.8126,1,Normal,0,0.0434,0,0.4649
SME_00050,BR-57410386,TAX-6296724959,Golden Fashion Traders,Rafi Chowdhury,Bangladesh,Mymensingh,Muktagacha,Private Limited,Small,0,Retail,Fashion,2014,144,9.22,23,0,0,0,63440.37,55236.5,0.1658,0.2906,0.33,0.8946,0.8876,0.3491,0.2291,1,8203.87,0.7834,0.7128,0.0066,0,0.1505,0,0,0,0.054,0.6777,0.8876,0.8065,1,Normal,0,0.0092,0,0.4241
SME_00051,BR-89082553,TAX-0173425406,Urban Packaging Traders,Arif Mahmud,Bangladesh,Dhaka,Dhanmondi,Private Limited,Growth,1,Manufacturing,Packaging,2022,50,0.65,6,0,0,0,53351.73,51597.41,0.0812,0.6658,27.96,0.4538,0.6313,0.2227,0.4271,0,1754.32,0.3646,0.3264,0.6164,0,0.2066,0,0,0,0.0089,0.1315,0.6313,0.354,0,Critical,1,0.7705,0,0.475
SME_00052,BR-33315159,TAX-7378301937,Vertex Grocery Foods,Shakil Rahman,Bangladesh,Dhaka,Gulshan,Private Limited,Small,0,Retail,Grocery,2012,170,15.3,9,0,0,1,67683.73,57059.36,0.183,0.2562,0.0,0.6993,0.6837,0.289,0.2883,0,10624.37,0.735,0.5711,0.0121,0,0.1133,0,0,0,0.0728,0.7432,0.6837,0.7298,1,Normal,0,0.2845,0,0.4129
SME_00053,BR-37882116,TAX-4052918810,Future SMEFinance Care,Tariq Chowdhury,Bangladesh,Dhaka,Gulshan,Private Limited,Micro,6,FinTech,SMEFinance,2020,81,12.78,4,0,0,1,27620.7,19414.71,0.2468,0.3317,4.86,0.5682,0.7106,0.4021,0.2976,0,8205.99,0.7282,0.5962,0.2871,0,0.119,0,1,0,0.1011,0.9805,0.7106,0.6886,1,Normal,0,0.3018,0,0.4682
SME_00054,BR-76174774,TAX-1253076132,Bright FleetServices Mart,Tariq Sultana,Bangladesh,Dhaka,Gulshan,Private Limited,Small,4,Logistics,FleetServices,2017,119,11.17,24,0,0,0,86726.5,65361.77,0.1931,0.4509,10.4,0.7768,0.7599,0.2813,0.349,0,21364.73,0.6755,0.633,0.0142,0,0.0857,0,0,0,0.1016,0.7718,0.7599,0.685,1,Normal,0,0.0257,0,0.4506
SME_00055,BR-95668610,TAX-0626886783,Nova Diagnostics Studio,Anika Ahmed,Bangladesh,Rangpur,Mithapukur,Private Limited,Micro,5,Healthcare,Diagnostics,2016,127,7.64,9,0,0,0,166883.35,142069.91,0.1535,0.5099,16.24,0.6651,0.6992,0.132,0.3485,0,24813.44,0.5689,0.4678,0.093,0,0.2624,1,0,0,0.0186,0.5866,0.6992,0.5415,1,Warning,0,0.0971,0,0.4382
SME_00056,BR-43205340,TAX-3007793204,Secure LendingTech Digital,Tanvir Sarkar,Bangladesh,Chattogram,Pahartali,Partnership,Medium,6,FinTech,LendingTech,2016,121,12.39,9,0,0,1,107821.75,80016.45,0.2624,0.0,0.0,0.7411,0.7181,0.4334,0.2206,1,27805.29,0.8713,0.7734,0.0167,0,0.2159,0,0,0,0.1043,0.9297,0.7181,0.8846,1,Normal,0,0.1936,0,0.4849
SME_00057,BR-80886545,TAX-9316287811,Trust ProcessedFood Hub,Shakil Chowdhury,Bangladesh,Dhaka,Uttara,Private Limited,Micro,3,Food,ProcessedFood,2017,110,5.81,20,1,0,0,48187.81,43130.45,0.077,0.8543,14.4,0.5438,0.3588,0.1763,0.25,0,5057.36,0.3556,0.3712,0.2789,0,0.2674,0,0,0,0.0467,0.3566,0.3588,0.3761,0,Critical,0,0.2837,0,0.4642
SME_00058,BR-78486341,TAX-4135125912,Ever Restaurant Works,Tariq Ahmed,Bangladesh,Barishal,Banaripara,Sole Proprietorship,Small,3,Food,Restaurant,2019,89,6.86,13,0,0,0,63211.03,62087.31,0.0824,0.6962,15.98,0.6307,0.7384,0.2543,0.3604,1,1123.72,0.4708,0.5877,0.1811,1,0.0589,0,0,0,0.047,0.1921,0.7384,0.4694,0,Warning,1,0.8692,0,0.453
SME_00059,BR-01837512,TAX-3143340863,Ever Grocery Foods,Tariq Jahan,Bangladesh,Chattogram,Panchlaish,Sole Proprietorship,Small,0,Retail,Grocery,2017,118,8.93,5,0,1,1,43742.57,38975.6,0.0889,0.5173,17.27,0.5891,0.5555,0.0253,0.3246,0,4766.97,0.4687,0.3825,0.3398,0,0.0794,0,0,0,0.0095,0.4236,0.5555,0.4474,0,Warning,0,0.1804,0,0.4637
SME_00060,BR-44513243,TAX-0235915981,Future Fashion Digital,Amin Karim,Bangladesh,Dhaka,Dhanmondi,Partnership,Micro,0,Retail,Fashion,2013,163,16.81,6,0,0,0,15109.14,10805.56,0.1901,0.2418,0.0,0.8387,0.8181,0.6487,0.433,1,4303.59,0.7935,0.762,0.0098,0,0.8233,1,0,0,0.1628,0.9735,0.8181,0.8185,1,Normal,0,0.0332,0,0.4853
SME_00061,BR-57600627,TAX-9596696368,Nova Warehousing Partners,Nusrat Rahman,Bangladesh,Dhaka,Dhanmondi,Private Limited,Micro,4,Logistics,Warehousing,2020,73,8.98,12,0,0,0,78213.64,62291.95,0.1924,0.3702,1.63,0.7068,0.7446,0.3295,0.3406,1,15921.69,0.7218,0.6884,0.0591,0,0.0558,0,0,0,0.056,0.7102,0.7446,0.7218,1,Normal,0,0.0873,0,0.4128
SME_00062,BR-69835139,TAX-3843653625,Ever Restaurant Partners,Rafi Sultana,Bangladesh,Rajshahi,Boalia,Private Limited,Medium,3,Food,Restaurant,2019,94,9.34,6,0,1,0,36170.47,31699.86,0.1476,0.3837,12.47,0.5603,0.5519,0.1465,0.4427,0,4470.62,0.5655,0.4095,0.3612,0,0.1086,1,0,0,0.011,0.448,0.5519,0.5674,1,Warning,0,0.2197,0,0.4444
SME_00063,BR-63593378,TAX-9268377603,Vertex Restaurant Foods,Hasan Chowdhury,Bangladesh,Mymensingh,Trishal,Sole Proprietorship,Micro,3,Food,Restaurant,2023,37,17.05,3,0,0,0,11770.77,9383.09,0.2199,0.1866,0.0,0.7921,0.8182,0.254,0.2375,1,2387.68,0.8221,0.6816,0.0129,0,0.2132,1,0,0,0.0246,0.8028,0.8182,0.8035,1,Normal,0,0.0075,0,0.4258
SME_00064,BR-68765643,TAX-2120959732,Ever HealthServices Digital,Samira Akter,Bangladesh,Dhaka,Mirpur,Private Limited,Small,5,Healthcare,HealthServices,2021,67,11.64,9,0,0,0,79679.01,65448.67,0.1953,0.2607,0.0,0.627,0.8308,0.7093,0.2869,1,14230.34,0.7578,0.7509,0.0356,0,0.4773,0,0,0,0.1482,0.7994,0.8308,0.7617,1,Normal,0,0.1416,1,0.5315
SME_00065,BR-31294210,TAX-6759620832,Fresh SupplyChain Partners,Tanvir Miah,Bangladesh,Rangpur,Mithapukur,Sole Proprietorship,Small,4,Logistics,SupplyChain,2015,140,14.02,4,1,0,0,38734.78,36649.47,0.1285,0.4089,15.85,0.6917,0.6892,0.2789,0.3273,0,2085.31,0.5752,0.5034,0.1323,0,0.0449,0,0,0,0.046,0.3775,0.6892,0.5711,1,Warning,1,0.7453,0,0.4251
SME_00066,BR-81788037,TAX-5962676334,Prime ProcessedFood Agro,Tariq Sarkar,Bangladesh,Barishal,Banaripara,Private Limited,Micro,3,Food,ProcessedFood,2017,117,10.42,24,1,0,0,81664.73,62672.46,0.1768,0.2745,4.59,0.6799,0.724,0.1872,0.2274,1,18992.27,0.7064,0.629,0.0468,1,0.2957,0,0,0,0.0373,0.69,0.724,0.6798,0,Normal,1,0.6637,0,0.4297
SME_00067,BR-13187814,TAX-0801612058,Secure Restaurant Digital,Mashrur Chowdhury,Bangladesh,Barishal,Bakerganj,Private Limited,Micro,3,Food,Restaurant,2023,42,7.01,10,0,0,0,40410.42,35142.44,0.1092,0.4668,13.25,0.66,0.6675,0.2015,0.4305,0,5267.98,0.55,0.4743,0.1227,0,0.0837,0,0,0,0.0397,0.3968,0.6675,0.5768,1,Warning,0,0.3147,0,0.433
SME_00068,BR-46242745,TAX-9207372122,Urban MetalWorks Agro,Samira Akter,Bangladesh,Dhaka,Gulshan,Private Limited,Medium,1,Manufacturing,MetalWorks,2018,101,2.62,5,1,1,0,36228.21,35734.67,0.0909,0.71,24.45,0.3378,0.4842,0.3115,0.1216,0,493.54,0.3334,0.357,0.3558,0,0.3982,0,0,0,0.0585,0.164,0.4842,0.3686,0,Critical,0,0.3073,0,0.5537
SME_00069,BR-38483994,TAX-4627093145,Smart Fashion Traders,Nafisa Kabir,Bangladesh,Dhaka,Mohammadpur,Private Limited,Growth,0,Retail,Fashion,2014,147,16.77,6,1,0,1,20297.47,14590.84,0.1828,0.2326,1.89,0.8598,0.6473,0.1534,0.2538,0,5706.64,0.7528,0.5597,0.0122,0,0.3913,0,0,0,0.0703,0.8384,0.6473,0.7732,1,Normal,0,0.0054,0,0.4608
SME_00070,BR-23598812,TAX-7787038795,Bright Restaurant Digital,Imran Miah,Bangladesh,Barishal,Bakerganj,Partnership,Micro,3,Food,Restaurant,2024,27,10.69,3,0,0,0,15140.23,13984.03,0.0737,0.7032,28.02,0.4652,0.6196,0.4584,0.4562,0,1156.2,0.3497,0.4187,0.2611,0,0.3941,1,0,0,0.0816,0.1506,0.6196,0.3671,0,Critical,0,0.2431,1,0.5179
SME_00071,BR-68518827,TAX-1724436014,Golden LightManufacturing Partners,Nusrat Ahmed,Bangladesh,Chattogram,Panchlaish,Partnership,Growth,1,Manufacturing,LightManufacturing,2025,16,7.82,5,0,1,0,58184.45,52210.71,0.1641,0.2263,5.61,0.4976,0.6512,0.3603,0.2662,0,5973.74,0.6553,0.5864,0.2516,0,0.1177,0,1,0,0.1505,0.5948,0.6512,0.6906,1,Normal,0,0.1304,0,0.4269
SME_00072,BR-29149243,TAX-1105749993,Trust ColdStorage Solutions,Shakil Hossain,Bangladesh,Rajshahi,Boalia,Private Limited,Small,2,AgriTech,ColdStorage,2020,74,9.92,17,0,0,1,47342.81,43117.91,0.1499,0.3115,13.02,0.7585,0.6744,0.5182,0.4234,0,4224.9,0.6382,0.5995,0.0578,0,0.3734,0,0,1,0.1375,0.5471,0.6744,0.6173,1,Normal,0,0.0355,0,0.4471
SME_00073,BR-00529309,TAX-4654093514,Alpha Accessories Agro,Mashrur Chowdhury,Bangladesh,Mymensingh,Trishal,Private Limited,Medium,7,Textile,Accessories,2016,120,14.94,34,0,1,0,102257.95,92607.43,0.1274,0.3966,3.06,0.8111,0.8205,0.4943,0.5504,0,9650.52,0.6871,0.5826,0.0082,0,0.9027,1,0,0,0.1536,0.5408,0.8205,0.6659,1,Normal,0,0.0054,0,0.4774
SME_00074,BR-86712861,TAX-2975466697,Nova MetalWorks Partners,Adnan Kabir,Bangladesh,Dhaka,Mirpur,Partnership,Medium,1,Manufacturing,MetalWorks,2021,60,3.78,14,0,0,1,54181.56,51802.43,0.0782,0.6233,21.74,0.5776,0.6423,0.0401,0.3129,0,2379.12,0.4272,0.3778,0.3707,0,0.2175,0,0,1,0.0178,0.2741,0.6423,0.4189,0,Warning,1,0.8857,0,0.4647
SME_00075,BR-74002857,TAX-2086666246,Ever Fashion Hub,Ritu Hasan,Bangladesh,Mymensingh,Kotwali,Partnership,Medium,0,Retail,Fashion,2014,148,10.57,9,0,0,1,39809.26,30417.32,0.1839,0.299,0.45,0.8013,0.7576,0.1603,0.384,1,9391.94,0.7557,0.6862,0.0099,0,0.3102,1,0,0,0.0629,0.7339,0.7576,0.7617,1,Normal,0,0.0035,0,0.4597
SME_00076,BR-51230474,TAX-2698076935,Smart Plastic Agro,Ritu Hasan,Bangladesh,Rangpur,Gangachara,Sole Proprietorship,Medium,1,Manufacturing,Plastic,2014,153,8.55,7,1,0,0,85011.44,80119.41,0.1262,0.5469,11.34,0.5775,0.6848,0.212,0.5141,0,4892.03,0.5445,0.3957,0.5636,1,0.4105,1,0,1,0.038,0.3665,0.6848,0.5386,0,Warning,1,0.8848,0,0.4673
SME_00077,BR-19505214,TAX-9514823963,Bright MetalWorks Traders,Imran Hossain,Bangladesh,Sylhet,Zindabazar,Sole Proprietorship,Small,1,Manufacturing,MetalWorks,2018,98,18.35,5,0,1,0,61437.39,39953.44,0.2897,0.0,0.0,0.6656,0.7421,0.3967,0.3408,0,21483.95,0.8848,0.7217,0.0357,0,0.3079,1,0,1,0.169,1.0,0.7421,0.8644,1,Normal,0,0.0187,0,0.5472
SME_00078,BR-62460905,TAX-3487067317,Alpha Warehousing Traders,Shila Miah,Bangladesh,Chattogram,Kotwali,Sole Proprietorship,Small,4,Logistics,Warehousing,2021,71,13.87,31,0,1,0,97609.54,74092.16,0.1839,0.2837,5.29,0.7945,0.8148,0.2623,0.3288,1,23517.38,0.7437,0.7441,0.0234,0,0.1679,1,0,0,0.0979,0.7403,0.8148,0.7438,1,Normal,0,0.0066,0,0.4253
SME_00079,BR-59534692,TAX-9339800656,Future Beverage Works,Tariq Kabir,Bangladesh,Barishal,Bakerganj,Partnership,Small,3,Food,Beverage,2025,13,0.0,8,0,0,0,15200.06,15315.95,0.0118,0.7974,21.53,0.474,0.4023,0.0,0.4117,0,-115.89,0.2728,0.2444,0.4743,1,0.3868,0,0,0,-0.0674,0.0,0.4023,0.2709,0,Critical,1,0.9107,1,0.5878
SME_00080,BR-07376773,TAX-7137119481,Smart SMEFinance Ventures,Shila Sultana,Bangladesh,Khulna,Daulatpur,Cooperative,Micro,6,FinTech,SMEFinance,2014,148,6.88,32,0,0,0,129411.52,96975.95,0.226,0.23,1.6,0.5618,0.7714,0.2772,0.3649,0,32435.58,0.7596,0.529,0.1988,0,0.0794,0,1,0,0.0333,0.8423,0.7714,0.7764,1,Normal,1,0.8623,0,0.4495
SME_00081,BR-05817466,TAX-0172946681,Ever SupplyChain Ventures,Hasan Akter,Bangladesh,Sylhet,Balaganj,Partnership,Medium,4,Logistics,SupplyChain,2013,161,12.84,21,1,0,1,93273.49,78018.96,0.1739,0.2937,6.74,0.8405,0.8341,0.4005,0.3246,1,15254.53,0.7375,0.7885,0.012,0,0.0913,0,0,0,0.1273,0.556,0.8341,0.7384,1,Normal,0,0.011,0,0.4118
SME_00082,BR-80742010,TAX-2323546107,Future FarmInputs Agro,Ritu Mahmud,Bangladesh,Mymensingh,Muktagacha,Sole Proprietorship,Micro,2,AgriTech,FarmInputs,2020,82,8.84,3,0,0,0,11079.71,9982.67,0.1206,0.5564,13.87,0.5364,0.6336,0.3238,0.3452,0,1097.05,0.5082,0.416,0.7348,0,0.0883,0,0,0,0.0574,0.2179,0.6336,0.4701,0,Warning,0,0.1085,0,0.4277
SME_00083,BR-95952713,TAX-0590506979,Nova LendingTech Textiles,Rahim Hossain,Bangladesh,Sylhet,Balaganj,Sole Proprietorship,Micro,6,FinTech,LendingTech,2019,95,5.87,6,0,0,1,59549.6,51284.44,0.2277,0.1027,0.0,0.7057,0.603,0.203,0.4028,0,8265.16,0.7927,0.5391,0.0992,1,0.1939,0,1,0,0.0432,0.762,0.603,0.8004,0,Normal,0,0.0982,0,0.479
SME_00084,BR-78313878,TAX-4343898963,Golden Electronics Traders,Farhana Islam,Bangladesh,Chattogram,Halishahar,Partnership,Micro,0,Retail,Electronics,2015,137,20.35,6,0,0,0,44130.19,33829.41,0.2551,0.2614,0.0,0.6441,0.5813,0.5138,0.2755,0,10300.78,0.7656,0.6494,0.3306,0,0.211,0,1,0,0.1621,1.0,0.5813,0.7972,1,Normal,0,0.2128,0,0.4616
SME_00085,BR-39449587,TAX-0331467816,Urban Electronics Agro,Tariq Sarkar,Bangladesh,Dhaka,Gulshan,Private Limited,Micro,0,Retail,Electronics,2016,126,13.45,9,0,0,1,40566.92,32256.42,0.1739,0.2063,1.4,0.6534,0.5183,0.2532,0.3757,0,8310.5,0.6934,0.4681,0.3514,0,0.0716,0,1,0,0.0369,0.7274,0.5183,0.694,1,Normal,0,0.1881,0,0.4284
SME_00086,BR-06853063,TAX-8268366441,Rapid Grocery Digital,Shila Sarkar,Bangladesh,Dhaka,Gulshan,Partnership,Small,0,Retail,Grocery,2024,29,10.87,9,0,0,1,47471.61,42611.19,0.1362,0.4024,8.92,0.7895,0.6227,0.0833,0.2771,0,4860.42,0.6239,0.483,0.1339,0,0.2234,0,1,0,0.0342,0.5873,0.6227,0.6436,1,Normal,0,0.0089,0,0.4326
SME_00087,BR-64630839,TAX-9980308346,Smart HealthServices Textiles,Mehjabin Islam,Bangladesh,Khulna,Khalishpur,Private Limited,Small,5,Healthcare,HealthServices,2016,122,9.3,54,0,0,1,96319.87,72373.32,0.207,0.2313,2.54,0.8085,0.7866,0.3608,0.4156,0,23946.55,0.7859,0.6512,0.0132,0,0.1622,0,0,0,0.11,0.9012,0.7866,0.7758,1,Normal,0,0.0329,0,0.4368
SME_00088,BR-29906386,TAX-4604999897,Alpha Beverage Solutions,Tariq Sultana,Bangladesh,Khulna,Sonadanga,Private Limited,Small,3,Food,Beverage,2013,166,16.42,5,0,0,0,34752.36,30729.42,0.1614,0.3732,9.58,0.7466,0.7956,0.3017,0.2495,0,4022.94,0.6714,0.638,0.0123,0,0.2117,0,0,0,0.1346,0.4969,0.7956,0.6827,1,Normal,0,0.0048,0,0.4086
SME_00089,BR-91670073,TAX-2115585173,Smart Grocery Solutions,Anika Karim,Bangladesh,Rajshahi,Rajpara,Sole Proprietorship,Micro,0,Retail,Grocery,2015,136,11.01,10,0,0,1,23779.32,19415.85,0.1867,0.215,0.0,0.7261,0.7323,0.1613,0.2483,1,4363.46,0.7608,0.6542,0.0197,0,0.327,0,0,0,0.048,0.6962,0.7323,0.7459,1,Normal,0,0.1445,0,0.4476
SME_00090,BR-35669375,TAX-6581416227,Fresh Restaurant Mart,Amin Chowdhury,Bangladesh,Chattogram,Kotwali,Private Limited,Small,3,Food,Restaurant,2019,89,9.83,13,0,1,0,56434.97,48569.9,0.1594,0.181,3.95,0.8031,0.6831,0.5661,0.4202,1,7865.06,0.7304,0.7073,0.0256,0,0.4354,0,0,1,0.1168,0.6023,0.6831,0.7255,1,Normal,0,0.0298,0,0.471
SME_00091,BR-53621743,TAX-6047199722,Golden Electronics Foods,Shila Ahmed,Bangladesh,Mymensingh,Kotwali,Cooperative,Small,0,Retail,Electronics,2018,97,13.68,9,0,0,0,28559.55,21149.45,0.1704,0.248,1.29,0.9062,0.7207,0.3727,0.2222,1,7410.09,0.7638,0.7186,0.0147,0,0.1167,0,0,0,0.0726,0.7097,0.7207,0.759,1,Normal,0,0.0033,0,0.4338
SME_00092,BR-52249294,TAX-4811570689,Urban HealthServices Enterprises,Arif Sultana,Bangladesh,Rangpur,Mithapukur,Partnership,Medium,5,Healthcare,HealthServices,2022,51,3.18,10,0,1,0,126011.62,100373.84,0.0909,0.5294,12.86,0.554,0.6822,0.101,0.3413,0,25637.78,0.5065,0.3875,0.3413,1,0.3246,1,1,1,0.0253,0.3749,0.6822,0.516,0,Warning,1,0.7566,0,0.443
SME_00093,BR-18484068,TAX-7663773658,Smart Bakery Foods,Rahim Chowdhury,Bangladesh,Dhaka,Gulshan,Sole Proprietorship,Small,3,Food,Bakery,2016,120,18.39,5,0,0,1,41026.88,28062.36,0.2409,0.2999,0.0,0.6444,0.5929,0.578,0.4331,0,12964.52,0.7475,0.5425,0.2971,1,0.8036,0,1,0,0.1221,0.9869,0.5929,0.731,0,Normal,0,0.2235,1,0.4929
SME_00094,BR-33058879,TAX-8210079713,Ever AgroProcessing Textiles,Rahim Akter,Bangladesh,Sylhet,Zindabazar,Cooperative,Small,2,AgriTech,AgroProcessing,2022,48,10.33,10,0,0,0,46194.77,44877.99,0.1158,0.7626,22.11,0.7159,0.8451,0.5012,0.2036,0,1316.78,0.4875,0.5693,0.1093,0,0.1772,0,0,0,0.1011,0.2929,0.8451,0.4582,0,Warning,0,0.023,0,0.5929
SME_00095,BR-67512170,TAX-8950058933,Urban LightManufacturing Mart,Ritu Miah,Bangladesh,Sylhet,Zindabazar,Private Limited,Small,1,Manufacturing,LightManufacturing,2021,65,15.29,12,0,0,0,63205.21,45911.1,0.2162,0.1982,0.0,0.7342,0.9027,0.3967,0.3189,0,17294.11,0.8212,0.6762,0.0051,0,0.1115,0,0,0,0.1188,0.905,0.9027,0.8306,1,Normal,0,0.0058,0,0.4419
SME_00096,BR-53856039,TAX-6756235419,Future Warehousing Textiles,Shila Mahmud,Bangladesh,Khulna,Khalishpur,Partnership,Growth,4,Logistics,Warehousing,2022,52,5.43,11,0,0,0,44518.91,39731.03,0.1442,0.3074,10.46,0.5565,0.7558,0.0,0.3815,0,4787.88,0.6256,0.4614,0.1971,0,0.2103,0,1,0,0.0309,0.5254,0.7558,0.6343,1,Normal,0,0.2096,1,0.5216
SME_00097,BR-75780964,TAX-8446168753,Alpha FarmInputs Textiles,Shakil Kabir,Bangladesh,Dhaka,Mirpur,Private Limited,Medium,2,AgriTech,FarmInputs,2021,64,6.44,13,0,0,1,27900.21,24987.56,0.0723,0.7162,16.45,0.724,0.7403,0.2154,0.3505,1,2912.65,0.4727,0.5836,0.1183,0,0.1007,0,0,0,0.0339,0.3637,0.7403,0.4749,0,Warning,0,0.138,0,0.4395
SME_00098,BR-63876194,TAX-9197484739,Smart HomeGoods Agro,Mehjabin Sarkar,Bangladesh,Mymensingh,Kotwali,Sole Proprietorship,Small,0,Retail,HomeGoods,2021,69,5.65,21,0,0,1,62429.59,55497.02,0.099,0.4394,13.44,0.6919,0.737,0.2036,0.2345,1,6932.57,0.5648,0.6222,0.154,0,0.1308,1,0,0,0.0651,0.4148,0.737,0.5835,1,Warning,0,0.0863,0,0.418
SME_00099,BR-90111373,TAX-3827870814,Future Fashion Foods,Tariq Karim,Bangladesh,Rangpur,Sadar,Private Limited,Small,0,Retail,Fashion,2025,20,9.67,16,1,1,0,87763.74,77285.45,0.1172,0.4774,8.19,0.6274,0.6938,0.3137,0.3092,0,10478.3,0.5788,0.5403,0.13,0,0.0567,0,0,0,0.0949,0.4192,0.6938,0.5747,1,Warning,0,0.2096,0,0.4075
SME_00100,BR-98826513,TAX-3968953697,Trust Accessories Solutions,Shakil Chowdhury,Bangladesh,Sylhet,Beanibazar,Partnership,Micro,7,Textile,Accessories,2016,130,12.6,9,0,0,0,69726.91,68912.47,0.0939,0.5174,12.63,0.8106,0.8635,0.3194,0.2865,1,814.45,0.5916,0.7186,0.0704,0,0.0963,0,0,0,0.1137,0.1894,0.8635,0.5972,1,Warning,0,0.0637,0,0.4689
SME_00101,BR-55191676,TAX-3526183175,Fresh Accessories Agro,Sajid Kabir,Bangladesh,Rangpur,Gangachara,Sole Proprietorship,Growth,7,Textile,Accessories,2020,82,8.88,4,0,0,0,28552.49,26557.85,0.0991,0.4949,13.49,0.6143,0.6566,0.0395,0.3071,1,1994.65,0.5239,0.5057,0.5741,1,0.1579,0,0,0,0.0199,0.4433,0.6566,0.5169,0,Warning,1,0.8986,0,0.4624
SME_00102,BR-85800656,TAX-8874116212,Future HealthServices Studio,Mehjabin Akter,Bangladesh,Rangpur,Gangachara,Private Limited,Small,5,Healthcare,HealthServices,2012,171,9.64,6,0,0,0,65984.06,57178.68,0.1527,0.4056,10.05,0.6742,0.5278,0.0752,0.2985,0,8805.38,0.5934,0.5034,0.3509,0,0.1993,0,1,0,0.0882,0.553,0.5278,0.5882,1,Warning,0,0.2409,0,0.4398
SME_00103,BR-74646294,TAX-7707569194,Rapid MetalWorks Logistics,Nusrat Jahan,Bangladesh,Chattogram,Halishahar,Cooperative,Micro,1,Manufacturing,MetalWorks,2023,37,4.17,8,0,0,0,58854.87,57118.47,0.0943,0.4514,8.16,0.5389,0.6431,0.0773,0.2933,1,1736.41,0.5406,0.4689,0.6018,1,0.1192,0,0,0,-0.0184,0.2713,0.6431,0.5474,0,Warning,1,0.9576,0,0.4835
SME_00104,BR-86200442,TAX-8909109659,Vertex Garments Agro,Nusrat Hossain,Bangladesh,Rajshahi,Boalia,Private Limited,Growth,7,Textile,Garments,2016,122,11.87,11,0,0,0,126214.64,109647.08,0.0996,0.5298,13.36,0.6272,0.6353,0.0,0.3479,0,16567.55,0.5159,0.413,0.4912,1,0.1435,0,1,0,0.0364,0.2226,0.6353,0.5612,0,Warning,1,0.8569,0,0.4807
SME_00105,BR-63778913,TAX-6402469636,Green Payments Digital,Adnan Chowdhury,Bangladesh,Khulna,Daulatpur,Sole Proprietorship,Medium,6,FinTech,Payments,2023,37,7.37,7,0,0,0,102944.84,89682.65,0.1822,0.4576,6.62,0.7354,0.7025,0.1649,0.4531,0,13262.18,0.6664,0.5468,0.0194,0,0.2418,0,0,0,0.0563,0.5442,0.7025,0.6812,1,Normal,0,0.0105,0,0.4412
SME_00106,BR-53422023,TAX-7678626310,Vertex Pharmacy Mart,Sadia Mahmud,Bangladesh,Rangpur,Gangachara,Sole Proprietorship,Micro,5,Healthcare,Pharmacy,2018,101,8.62,5,0,0,1,63632.93,55450.93,0.1736,0.3017,8.09,0.5678,0.6626,0.2946,0.3184,1,8182.01,0.6487,0.5897,0.534,1,0.0437,0,1,0,0.0473,0.5804,0.6626,0.6597,0,Normal,1,0.7256,0,0.3983
SME_00107,BR-62813537,TAX-4650552771,Fresh ProcessedFood Mart,Mashrur Rahman,Bangladesh,Dhaka,Uttara,Cooperative,Micro,3,Food,ProcessedFood,2019,91,17.22,4,0,0,1,29550.5,25228.7,0.1907,0.3054,0.0,0.7049,0.7056,0.227,0.3926,0,4321.8,0.7357,0.5922,0.0064,0,0.2082,0,0,0,0.0925,0.7311,0.7056,0.7512,1,Normal,0,0.092,0,0.423
SME_00108,BR-45430959,TAX-4645009718,Secure LightManufacturing Ventures,Ritu Kabir,Bangladesh,Chattogram,Panchlaish,Cooperative,Micro,1,Manufacturing,LightManufacturing,2019,84,10.47,3,0,1,0,36656.63,31162.83,0.1421,0.2528,9.2,0.6975,0.6729,0.171,0.4594,0,5493.79,0.6528,0.5569,0.0148,0,0.1002,0,0,0,0.0827,0.4109,0.6729,0.6058,1,Normal,0,0.3046,0,0.4599
SME_00109,BR-23048645,TAX-0558455771,Blue Grocery Mart,Rafi Miah,Bangladesh,Barishal,Bakerganj,Partnership,Small,0,Retail,Grocery,2017,119,17.05,8,0,0,1,45231.19,35508.74,0.1931,0.3942,5.55,0.7095,0.8067,0.1219,0.245,0,9722.46,0.7089,0.5346,0.0154,0,0.1923,0,0,0,0.0256,0.7272,0.8067,0.7153,1,Normal,0,0.0039,0,0.4541
SME_00110,BR-84877345,TAX-7981515811,Green Accessories Textiles,Adnan Rahman,Bangladesh,Chattogram,Kotwali,Private Limited,Micro,7,Textile,Accessories,2014,150,10.87,4,0,0,0,30297.29,23538.47,0.1796,0.2521,1.9,0.7705,0.6877,0.0026,0.276,0,6758.81,0.737,0.4967,0.0118,0,0.4498,0,0,0,0.0274,0.7504,0.6877,0.7552,1,Normal,0,0.1473,1,0.517
SME_00111,BR-15057296,TAX-2158095354,Golden Restaurant Ventures,Arif Miah,Bangladesh,Mymensingh,Trishal,Partnership,Growth,3,Food,Restaurant,2021,61,11.01,5,1,0,0,23473.5,19620.96,0.1238,0.6261,17.1,0.6671,0.6514,0.0051,0.2573,0,3852.54,0.5059,0.4142,0.2051,1,0.2426,0,0,0,-0.0129,0.3832,0.6514,0.5076,0,Warning,1,0.6994,0,0.4758
SME_00112,BR-19373971,TAX-9039576456,Rapid Packaging Foods,Farhana Miah,Bangladesh,Chattogram,Halishahar,Partnership,Growth,1,Manufacturing,Packaging,2014,153,12.88,7,0,1,1,107908.94,78322.66,0.2283,0.1352,0.0,0.7634,0.7057,0.6483,0.1837,1,29586.28,0.815,0.8208,0.028,0,0.5965,0,0,0,0.2302,0.9036,0.7057,0.8141,1,Normal,0,0.3279,1,0.5348
SME_00113,BR-55013446,TAX-5935208212,Ever LightManufacturing Hub,Ritu Sultana,Bangladesh,Rangpur,Sadar,Sole Proprietorship,Small,1,Manufacturing,LightManufacturing,2023,38,2.48,4,1,0,1,35821.16,32578.87,0.1089,0.5132,13.37,0.524,0.6506,0.0,0.3358,0,3242.29,0.5113,0.3677,0.5135,1,0.1041,0,0,0,0.0009,0.2986,0.6506,0.4925,0,Warning,0,0.1919,0,0.4794
SME_00114,BR-53619723,TAX-8962316023,Ever FleetServices Mart,Tanvir Hossain,Bangladesh,Barishal,Sadar,Sole Proprietorship,Small,4,Logistics,FleetServices,2022,56,15.58,11,0,1,0,96599.23,76184.61,0.1999,0.076,3.16,0.5596,0.8109,0.3806,0.1922,0,20414.62,0.7705,0.6263,0.064,0,0.372,0,1,0,0.146,0.8901,0.8109,0.7618,1,Normal,0,0.2908,0,0.4587
SME_00115,BR-85728369,TAX-9402465079,Golden Plastic Studio,Hasan Akter,Bangladesh,Chattogram,Panchlaish,Sole Proprietorship,Small,1,Manufacturing,Plastic,2021,60,9.46,14,0,0,1,138714.1,118216.23,0.1693,0.5759,15.95,0.6048,0.4775,0.1935,0.3232,0,20497.87,0.5183,0.4924,0.1987,1,0.1851,1,0,0,0.0694,0.629,0.4775,0.5016,0,Warning,1,0.763,0,0.4355
SME_00116,BR-57760497,TAX-6136864194,Trust Garments Mart,Nafisa Rahman,Bangladesh,Mymensingh,Trishal,Private Limited,Micro,7,Textile,Garments,2012,171,16.69,6,0,0,1,58148.77,49853.26,0.1671,0.4464,10.43,0.7764,0.8831,0.5136,0.205,0,8295.51,0.6768,0.647,0.0119,0,0.0974,0,0,0,0.115,0.7234,0.8831,0.6968,1,Normal,0,0.0097,0,0.4844
SME_00117,BR-75751668,TAX-0601150633,Future Pharmacy Agro,Anika Jahan,Bangladesh,Chattogram,Pahartali,Sole Proprietorship,Medium,5,Healthcare,Pharmacy,2024,26,5.86,7,0,0,0,65684.42,52927.02,0.1412,0.5852,18.28,0.5311,0.4751,0.2442,0.3866,0,12757.41,0.4672,0.4625,0.2144,0,0.0737,0,0,0,0.0592,0.4232,0.4751,0.4972,0,Warning,1,0.8945,0,0.4497
SME_00118,BR-16091031,TAX-2820393191,Fresh Diagnostics Solutions,Muntasir Sultana,Bangladesh,Rajshahi,Rajpara,Sole Proprietorship,Micro,5,Healthcare,Diagnostics,2020,74,9.81,12,0,0,1,262249.18,199973.78,0.183,0.4989,0.0,0.8814,0.7206,0.0859,0.1513,0,62275.4,0.7211,0.4611,0.0111,0,0.8191,0,0,0,0.0077,0.8339,0.7206,0.7598,1,Normal,0,0.0021,0,0.488
SME_00119,BR-64798701,TAX-7384578568,Bright Restaurant Textiles,Arif Sarkar,Bangladesh,Sylhet,Zindabazar,Partnership,Micro,3,Food,Restaurant,2020,79,7.17,6,0,0,0,39784.67,36744.42,0.065,0.7476,21.58,0.5579,0.5797,0.1623,0.4158,0,3040.25,0.3749,0.4089,0.4139,0,0.1985,1,0,0,0.0655,0.0076,0.5797,0.3579,0,Critical,1,0.7411,0,0.4783
SME_00120,BR-23653193,TAX-1933795584,Secure FleetServices Digital,Mashrur Chowdhury,Bangladesh,Mymensingh,Muktagacha,Sole Proprietorship,Small,4,Logistics,FleetServices,2014,145,17.78,6,0,0,0,39572.1,28773.34,0.2341,0.2257,0.0,0.875,0.8376,0.692,0.2613,1,10798.76,0.8437,0.8464,0.0075,0,0.7351,1,0,0,0.2059,1.0,0.8376,0.8303,1,Normal,0,0.0027,1,0.5329
SME_00121,BR-37766612,TAX-1051137079,Rapid Warehousing Ventures,Rafi Miah,Bangladesh,Dhaka,Dhanmondi,Sole Proprietorship,Micro,4,Logistics,Warehousing,2019,90,12.25,19,0,0,0,79391.19,66972.62,0.1124,0.4764,21.57,0.7994,0.6665,0.2296,0.2592,0,12418.57,0.5332,0.5451,0.0741,0,0.1095,0,0,0,0.0814,0.6259,0.6665,0.5182,0,Warning,0,0.0287,0,0.4195
SME_00122,BR-52922273,TAX-7267197524,Smart Delivery Solutions,Shila Chowdhury,Bangladesh,Dhaka,Uttara,Private Limited,Small,4,Logistics,Delivery,2012,174,15.27,15,1,1,0,172809.43,148221.68,0.2271,0.3004,0.0,0.7483,0.6136,0.4043,0.4517,0,24587.75,0.7583,0.5771,0.136,0,0.6112,0,1,0,0.1124,0.7729,0.6136,0.7379,1,Normal,0,0.0499,0,0.4353
SME_00123,BR-39721639,TAX-9883894300,Future Grocery Enterprises,Hasan Rahman,Bangladesh,Sylhet,Zindabazar,Partnership,Medium,0,Retail,Grocery,2015,134,17.9,13,0,0,1,33674.11,21573.75,0.2827,0.0,0.0,0.8253,0.8671,0.2395,0.2385,1,12100.36,0.9302,0.6912,0.0111,0,0.5666,1,0,1,0.0208,1.0,0.8671,0.9102,1,Normal,0,0.003,0,0.5525
SME_00124,BR-89822734,TAX-7910754894,Trust Beverage Traders,Anika Hasan,Bangladesh,Rajshahi,Boalia,Private Limited,Medium,3,Food,Beverage,2016,128,16.89,16,0,0,1,51985.78,47115.69,0.1948,0.2582,4.54,0.7783,0.7194,0.1516,0.3217,0,4870.09,0.7421,0.563,0.0176,0,0.2304,0,0,1,0.0551,0.6521,0.7194,0.7318,1,Normal,0,0.0874,0,0.4363
SME_00125,BR-24259616,TAX-5745986469,Trust Fashion Enterprises,Farhana Ahmed,Bangladesh,Khulna,Sonadanga,Cooperative,Small,0,Retail,Fashion,2015,137,15.63,3,0,0,1,28521.51,23375.82,0.1949,0.3026,4.92,0.6201,0.5643,0.3037,0.2931,0,5145.69,0.674,0.5727,0.0839,0,0.1709,1,1,0,0.1044,0.6769,0.5643,0.6915,1,Normal,1,0.9346,0,0.4066
SME_00126,BR-52656047,TAX-7777279885,Fresh Bakery Enterprises,Tariq Karim,Bangladesh,Dhaka,Mirpur,Sole Proprietorship,Medium,3,Food,Bakery,2024,34,3.45,20,0,0,0,55431.99,53534.04,0.0836,0.5412,19.76,0.5927,0.5045,0.0865,0.3908,0,1897.95,0.4377,0.3905,0.3233,0,0.1784,0,0,0,0.0328,0.1144,0.5045,0.4233,0,Warning,1,0.8559,0,0.4872
SME_00127,BR-17059498,TAX-6696852085,Vertex ColdStorage Textiles,Mashrur Hossain,Bangladesh,Chattogram,Panchlaish,Cooperative,Small,2,AgriTech,ColdStorage,2019,84,8.02,11,1,0,0,35270.85,35010.16,0.0508,0.803,21.79,0.5973,0.5164,0.2394,0.4652,0,260.69,0.3455,0.4075,0.5132,0,0.227,0,0,0,0.0857,0.0635,0.5164,0.3666,0,Critical,0,0.2962,1,0.5279
SME_00128,BR-41936905,TAX-9433192571,Alpha Grocery Partners,Muntasir Ahmed,Bangladesh,Barishal,Banaripara,Cooperative,Medium,0,Retail,Grocery,2018,107,7.55,17,0,0,1,77622.12,69979.59,0.1293,0.4866,2.33,0.6635,0.5723,0.1177,0.4026,0,7642.53,0.6013,0.433,0.2528,0,0.1363,0,1,0,0.0185,0.4147,0.5723,0.6286,1,Normal,0,0.2305,0,0.4416
SME_00129,BR-57991819,TAX-2227523968,Alpha Electronics Foods,Nafisa Karim,Bangladesh,Dhaka,Mohammadpur,Private Limited,Small,0,Retail,Electronics,2023,42,12.31,11,0,0,0,29791.74,27897.73,0.1467,0.2192,11.62,0.6528,0.7659,0.399,0.2616,0,1894.01,0.6604,0.6268,0.0178,0,0.2081,1,0,0,0.149,0.5427,0.7659,0.6661,1,Normal,0,0.0806,0,0.4434
SME_00130,BR-93499980,TAX-0464363308,Ever Delivery Enterprises,Adnan Sarkar,Bangladesh,Chattogram,Pahartali,Private Limited,Micro,4,Logistics,Delivery,2024,26,9.55,9,0,0,0,32403.87,23888.92,0.2087,0.1534,0.0,0.6712,0.6249,0.4119,0.352,0,8514.95,0.7634,0.5732,0.1812,0,0.1996,0,1,0,0.0947,1.0,0.6249,0.788,1,Normal,0,0.0711,0,0.4368
SME_00131,BR-51929549,TAX-1314051141,Secure Plastic Digital,Shila Chowdhury,Bangladesh,Rangpur,Sadar,Private Limited,Growth,1,Manufacturing,Plastic,2024,29,3.4,8,0,0,1,33897.15,30466.51,0.0934,0.5787,10.87,0.6815,0.6514,0.255,0.2637,0,3430.64,0.5252,0.4322,0.0548,0,0.0526,0,0,0,-0.0102,0.2645,0.6514,0.498,0,Warning,0,0.1688,0,0.4235
SME_00132,BR-84111421,TAX-6232418148,Prime Garments Textiles,Arif Islam,Bangladesh,Dhaka,Gulshan,Private Limited,Micro,7,Textile,Garments,2015,143,12.01,11,0,0,1,79158.49,64322.17,0.1448,0.5673,15.22,0.6576,0.6508,0.3881,0.3201,0,14836.33,0.5441,0.5925,0.1851,0,0.0875,0,1,0,0.136,0.4142,0.6508,0.5329,0,Warning,0,0.2187,0,0.45
SME_00133,BR-77571888,TAX-1343811037,Green Delivery Traders,Nusrat Hossain,Bangladesh,Sylhet,Beanibazar,Private Limited,Micro,4,Logistics,Delivery,2016,120,6.02,7,1,0,0,62819.2,52226.22,0.0838,0.667,20.59,0.671,0.5388,0.0,0.3012,0,10592.98,0.4263,0.3391,0.4942,1,0.325,1,0,1,-0.031,0.4081,0.5388,0.4301,0,Warning,1,0.8423,0,0.4777
SME_00134,BR-50611322,TAX-9114624577,Prime DairySupport Enterprises,Shakil Ahmed,Bangladesh,Dhaka,Uttara,Sole Proprietorship,Micro,2,AgriTech,DairySupport,2022,54,9.59,15,0,0,0,31120.22,24923.94,0.166,0.5361,13.62,0.6622,0.6613,0.1611,0.3947,0,6196.29,0.5795,0.4703,0.1733,0,0.058,0,0,0,0.0077,0.5234,0.6613,0.584,1,Warning,0,0.2759,0,0.474
SME_00135,BR-27937066,TAX-3785983110,Urban Delivery Partners,Farhana Miah,Bangladesh,Barishal,Banaripara,Cooperative,Small,4,Logistics,Delivery,2015,134,5.85,3,0,0,0,20858.8,21167.53,0.0788,0.7232,28.0,0.5396,0.6949,0.0,0.2288,0,-308.73,0.3766,0.322,0.3771,0,0.5942,1,0,0,0.0005,0.0665,0.6949,0.4052,0,Warning,0,0.2843,1,0.5172
SME_00136,BR-01345873,TAX-1572639742,Bright Electronics Traders,Tanvir Miah,Bangladesh,Sylhet,Beanibazar,Private Limited,Small,0,Retail,Electronics,2016,126,14.32,7,0,1,0,35082.74,27627.19,0.2038,0.1952,0.0,0.7205,0.5915,0.1619,0.3437,0,7455.55,0.7531,0.5562,0.1003,0,0.3003,0,1,1,0.0809,0.8018,0.5915,0.7331,1,Normal,0,0.1161,0,0.4593
SME_00137,BR-19262117,TAX-4721527892,Rapid Fabric Hub,Nusrat Miah,Bangladesh,Barishal,Banaripara,Private Limited,Small,7,Textile,Fabric,2014,148,14.45,31,0,0,1,146469.17,134879.63,0.1783,0.3205,1.49,0.7687,0.8828,0.3777,0.2931,0,11589.54,0.7577,0.5836,0.0111,0,0.3331,1,0,0,0.0736,0.6581,0.8828,0.747,1,Normal,0,0.0067,0,0.4179
SME_00138,BR-64545622,TAX-8178751956,Urban Beverage Care,Tariq Akter,Bangladesh,Dhaka,Dhanmondi,Partnership,Growth,3,Food,Beverage,2013,164,21.1,6,1,0,0,32482.06,28729.47,0.2198,0.2379,0.67,0.5538,0.7736,0.584,0.377,0,3752.59,0.7564,0.5919,0.1091,0,0.793,1,1,0,0.1514,0.5723,0.7736,0.7547,1,Normal,1,0.7759,0,0.4649
SME_00139,BR-78047050,TAX-2109946004,Ever AccountingTech Solutions,Rumana Jahan,Bangladesh,Khulna,Sonadanga,Sole Proprietorship,Small,6,FinTech,AccountingTech,2013,159,16.69,8,0,1,1,78923.74,66011.49,0.3134,0.0,0.0,0.8166,0.7117,0.5913,0.3885,0,12912.25,0.9151,0.719,0.0154,0,0.854,1,0,1,0.1917,0.9913,0.7117,0.9047,1,Normal,0,0.0038,1,0.5069
SME_00140,BR-55513512,TAX-3623456322,Green Grocery Mart,Nafisa Sultana,Bangladesh,Mymensingh,Muktagacha,Partnership,Small,0,Retail,Grocery,2023,37,7.54,5,0,0,0,15775.3,15873.9,0.089,0.6409,13.04,0.7822,0.7323,0.2155,0.273,0,-98.6,0.5296,0.4749,0.0966,0,0.0932,0,0,0,0.0254,0.0798,0.7323,0.5087,0,Warning,0,0.0677,1,0.4917
SME_00141,BR-50584540,TAX-3430007249,Green Beverage Traders,Arif Jahan,Bangladesh,Dhaka,Dhanmondi,Partnership,Small,3,Food,Beverage,2015,139,15.91,11,0,0,0,51243.08,52053.09,0.1021,0.5178,16.68,0.7559,0.6874,0.3774,0.5256,0,-810.01,0.5363,0.4906,0.131,0,0.6849,1,0,1,0.0983,0.3304,0.6874,0.5268,0,Warning,0,0.3417,1,0.5161
SME_00142,BR-48738750,TAX-1193300583,Alpha Restaurant Digital,Tanvir Jahan,Bangladesh,Dhaka,Mirpur,Partnership,Medium,3,Food,Restaurant,2020,74,4.88,6,0,0,1,43693.91,39895.24,0.1032,0.5597,18.64,0.6434,0.6736,0.0,0.317,1,3798.67,0.4953,0.5088,0.4465,0,0.1255,0,0,0,-0.0683,0.3665,0.6736,0.4904,0,Warning,0,0.1793,0,0.4725
SME_00143,BR-30990904,TAX-7375362381,Ever Fabric Logistics,Sadia Kabir,Bangladesh,Dhaka,Uttara,Partnership,Micro,7,Textile,Fabric,2020,76,6.68,8,0,1,1,108708.14,105710.86,0.039,0.8572,32.39,0.5338,0.5318,0.0,0.3738,0,2997.28,0.2612,0.2647,0.5651,1,0.5135,1,0,0,-0.0335,0.0,0.5318,0.2902,0,Critical,0,0.2711,1,0.5787
SME_00144,BR-77964938,TAX-7159617905,Alpha FleetServices Care,Rumana Hasan,Bangladesh,Rangpur,Mithapukur,Sole Proprietorship,Micro,4,Logistics,FleetServices,2017,118,13.27,15,0,1,0,97842.62,78939.93,0.2079,0.1673,2.23,0.7784,0.729,0.2828,0.4529,0,18902.69,0.7865,0.6186,0.0046,0,0.2699,0,0,0,0.0997,0.7883,0.729,0.7661,1,Normal,0,0.0127,0,0.4532
SME_00145,BR-93665631,TAX-3792701528,Golden Beverage Ventures,Rafi Sarkar,Bangladesh,Sylhet,Beanibazar,Partnership,Small,3,Food,Beverage,2017,110,3.03,6,1,0,0,38647.5,36070.32,0.0667,0.7189,26.75,0.546,0.5338,0.0098,0.3193,0,2577.18,0.346,0.3365,0.2761,0,0.2721,0,0,0,-0.046,0.2392,0.5338,0.3623,0,Critical,1,0.6627,1,0.4925
SME_00146,BR-55720026,TAX-8998479049,Prime MetalWorks Enterprises,Farhana Ahmed,Bangladesh,Rajshahi,Boalia,Partnership,Medium,1,Manufacturing,MetalWorks,2020,79,10.48,14,0,1,0,118558.48,96408.94,0.1943,0.1543,0.0,0.6794,0.6458,0.3064,0.428,0,22149.54,0.7565,0.5462,0.0272,0,0.377,0,0,0,0.0765,0.6189,0.6458,0.7819,1,Normal,0,0.0591,0,0.446
SME_00147,BR-55823297,TAX-5056105767,Rapid DairySupport Logistics,Rahim Miah,Bangladesh,Sylhet,Balaganj,Cooperative,Medium,2,AgriTech,DairySupport,2012,179,9.89,15,0,0,0,68283.06,60805.54,0.1471,0.5234,17.9,0.6429,0.8339,0.5646,0.2088,1,7477.52,0.5724,0.7379,0.1656,0,0.3954,0,0,1,0.1644,0.3815,0.8339,0.5621,1,Warning,0,0.0408,0,0.5334
SME_00148,BR-18478021,TAX-3689173742,Green Beverage Hub,Anika Hossain,Bangladesh,Khulna,Sonadanga,Sole Proprietorship,Small,3,Food,Beverage,2023,36,9.61,17,0,0,1,46873.05,43746.03,0.0434,0.8376,28.94,0.6294,0.7489,0.3402,0.3495,0,3127.01,0.3431,0.4384,0.0584,0,0.1689,0,0,0,0.0394,0.0616,0.7489,0.3483,0,Critical,1,0.871,1,0.5268
SME_00149,BR-05707422,TAX-1126874753,Urban Bakery Logistics,Farhana Kabir,Bangladesh,Khulna,Daulatpur,Sole Proprietorship,Medium,3,Food,Bakery,2025,22,4.42,10,0,0,1,97591.28,82152.14,0.0893,0.7719,26.69,0.6246,0.5482,0.0,0.3164,0,15439.14,0.3702,0.3356,0.4685,0,0.3614,0,0,0,-0.0476,0.2975,0.5482,0.3817,0,Critical,0,0.2519,1,0.5113
SME_00150,BR-80528735,TAX-2751020189,Golden Electronics Partners,Rafi Akter,Bangladesh,Chattogram,Panchlaish,Sole Proprietorship,Small,0,Retail,Electronics,2026,11,10.06,63,0,0,0,70706.79,62323.68,0.1367,0.3179,1.54,0.8806,0.8484,0.3607,0.4215,1,8383.11,0.7374,0.6843,0.0089,0,0.1558,0,0,0,0.0512,0.6384,0.8484,0.7456,1,Normal,0,0.0015,0,0.4174
SME_00151,BR-63316230,TAX-2762850363,Future AccountingTech Mart,Mehjabin Karim,Bangladesh,Rajshahi,Boalia,Partnership,Micro,6,FinTech,AccountingTech,2014,147,12.98,17,0,0,1,140504.89,95097.34,0.2885,0.1471,0.0,0.7469,0.5623,0.6167,0.4286,0,45407.54,0.8337,0.6616,0.2273,0,0.7705,1,1,0,0.1847,1.0,0.5623,0.8353,1,Normal,0,0.1177,0,0.5335
SME_00152,BR-98964499,TAX-0757463088,Urban Garments Studio,Rafi Sarkar,Bangladesh,Dhaka,Mohammadpur,Partnership,Micro,7,Textile,Garments,2020,76,16.13,11,0,0,0,68721.37,54367.76,0.1794,0.4238,13.85,0.6102,0.5463,0.6514,0.3943,0,14353.61,0.5841,0.5651,0.3529,1,0.3709,0,0,1,0.1521,0.6454,0.5463,0.5705,0,Warning,1,0.7623,1,0.4968
SME_00153,BR-67341374,TAX-2919597717,Trust Grocery Works,Farhana Chowdhury,Bangladesh,Barishal,Banaripara,Private Limited,Micro,0,Retail,Grocery,2020,82,10.76,5,1,0,0,29767.32,25242.57,0.1449,0.4116,6.02,0.5051,0.5944,0.2928,0.3812,0,4524.75,0.5875,0.5021,0.0615,0,0.0807,0,0,0,0.0694,0.5389,0.5944,0.6007,1,Normal,0,0.1093,0,0.4032
SME_00154,BR-83789595,TAX-3686582258,Future Bakery Traders,Farhana Sarkar,Bangladesh,Mymensingh,Trishal,Cooperative,Small,3,Food,Bakery,2017,118,8.86,9,0,0,0,86299.28,76802.38,0.0914,0.6412,19.68,0.6102,0.6407,0.0,0.4274,0,9496.9,0.4504,0.3792,0.2263,0,0.2785,0,0,0,-0.0382,0.1184,0.6407,0.4429,0,Warning,0,0.2219,1,0.5232
SME_00155,BR-12269807,TAX-7127390118,Golden Electronics Partners,Rumana Islam,Bangladesh,Chattogram,Kotwali,Sole Proprietorship,Small,0,Retail,Electronics,2020,81,9.71,21,0,1,1,48348.21,45978.38,0.1045,0.4863,17.73,0.6045,0.6439,0.3123,0.1944,0,2369.83,0.5048,0.4877,0.4143,0,0.062,0,0,0,0.0893,0.3197,0.6439,0.5054,0,Warning,0,0.2217,0,0.4713
SME_00156,BR-12668177,TAX-1476011360,Bright Warehousing Hub,Samira Islam,Bangladesh,Rajshahi,Motihar,Private Limited,Small,4,Logistics,Warehousing,2018,105,6.12,25,0,0,0,139652.32,124260.02,0.1019,0.4257,16.7,0.7982,0.693,0.3028,0.4756,1,15392.3,0.5649,0.6377,0.096,0,0.2207,0,0,0,0.0713,0.29,0.693,0.5684,1,Warning,0,0.0286,0,0.4333
SME_00157,BR-54839099,TAX-0299157863,Trust LightManufacturing Solutions,Rafi Kabir,Bangladesh,Dhaka,Mohammadpur,Sole Proprietorship,Small,1,Manufacturing,LightManufacturing,2025,16,10.16,22,0,1,0,97106.99,93624.75,0.0939,0.5769,23.57,0.5222,0.6594,0.1902,0.3176,0,3482.24,0.4343,0.439,0.3641,1,0.2672,0,0,0,0.0743,0.1666,0.6594,0.4514,0,Warning,1,0.8026,0,0.4433
SME_00158,BR-19426295,TAX-0876020160,Blue Delivery Care,Shakil Sultana,Bangladesh,Rangpur,Mithapukur,Sole Proprietorship,Small,4,Logistics,Delivery,2024,33,11.46,14,0,1,1,103863.08,91395.63,0.1303,0.3893,11.98,0.6521,0.6598,0.0925,0.3598,0,12467.45,0.5883,0.5118,0.0324,0,0.2108,0,0,0,0.0676,0.457,0.6598,0.6269,1,Normal,0,0.2226,0,0.4401
SME_00159,BR-73532540,TAX-9917372454,Urban Clinic Ventures,Anika Hossain,Bangladesh,Barishal,Banaripara,Partnership,Medium,5,Healthcare,Clinic,2012,168,23.48,4,1,0,0,51696.32,36491.79,0.2897,0.1077,0.0,0.9358,0.9556,0.6896,0.3266,1,15204.53,0.9482,0.9036,0.0069,0,0.7317,0,0,1,0.1991,1.0,0.9556,0.9334,1,Normal,0,0.0039,1,0.5549
SME_00160,BR-94893452,TAX-1310661812,Alpha Diagnostics Agro,Karim Islam,Bangladesh,Rangpur,Sadar,Sole Proprietorship,Medium,5,Healthcare,Diagnostics,2019,84,8.31,12,0,0,1,77268.2,65311.02,0.1627,0.2094,5.99,0.7373,0.5325,0.097,0.2571,0,11957.18,0.6776,0.4971,0.2669,0,0.1269,1,1,0,0.0537,0.7603,0.5325,0.6787,1,Normal,0,0.2773,0,0.4539
SME_00161,BR-12954133,TAX-5819041628,Nova Fashion Textiles,Adnan Hasan,Bangladesh,Chattogram,Halishahar,Private Limited,Small,0,Retail,Fashion,2024,35,8.1,4,0,1,1,28151.5,23454.05,0.1023,0.6311,21.91,0.4501,0.543,0.0266,0.2611,0,4697.45,0.4039,0.3616,0.193,0,0.2498,1,0,0,0.0058,0.2251,0.543,0.3742,0,Critical,0,0.1644,0,0.4719
SME_00162,BR-84662896,TAX-3881111936,Rapid Garments Partners,Tariq Akter,Bangladesh,Dhaka,Dhanmondi,Private Limited,Small,7,Textile,Garments,2021,70,8.03,4,1,1,0,36667.31,33704.85,0.0977,0.6388,11.83,0.4532,0.6483,0.3044,0.1788,0,2962.46,0.4691,0.462,0.5432,1,0.0821,0,0,0,0.1033,0.2594,0.6483,0.4987,0,Warning,0,0.2245,0,0.4726
SME_00163,BR-41717495,TAX-1998615561,Ever MetalWorks Studio,Arif Hossain,Bangladesh,Dhaka,Gulshan,Private Limited,Small,1,Manufacturing,MetalWorks,2021,64,10.98,10,0,1,0,54352.51,47324.71,0.1718,0.3864,12.42,0.6813,0.5607,0.3912,0.2265,0,7027.8,0.6086,0.5931,0.1901,0,0.1234,0,1,0,0.133,0.6296,0.5607,0.6095,1,Normal,0,0.2412,0,0.4391
SME_00164,BR-60089674,TAX-6383196987,Smart Fashion Logistics,Muntasir Rahman,Bangladesh,Dhaka,Dhanmondi,Partnership,Small,0,Retail,Fashion,2022,53,11.29,12,0,1,0,74985.92,69597.8,0.1214,0.5526,2.88,0.7297,0.6091,0.4035,0.4501,1,5388.13,0.5959,0.6274,0.3496,1,0.1841,0,1,0,0.0903,0.4497,0.6091,0.5899,0,Warning,1,0.7818,0,0.4501
SME_00165,BR-82705366,TAX-0091633774,Rapid Restaurant Studio,Ritu Mahmud,Bangladesh,Dhaka,Gulshan,Private Limited,Small,3,Food,Restaurant,2022,57,9.69,16,0,0,0,75745.21,63364.42,0.0958,0.6981,24.67,0.7385,0.6218,0.3855,0.2305,0,12380.79,0.4359,0.4912,0.1835,0,0.1234,0,0,0,0.0661,0.2215,0.6218,0.4369,0,Warning,0,0.2322,1,0.5231
SME_00166,BR-64405052,TAX-0592091334,Trust ColdStorage Agro,Adnan Ahmed,Bangladesh,Dhaka,Dhanmondi,Partnership,Small,2,AgriTech,ColdStorage,2015,132,16.75,12,0,0,0,43354.98,32800.4,0.1675,0.275,0.0,0.7649,0.8052,0.6789,0.2728,1,10554.58,0.7517,0.759,0.0192,0,0.6969,1,0,0,0.1733,0.7564,0.8052,0.7538,1,Normal,0,0.0087,1,0.5172
SME_00167,BR-90868910,TAX-6473862445,Urban SMEFinance Care,Arif Jahan,Bangladesh,Rangpur,Gangachara,Sole Proprietorship,Medium,6,FinTech,SMEFinance,2024,24,6.33,12,0,1,1,79004.98,64249.7,0.1599,0.4497,13.3,0.5879,0.5345,0.7954,0.4644,0,14755.29,0.5588,0.5758,0.4203,1,0.3766,0,0,0,0.1836,0.4302,0.5345,0.5442,0,Warning,1,0.9155,0,0.5648
SME_00168,BR-11582334,TAX-5835456772,Trust AccountingTech Foods,Tariq Hossain,Bangladesh,Dhaka,Mohammadpur,Sole Proprietorship,Medium,6,FinTech,AccountingTech,2022,59,13.91,5,0,0,0,64213.86,51563.09,0.2662,0.0335,0.0,0.7151,0.6363,0.4354,0.2023,0,12650.77,0.8478,0.6867,0.0527,0,0.4131,0,0,0,0.1668,0.782,0.6363,0.8716,1,Normal,0,0.0509,1,0.4919
SME_00169,BR-59268687,TAX-0905990388,Golden FarmInputs Traders,Amin Chowdhury,Bangladesh,Dhaka,Mirpur,Private Limited,Micro,2,AgriTech,FarmInputs,2019,87,13.05,8,0,0,1,39379.82,36344.97,0.0881,0.8028,23.34,0.7592,0.5965,0.5094,0.3848,0,3034.84,0.4124,0.5479,0.1897,0,0.1778,0,0,0,0.1276,0.1415,0.5965,0.4253,0,Warning,0,0.2474,0,0.5615
SME_00170,BR-03500144,TAX-8218992801,Nova Accessories Care,Rafi Sultana,Bangladesh,Mymensingh,Muktagacha,Cooperative,Small,7,Textile,Accessories,2018,99,11.25,4,0,0,0,18194.52,15173.49,0.1273,0.6955,18.12,0.6181,0.6148,0.0889,0.2833,0,3021.03,0.473,0.4081,0.6278,0,0.291,0,0,0,0.0463,0.4429,0.6148,0.4887,0,Warning,0,0.2164,0,0.4633
SME_00171,BR-75805028,TAX-9730937608,Secure Plastic Hub,Mehjabin Sultana,Bangladesh,Rajshahi,Rajpara,Sole Proprietorship,Growth,1,Manufacturing,Plastic,2013,159,12.04,3,0,0,1,40221.26,31139.48,0.1531,0.2907,6.22,0.4919,0.6661,0.0999,0.3045,0,9081.78,0.6305,0.431,0.5176,1,0.2578,0,1,0,0.0512,0.6094,0.6661,0.6169,0,Normal,1,0.7489,0,0.4491
SME_00172,BR-84009850,TAX-8030058117,Urban Beverage Agro,Anika Ahmed,Bangladesh,Mymensingh,Trishal,Private Limited,Micro,3,Food,Beverage,2013,166,23.24,14,1,0,0,85974.93,60247.62,0.265,0.0,0.0,0.8868,0.9367,0.8706,0.2362,0,25727.31,0.9391,0.7449,0.0045,0,0.8848,1,0,0,0.2191,1.0,0.9367,0.9244,1,Normal,0,0.0048,1,0.6653
SME_00173,BR-93957730,TAX-7624376218,Urban Packaging Solutions,Nafisa Islam,Bangladesh,Rajshahi,Rajpara,Private Limited,Medium,1,Manufacturing,Packaging,2022,57,6.63,6,0,0,0,21703.88,17762.37,0.144,0.5073,20.38,0.5436,0.3977,0.0915,0.309,0,3941.51,0.4644,0.4305,0.2204,0,0.1872,0,0,0,0.0469,0.5057,0.3977,0.4621,0,Warning,1,0.6617,0,0.4541
SME_00174,BR-12838371,TAX-0750868589,Smart Fabric Works,Amin Islam,Bangladesh,Barishal,Bakerganj,Private Limited,Micro,7,Textile,Fabric,2018,99,12.49,15,0,1,0,79174.12,72528.87,0.1307,0.5954,8.36,0.7537,0.7528,0.0,0.3206,0,6645.24,0.5966,0.5213,0.0111,0,0.2298,0,0,1,0.0509,0.5204,0.7528,0.6126,1,Normal,0,0.0063,0,0.4688
SME_00175,BR-97590483,TAX-5741959126,Future Fashion Foods,Imran Miah,Bangladesh,Rajshahi,Boalia,Partnership,Small,0,Retail,Fashion,2026,9,5.3,18,0,0,0,56236.25,52809.27,0.1116,0.7417,6.46,0.4905,0.6217,0.0276,0.1864,0,3426.98,0.4872,0.4093,0.1144,0,0.3196,0,0,0,0.0285,0.3248,0.6217,0.4972,0,Warning,0,0.2645,0,0.4585
SME_00176,BR-79370294,TAX-2175884368,Fresh Fashion Works,Shakil Hasan,Bangladesh,Khulna,Daulatpur,Private Limited,Small,0,Retail,Fashion,2017,113,18.91,6,0,0,1,38832.46,31060.97,0.1476,0.5091,8.97,0.7249,0.7883,0.2614,0.3318,0,7771.49,0.6278,0.6456,0.0339,0,0.1112,1,0,0,0.1458,0.5863,0.7883,0.6122,1,Normal,0,0.0061,0,0.4187
SME_00177,BR-39466067,TAX-1861106802,Rapid Beverage Foods,Anika Kabir,Bangladesh,Sylhet,Beanibazar,Private Limited,Micro,3,Food,Beverage,2024,32,12.61,13,0,0,0,67025.29,60446.82,0.1358,0.6026,11.91,0.7948,0.8197,0.0,0.2131,0,6578.47,0.6007,0.4856,0.0486,0,0.1677,0,0,0,-0.0137,0.4888,0.8197,0.6141,1,Normal,0,0.005,0,0.4528
SME_00178,BR-70176731,TAX-5057356029,Vertex Dyeing Agro,Rumana Hasan,Bangladesh,Chattogram,Kotwali,Private Limited,Growth,7,Textile,Dyeing,2025,18,5.89,6,0,1,0,36299.85,33908.39,0.0984,0.7252,16.53,0.6326,0.642,0.0693,0.329,1,2391.46,0.458,0.5106,0.4252,1,0.2247,0,0,0,0.0166,0.3481,0.642,0.4386,0,Warning,1,0.8409,0,0.4502
SME_00179,BR-03321145,TAX-5570390323,Golden Accessories Studio,Karim Mahmud,Bangladesh,Chattogram,Halishahar,Sole Proprietorship,Small,7,Textile,Accessories,2016,122,14.12,3,0,0,0,17989.02,14303.05,0.1459,0.5665,7.3,0.603,0.7182,0.2458,0.3439,0,3685.97,0.5877,0.5241,0.2707,0,0.1004,1,1,0,0.0817,0.6522,0.7182,0.5745,1,Warning,0,0.1906,0,0.4279
SME_00180,BR-40305332,TAX-1779704718,Blue HealthServices Studio,Shakil Mahmud,Bangladesh,Khulna,Sonadanga,Cooperative,Growth,5,Healthcare,HealthServices,2023,36,10.23,10,0,0,1,38379.31,28564.4,0.2515,0.2059,0.0,0.801,0.5337,0.0,0.2439,0,9814.91,0.7946,0.4937,0.1827,1,0.2849,0,1,0,-0.0038,0.8825,0.5337,0.7978,0,Normal,0,0.4974,0,0.5335
SME_00181,BR-30999513,TAX-1535821480,Prime Accessories Traders,Farhana Rahman,Bangladesh,Dhaka,Mirpur,Sole Proprietorship,Small,7,Textile,Accessories,2019,89,8.9,7,0,0,1,66938.17,58729.49,0.1397,0.3285,4.4,0.5558,0.676,0.0,0.3467,0,8208.69,0.6335,0.3885,0.4507,1,0.2145,1,1,0,-0.0452,0.4183,0.676,0.6101,0,Normal,1,0.84,1,0.5229
SME_00182,BR-13404440,TAX-7886719576,Golden Garments Ventures,Sadia Kabir,Bangladesh,Mymensingh,Trishal,Private Limited,Medium,7,Textile,Garments,2025,23,11.8,7,0,0,0,50589.45,45048.23,0.1177,0.534,16.42,0.729,0.6256,0.0,0.3617,0,5541.23,0.5311,0.4715,0.1111,0,0.1597,0,0,0,0.0339,0.4143,0.6256,0.5118,0,Warning,0,0.1123,0,0.4843
SME_00183,BR-22651139,TAX-9373384873,Golden Bakery Hub,Samira Hossain,Bangladesh,Dhaka,Mirpur,Sole Proprietorship,Growth,3,Food,Bakery,2015,135,14.06,30,0,1,0,149895.01,109537.06,0.1837,0.2781,2.57,0.9545,0.8527,0.5893,0.3732,1,40357.95,0.7942,0.7941,0.0209,0,0.8304,1,0,0,0.1772,0.9047,0.8527,0.8252,1,Normal,0,0.0099,0,0.4648
SME_00184,BR-36833889,TAX-2601648185,Vertex AgroProcessing Foods,Rumana Islam,Bangladesh,Dhaka,Mohammadpur,Sole Proprietorship,Small,2,AgriTech,AgroProcessing,2015,139,13.5,4,0,1,0,18297.92,16526.04,0.1034,0.5542,16.71,0.6142,0.5822,0.4155,0.3665,0,1771.87,0.4847,0.5243,0.4811,1,0.1904,0,0,0,0.1469,0.4528,0.5822,0.512,0,Warning,1,0.7817,0,0.4491
SME_00185,BR-13923992,TAX-9700391230,Alpha SMEFinance Works,Nafisa Sultana,Bangladesh,Dhaka,Mirpur,Sole Proprietorship,Micro,6,FinTech,SMEFinance,2018,106,11.37,11,0,0,1,138357.16,107833.49,0.2524,0.0741,0.0,0.7526,0.794,0.797,0.4448,1,30523.67,0.8625,0.848,0.0093,0,0.5863,0,0,0,0.2095,0.8678,0.794,0.9083,1,Normal,0,0.0048,1,0.5651
SME_00186,BR-64523831,TAX-1724286115,Prime FleetServices Logistics,Hasan Hasan,Bangladesh,Barishal,Banaripara,Partnership,Medium,4,Logistics,FleetServices,2014,151,14.76,5,0,0,0,28926.64,26204.41,0.1731,0.513,13.65,0.6553,0.8042,0.3261,0.3378,0,2722.24,0.6148,0.5986,0.0609,0,0.0949,0,0,0,0.0977,0.5125,0.8042,0.6238,1,Normal,0,0.0244,0,0.4156
SME_00187,BR-55565947,TAX-0848913893,Vertex AgroProcessing Hub,Muntasir Islam,Bangladesh,Chattogram,Kotwali,Partnership,Small,2,AgriTech,AgroProcessing,2020,82,11.65,16,0,0,1,31907.59,26738.98,0.1285,0.3864,9.81,0.7584,0.6447,0.3894,0.1581,0,5168.61,0.6149,0.5551,0.0167,0,0.1846,0,0,0,0.0914,0.6128,0.6447,0.6278,1,Normal,0,0.1032,0,0.4558
SME_00188,BR-42687446,TAX-6528666728,Ever Electronics Mart,Arif Ahmed,Bangladesh,Sylhet,Beanibazar,Sole Proprietorship,Growth,0,Retail,Electronics,2023,38,9.5,11,0,0,1,39654.14,34290.08,0.108,0.6187,15.18,0.6583,0.712,0.0,0.2003,0,5364.06,0.5134,0.4117,0.1472,0,0.2993,1,0,0,0.0002,0.4148,0.712,0.5103,0,Warning,0,0.1012,0,0.4691
SME_00189,BR-26770944,TAX-0821303404,Blue Diagnostics Ventures,Rahim Hossain,Bangladesh,Barishal,Sadar,Partnership,Small,5,Healthcare,Diagnostics,2024,32,6.5,11,0,0,1,94414.64,77367.36,0.1701,0.4091,10.1,0.5613,0.673,0.0361,0.2758,0,17047.27,0.6126,0.4556,0.2677,0,0.1736,0,1,0,0.0236,0.5344,0.673,0.6056,1,Normal,1,0.7968,0,0.4589
SME_00190,BR-59657385,TAX-6940799713,Fresh Plastic Works,Imran Mahmud,Bangladesh,Dhaka,Dhanmondi,Partnership,Micro,1,Manufacturing,Plastic,2023,44,16.24,5,0,0,0,76566.32,57975.95,0.2574,0.0145,0.0,0.6409,0.648,0.4381,0.3075,0,18590.37,0.8333,0.6369,0.0266,0,0.3213,1,0,0,0.1245,1.0,0.648,0.8507,1,Normal,0,0.0457,0,0.4782
SME_00191,BR-60763609,TAX-3947420146,Trust Accessories Logistics,Karim Hossain,Bangladesh,Mymensingh,Trishal,Private Limited,Micro,7,Textile,Accessories,2023,40,5.13,6,0,0,1,34400.28,32335.31,0.0649,0.6366,27.24,0.4783,0.6409,0.1889,0.4214,0,2064.98,0.3672,0.3445,0.4869,1,0.166,0,0,0,0.0144,0.0,0.6409,0.3944,0,Critical,1,0.7832,0,0.4774
SME_00192,BR-63794025,TAX-3063934408,Trust Plastic Solutions,Rafi Islam,Bangladesh,Chattogram,Halishahar,Private Limited,Medium,1,Manufacturing,Plastic,2021,62,11.78,16,0,1,0,70139.17,59953.15,0.1754,0.1405,0.0,0.7503,0.7546,0.5974,0.2913,1,10186.02,0.7762,0.7435,0.0266,1,0.386,1,0,1,0.1353,0.8102,0.7546,0.7919,0,Normal,0,0.4075,1,0.5004
SME_00193,BR-55543755,TAX-9626004278,Blue HomeGoods Studio,Karim Islam,Bangladesh,Dhaka,Dhanmondi,Private Limited,Growth,0,Retail,HomeGoods,2023,43,8.15,26,1,0,0,42207.26,33254.2,0.1559,0.4079,5.88,0.5817,0.7757,0.3825,0.4726,1,8953.06,0.6446,0.637,0.3248,0,0.2401,1,1,0,0.0836,0.6255,0.7757,0.6278,1,Normal,0,0.2067,0,0.438
SME_00194,BR-30149191,TAX-5628093713,Ever AccountingTech Works,Mashrur Karim,Bangladesh,Sylhet,Zindabazar,Sole Proprietorship,Micro,6,FinTech,AccountingTech,2017,108,18.64,12,0,0,0,85907.6,58993.53,0.3331,0.0,0.0,0.832,0.7122,0.8862,0.3945,1,26914.07,0.918,0.8607,0.0264,0,0.7407,1,0,0,0.2475,1.0,0.7122,0.9258,1,Normal,0,0.0053,1,0.6531
SME_00195,BR-34244463,TAX-4461636307,Trust Grocery Studio,Muntasir Chowdhury,Bangladesh,Barishal,Banaripara,Sole Proprietorship,Medium,0,Retail,Grocery,2024,31,5.42,5,1,0,1,51355.85,45481.16,0.0773,0.6118,22.96,0.4863,0.5685,0.0713,0.3643,0,5874.69,0.3931,0.3428,0.2384,0,0.2817,0,0,0,0.0014,0.1805,0.5685,0.3777,0,Critical,0,0.1662,0,0.4538
SME_00196,BR-38186619,TAX-5066399773,Prime Packaging Hub,Sadia Jahan,Bangladesh,Chattogram,Kotwali,Cooperative,Growth,1,Manufacturing,Packaging,2017,114,8.86,11,0,0,1,101432.33,87352.2,0.1316,0.3305,13.36,0.4336,0.5967,0.3397,0.3191,0,14080.14,0.5446,0.4933,0.2054,0,0.0593,0,0,0,0.0892,0.418,0.5967,0.5381,0,Warning,0,0.1641,0,0.4034
SME_00197,BR-21159241,TAX-1418194504,Alpha Warehousing Agro,Sajid Mahmud,Bangladesh,Rajshahi,Rajpara,Sole Proprietorship,Micro,4,Logistics,Warehousing,2021,64,6.25,39,0,0,0,157953.31,155131.16,0.1033,0.6262,17.71,0.613,0.6822,0.2398,0.2494,0,2822.16,0.4815,0.3878,0.2032,0,0.3957,0,0,0,0.0047,0.2322,0.6822,0.5142,0,Warning,0,0.3406,0,0.4539
SME_00198,BR-64061537,TAX-8149029451,Green Garments Works,Mashrur Jahan,Bangladesh,Chattogram,Kotwali,Partnership,Micro,7,Textile,Garments,2016,125,13.46,10,0,0,0,54785.26,42940.35,0.1463,0.4272,5.78,0.6461,0.628,0.1706,0.3056,0,11844.91,0.6179,0.4807,0.2728,0,0.1691,0,1,0,0.0533,0.6575,0.628,0.5939,1,Warning,1,0.8467,0,0.4257
SME_00199,BR-27801813,TAX-3399508085,Smart Packaging Mart,Adnan Hasan,Bangladesh,Rajshahi,Boalia,Cooperative,Medium,1,Manufacturing,Packaging,2019,95,5.67,22,0,0,0,106848.5,91943.04,0.1255,0.4035,12.79,0.7958,0.6674,0.1327,0.3202,1,14905.46,0.6043,0.6094,0.1032,1,0.1116,0,0,0,0.0268,0.4287,0.6674,0.6477,0,Normal,0,0.0181,0,0.4259
SME_00200,BR-42856565,TAX-8664435571,Prime AgroProcessing Digital,Tanvir Sultana,Bangladesh,Rajshahi,Motihar,Cooperative,Medium,2,AgriTech,AgroProcessing,2013,163,11.52,6,0,0,1,38843.04,32735.2,0.0935,0.5048,15.94,0.5782,0.6857,0.302,0.3216,0,6107.83,0.5035,0.5107,0.3759,0,0.0857,0,1,0,0.1135,0.3325,0.6857,0.5145,0,Warning,0,0.1914,0,0.4164
SME_00201,BR-38687260,TAX-1415538642,Ever Payments Ventures,Sajid Mahmud,Bangladesh,Rajshahi,Motihar,Partnership,Micro,6,FinTech,Payments,2020,82,2.12,9,1,1,0,76718.88,68026.41,0.121,0.5276,19.9,0.5523,0.6392,0.1242,0.4849,0,8692.47,0.4882,0.3733,0.4829,0,0.2805,0,0,0,0.0101,0.4263,0.6392,0.4789,0,Warning,0,0.2908,1,0.4901
SME_00202,BR-11316541,TAX-6989816644,Smart Garments Foods,Rafi Rahman,Bangladesh,Rajshahi,Motihar,Private Limited,Medium,7,Textile,Garments,2022,57,10.86,13,0,1,0,57415.85,53448.29,0.1215,0.5561,21.83,0.8034,0.7457,0.0,0.2657,0,3967.57,0.5369,0.5034,0.0688,0,0.4995,0,0,1,0.0635,0.4141,0.7457,0.5383,0,Warning,0,0.0133,0,0.4572
SME_00203,BR-31666954,TAX-7904502424,Secure Bakery Partners,Amin Chowdhury,Bangladesh,Dhaka,Dhanmondi,Partnership,Small,3,Food,Bakery,2017,108,9.6,11,0,0,1,43389.17,38074.33,0.131,0.449,16.31,0.6197,0.8317,0.0,0.2687,0,5314.84,0.5788,0.4551,0.0721,0,0.1736,0,0,0,-0.0313,0.4272,0.8317,0.5651,1,Warning,0,0.1227,0,0.4568
SME_00204,BR-13403018,TAX-3141994877,Blue Electronics Solutions,Nafisa Jahan,Bangladesh,Sylhet,Balaganj,Private Limited,Growth,0,Retail,Electronics,2016,120,6.05,6,0,0,1,27461.45,25193.65,0.0767,0.5729,22.23,0.5375,0.6176,0.2132,0.4351,0,2267.8,0.423,0.397,0.3169,0,0.1251,0,0,0,0.0311,0.0625,0.6176,0.4121,0,Warning,0,0.1655,0,0.4539
SME_00205,BR-95464840,TAX-0322828742,Ever Electronics Digital,Nusrat Akter,Bangladesh,Sylhet,Beanibazar,Sole Proprietorship,Medium,0,Retail,Electronics,2020,82,15.08,6,0,0,1,32120.31,29041.1,0.1623,0.321,10.83,0.9515,0.8594,0.5604,0.3042,1,3079.21,0.7256,0.8278,0.0127,0,0.34,0,0,1,0.1738,0.7552,0.8594,0.7271,1,Normal,0,0.0035,0,0.4658
SME_00206,BR-07225147,TAX-9401388539,Nova Packaging Agro,Ritu Sultana,Bangladesh,Sylhet,Beanibazar,Sole Proprietorship,Medium,1,Manufacturing,Packaging,2018,103,6.2,16,1,0,0,71758.96,60355.46,0.1754,0.4131,6.96,0.7046,0.766,0.3726,0.3572,1,11403.5,0.6747,0.728,0.0286,0,0.0658,0,0,0,0.0972,0.5739,0.766,0.6681,1,Normal,0,0.0323,0,0.4051
SME_00207,BR-75117838,TAX-9291688516,Golden HomeGoods Foods,Karim Ahmed,Bangladesh,Dhaka,Dhanmondi,Private Limited,Small,0,Retail,HomeGoods,2019,87,14.09,18,0,1,1,62590.68,51999.52,0.2102,0.2177,0.0,0.8039,0.8637,0.6602,0.2089,0,10591.16,0.8174,0.6771,0.007,0,0.4622,0,0,0,0.15,0.9581,0.8637,0.7987,1,Normal,0,0.0095,1,0.5281
SME_00208,BR-07591872,TAX-9195408567,Nova SupplyChain Agro,Rahim Rahman,Bangladesh,Chattogram,Halishahar,Sole Proprietorship,Micro,4,Logistics,SupplyChain,2022,59,7.16,22,0,1,0,109894.3,108505.97,0.0484,0.7388,21.0,0.6235,0.7918,0.4871,0.305,1,1388.33,0.4159,0.6457,0.0904,0,0.1809,0,0,0,0.1157,0.1148,0.7918,0.4115,0,Warning,0,0.1291,0,0.5815
SME_00209,BR-94384972,TAX-8625920465,Nova Electronics Hub,Muntasir Karim,Bangladesh,Chattogram,Halishahar,Private Limited,Small,0,Retail,Electronics,2021,60,16.41,27,1,0,1,57490.09,34993.39,0.2475,0.0717,0.0,0.9139,0.7453,0.3838,0.3424,1,22496.71,0.8791,0.8358,0.0196,0,0.3717,0,0,1,0.1568,1.0,0.7453,0.8528,1,Normal,0,0.0041,0,0.5365
SME_00210,BR-85376112,TAX-0790371463,Fresh Beverage Solutions,Shila Sarkar,Bangladesh,Dhaka,Gulshan,Partnership,Micro,3,Food,Beverage,2013,163,16.43,10,1,0,0,43447.56,35927.23,0.1693,0.2825,4.84,0.7462,0.7875,0.2418,0.2928,0,7520.33,0.7204,0.6323,0.0173,0,0.1432,0,0,0,0.1205,0.6665,0.7875,0.695,1,Normal,0,0.006,0,0.4065
SME_00211,BR-20325372,TAX-2825277762,Smart Clinic Studio,Shakil Kabir,Bangladesh,Dhaka,Mohammadpur,Private Limited,Medium,5,Healthcare,Clinic,2016,123,8.07,7,0,0,0,78094.69,59515.83,0.184,0.1751,0.56,0.5053,0.7096,0.3793,0.239,1,18578.86,0.7207,0.6589,0.382,1,0.177,0,1,0,0.1058,0.8687,0.7096,0.6951,0,Normal,1,0.9003,0,0.4373
SME_00212,BR-28960979,TAX-9665145128,Bright Warehousing Care,Karim Akter,Bangladesh,Chattogram,Panchlaish,Private Limited,Micro,4,Logistics,Warehousing,2025,22,5.07,20,0,0,1,68466.28,55557.79,0.1471,0.2497,1.31,0.6951,0.7051,0.0935,0.3231,1,12908.49,0.703,0.6135,0.0987,0,0.1429,0,0,0,0.0304,0.3913,0.7051,0.7364,1,Normal,0,0.2139,0,0.461
SME_00213,BR-98182787,TAX-0438340090,Prime Packaging Partners,Rumana Kabir,Bangladesh,Sylhet,Beanibazar,Partnership,Small,1,Manufacturing,Packaging,2012,173,16.19,14,1,1,0,112830.22,90115.96,0.275,0.1146,0.0,0.7584,0.7075,0.5662,0.3251,1,22714.25,0.8579,0.8064,0.0169,1,0.5478,0,0,0,0.1564,1.0,0.7075,0.866,0,Normal,1,0.8424,0,0.475
SME_00214,BR-64524468,TAX-6339810156,Ever Payments Logistics,Mehjabin Kabir,Bangladesh,Dhaka,Uttara,Private Limited,Micro,6,FinTech,Payments,2016,129,11.25,5,0,0,0,101318.39,72557.58,0.2651,0.0846,0.0,0.6983,0.612,0.4357,0.2559,1,28760.81,0.8282,0.7419,0.4446,1,0.1331,0,1,0,0.1239,0.9734,0.612,0.8401,0,Normal,0,0.0674,0,0.487
SME_00215,BR-05293930,TAX-0994651791,Alpha HealthServices Care,Hasan Chowdhury,Bangladesh,Mymensingh,Muktagacha,Sole Proprietorship,Small,5,Healthcare,HealthServices,2025,14,7.79,5,0,0,0,29257.75,27011.55,0.1714,0.3686,10.66,0.4901,0.5717,0.2012,0.2474,0,2246.2,0.5887,0.4673,0.0685,0,0.13,0,0,0,0.0331,0.4685,0.5717,0.5889,1,Warning,0,0.109,0,0.4255
SME_00216,BR-77746305,TAX-0051812327,Fresh Pharmacy Care,Mashrur Jahan,Bangladesh,Khulna,Sonadanga,Partnership,Micro,5,Healthcare,Pharmacy,2015,132,17.49,12,0,0,0,205310.4,143335.03,0.2315,0.184,0.0,0.8046,0.6225,0.116,0.2654,0,61975.37,0.7993,0.5364,0.1481,0,0.6943,1,1,0,0.0728,0.99,0.6225,0.8094,1,Normal,0,0.1413,1,0.5094
SME_00217,BR-24228355,TAX-9249352745,Prime HomeGoods Studio,Nusrat Sultana,Bangladesh,Mymensingh,Trishal,Sole Proprietorship,Small,0,Retail,HomeGoods,2017,108,8.61,8,1,0,1,38490.32,33736.54,0.0693,0.6629,20.45,0.6968,0.7031,0.1285,0.2238,1,4753.77,0.4501,0.5284,0.297,0,0.2017,0,0,0,0.0189,0.2852,0.7031,0.4736,0,Warning,0,0.2411,0,0.4544
SME_00218,BR-43600741,TAX-3116823573,Future Grocery Agro,Mehjabin Rahman,Bangladesh,Khulna,Daulatpur,Private Limited,Medium,0,Retail,Grocery,2013,165,13.87,9,1,0,0,54025.84,45576.31,0.1945,0.1712,0.0,0.6693,0.8514,0.4484,0.2675,1,8449.53,0.7882,0.7421,0.0088,0,0.2613,0,0,0,0.1103,0.7456,0.8514,0.7964,1,Normal,0,0.0192,0,0.4465
SME_00219,BR-84092616,TAX-7948478664,Trust Accessories Foods,Nafisa Hossain,Bangladesh,Khulna,Khalishpur,Private Limited,Micro,7,Textile,Accessories,2019,91,14.85,17,0,1,0,58926.63,47270.34,0.1807,0.3019,0.4,0.6957,0.6768,0.4382,0.3723,0,11656.29,0.7192,0.6282,0.0169,0,0.2105,0,0,0,0.1365,0.7083,0.6768,0.752,1,Normal,0,0.2675,0,0.419
SME_00220,BR-19262391,TAX-5360105528,Urban DairySupport Foods,Nusrat Islam,Bangladesh,Rajshahi,Boalia,Cooperative,Medium,2,AgriTech,DairySupport,2018,96,14.44,14,0,0,0,62655.87,55568.25,0.1285,0.4661,13.21,0.7462,0.7018,0.3701,0.3512,0,7087.62,0.5881,0.5845,0.1177,0,0.0597,0,0,0,0.1109,0.3548,0.7018,0.5874,1,Warning,0,0.0141,0,0.4172
SME_00221,BR-33626704,TAX-6930137306,Rapid Plastic Foods,Adnan Kabir,Bangladesh,Rangpur,Mithapukur,Private Limited,Medium,1,Manufacturing,Plastic,2021,60,9.36,20,0,0,1,86524.86,74122.4,0.1377,0.7518,18.36,0.7126,0.5403,0.2495,0.3257,0,12402.46,0.4717,0.5886,0.2272,0,0.1457,0,0,0,0.1511,0.4685,0.5403,0.4837,0,Warning,0,0.3173,0,0.4672
SME_00222,BR-12606894,TAX-3713034785,Urban Restaurant Textiles,Tariq Jahan,Bangladesh,Khulna,Sonadanga,Cooperative,Small,3,Food,Restaurant,2021,61,8.88,3,0,0,1,19209.52,17407.62,0.0867,0.7101,19.93,0.5396,0.6834,0.1875,0.2825,1,1801.9,0.425,0.4923,0.5862,0,0.1145,0,0,0,0.0187,0.3,0.6834,0.4391,0,Warning,0,0.275,0,0.4516
SME_00223,BR-10371381,TAX-3651268808,Smart FleetServices Studio,Muntasir Sarkar,Bangladesh,Khulna,Khalishpur,Sole Proprietorship,Medium,4,Logistics,FleetServices,2017,113,4.81,11,1,0,0,58969.15,53752.47,0.0733,0.6765,18.54,0.4898,0.6475,0.0642,0.2144,0,5216.68,0.4128,0.37,0.4825,0,0.2091,0,0,0,0.0342,0.1865,0.6475,0.3942,0,Critical,0,0.2987,0,0.4524
SME_00224,BR-77191506,TAX-4733184941,Blue Fabric Studio,Farhana Karim,Bangladesh,Rajshahi,Rajpara,Cooperative,Small,7,Textile,Fabric,2014,150,8.78,14,0,0,0,66587.2,59452.81,0.1161,0.669,14.64,0.8189,0.5546,0.3193,0.3224,0,7134.39,0.5125,0.5256,0.1167,0,0.0638,0,0,0,0.0718,0.5435,0.5546,0.5134,0,Warning,0,0.1618,0,0.4346
SME_00225,BR-47614680,TAX-1335268992,Rapid LightManufacturing Partners,Rafi Kabir,Bangladesh,Sylhet,Balaganj,Private Limited,Micro,1,Manufacturing,LightManufacturing,2013,160,14.61,4,0,0,0,52518.23,44214.07,0.1902,0.4473,11.75,0.6039,0.5707,0.4617,0.518,0,8304.16,0.6018,0.5337,0.0687,0,0.678,1,0,1,0.1177,0.7158,0.5707,0.565,1,Warning,0,0.2376,0,0.4656
SME_00226,BR-17539312,TAX-8489060087,Prime Garments Logistics,Sajid Sarkar,Bangladesh,Dhaka,Gulshan,Partnership,Small,7,Textile,Garments,2015,140,12.12,6,0,0,0,48706.97,47742.95,0.1005,0.4688,18.16,0.6019,0.5078,0.2604,0.4041,0,964.02,0.4781,0.4403,0.4788,1,0.0637,0,0,0,0.0709,0.2798,0.5078,0.4755,0,Warning,1,0.8288,0,0.4681
SME_00227,BR-05667686,TAX-2745363648,Blue Grocery Logistics,Hasan Hossain,Bangladesh,Khulna,Daulatpur,Private Limited,Micro,0,Retail,Grocery,2017,112,12.03,5,0,0,0,29271.33,22415.06,0.2241,0.151,0.0,0.6049,0.7504,0.5365,0.2432,1,6856.27,0.7875,0.6956,0.227,0,0.5708,1,1,0,0.1206,0.8686,0.7504,0.7819,1,Normal,0,0.1129,0,0.4727
SME_00228,BR-35572089,TAX-9136000136,Bright Bakery Solutions,Rumana Kabir,Bangladesh,Khulna,Sonadanga,Partnership,Medium,3,Food,Bakery,2019,93,15.26,9,1,0,0,37555.79,32307.26,0.1201,0.5312,9.9,0.7225,0.7049,0.4342,0.4162,0,5248.53,0.5799,0.5547,0.0349,0,0.0909,0,0,0,0.0866,0.4567,0.7049,0.5731,1,Warning,0,0.0816,0,0.4354
SME_00229,BR-41455999,TAX-4119399982,Secure Delivery Ventures,Sajid Sultana,Bangladesh,Rangpur,Sadar,Sole Proprietorship,Growth,4,Logistics,Delivery,2021,65,5.42,24,0,0,0,69458.26,59865.62,0.112,0.6278,13.32,0.7352,0.6032,0.3881,0.3095,0,9592.65,0.5185,0.5248,0.155,0,0.0416,0,0,0,0.0805,0.4441,0.6032,0.5103,0,Warning,0,0.1249,0,0.4545
SME_00230,BR-18536797,TAX-7190368211,Bright HomeGoods Enterprises,Shila Kabir,Bangladesh,Khulna,Khalishpur,Sole Proprietorship,Medium,0,Retail,HomeGoods,2015,139,11.69,30,1,1,1,64434.13,61211.64,0.1235,0.4929,12.74,0.7357,0.6801,0.5033,0.3578,0,3222.49,0.5746,0.6041,0.0908,0,0.2179,0,0,0,0.1474,0.5024,0.6801,0.5848,1,Warning,0,0.0915,0,0.4822
SME_00231,BR-00200756,TAX-4187894415,Vertex Electronics Care,Shila Ahmed,Bangladesh,Khulna,Sonadanga,Sole Proprietorship,Small,0,Retail,Electronics,2021,61,10.79,6,0,0,1,33480.86,30625.5,0.1198,0.5242,15.55,0.6754,0.6368,0.2824,0.2923,0,2855.36,0.5318,0.447,0.1152,0,0.0821,0,0,0,0.0098,0.4028,0.6368,0.5141,0,Warning,0,0.17,0,0.4191
SME_00232,BR-54705623,TAX-5693722205,Urban Bakery Studio,Imran Jahan,Bangladesh,Rangpur,Sadar,Partnership,Small,3,Food,Bakery,2022,52,6.92,12,0,0,1,64318.58,52586.95,0.0874,0.5961,21.18,0.5657,0.6104,0.0599,0.4944,0,11731.63,0.4359,0.3892,0.2719,0,0.3121,0,0,0,0.0281,0.2716,0.6104,0.4731,0,Warning,0,0.1905,1,0.5209
SME_00233,BR-52853686,TAX-8672090028,Ever Garments Mart,Farhana Karim,Bangladesh,Khulna,Sonadanga,Private Limited,Growth,7,Textile,Garments,2013,157,18.96,13,0,0,0,94700.92,65377.36,0.2125,0.3125,1.24,0.7298,0.7399,0.0447,0.1475,0,29323.56,0.7566,0.5136,0.031,0,0.7148,1,0,0,0.0501,0.9634,0.7399,0.7679,1,Normal,0,0.0432,1,0.5274
SME_00234,BR-06780044,TAX-1125587341,Future Warehousing Digital,Mehjabin Akter,Bangladesh,Dhaka,Uttara,Private Limited,Micro,4,Logistics,Warehousing,2017,108,15.23,11,0,0,0,71393.53,54424.18,0.1962,0.1112,0.0,0.7763,0.7346,0.4929,0.3175,0,16969.35,0.801,0.7009,0.0092,0,0.1627,0,0,0,0.1713,0.9032,0.7346,0.7849,1,Normal,0,0.0021,0,0.4567
SME_00235,BR-63771771,TAX-5923985712,Golden Garments Hub,Rafi Kabir,Bangladesh,Dhaka,Gulshan,Partnership,Micro,7,Textile,Garments,2021,67,11.39,11,0,0,0,67401.25,61289.87,0.1022,0.4962,11.14,0.6404,0.7578,0.2896,0.2809,1,6111.38,0.5611,0.6511,0.0584,0,0.044,0,0,0,0.0777,0.4432,0.7578,0.574,1,Warning,0,0.1468,0,0.4217
SME_00236,BR-95771172,TAX-1386187281,Smart Payments Foods,Rafi Akter,Bangladesh,Dhaka,Dhanmondi,Partnership,Small,6,FinTech,Payments,2013,156,20.38,11,0,0,1,108106.58,70972.22,0.3418,0.0,0.0,0.9268,0.8577,0.6593,0.3688,1,37134.36,0.9612,0.8874,0.0121,0,0.8187,1,0,0,0.2775,1.0,0.8577,0.9811,1,Normal,0,0.0069,1,0.5916
SME_00237,BR-87082075,TAX-0642904155,Secure Restaurant Logistics,Anika Ahmed,Bangladesh,Dhaka,Uttara,Partnership,Small,3,Food,Restaurant,2012,173,7.77,25,0,0,0,47465.34,45838.3,0.06,0.6472,21.38,0.7056,0.7667,0.0476,0.3906,0,1627.04,0.4541,0.423,0.1184,1,0.2852,0,0,0,0.0199,0.0549,0.7667,0.4615,0,Warning,1,0.796,1,0.5124
SME_00238,BR-04345321,TAX-0206742455,Golden SMEFinance Studio,Tariq Miah,Bangladesh,Chattogram,Pahartali,Sole Proprietorship,Small,6,FinTech,SMEFinance,2021,61,10.0,17,0,0,1,107276.04,78306.83,0.2613,0.095,0.0,0.72,0.6798,0.3139,0.4209,1,28969.21,0.8388,0.699,0.0375,0,0.2727,0,0,0,0.0517,1.0,0.6798,0.8187,1,Normal,0,0.0261,1,0.4961
SME_00239,BR-57250824,TAX-4466920020,Alpha Fashion Traders,Rafi Akter,Bangladesh,Mymensingh,Muktagacha,Private Limited,Micro,0,Retail,Fashion,2018,96,12.67,5,0,0,0,25221.01,22531.96,0.1765,0.3367,0.0,0.7499,0.8194,0.6773,0.4033,1,2689.06,0.7455,0.7763,0.0171,0,0.8683,1,0,0,0.2058,0.5562,0.8194,0.7902,1,Normal,0,0.0029,0,0.4885
SME_00240,BR-31985974,TAX-1267317822,Urban Electronics Studio,Rumana Sarkar,Bangladesh,Sylhet,Zindabazar,Sole Proprietorship,Small,0,Retail,Electronics,2019,90,7.34,15,0,1,0,38902.82,35199.2,0.1338,0.3966,8.44,0.6768,0.8066,0.269,0.2427,1,3703.62,0.6384,0.6942,0.0382,0,0.1341,0,0,0,0.0953,0.4206,0.8066,0.6512,1,Normal,0,0.0239,0,0.4104
SME_00241,BR-34720359,TAX-7325705743,Vertex Payments Works,Muntasir Sultana,Bangladesh,Dhaka,Mohammadpur,Private Limited,Micro,6,FinTech,Payments,2016,128,13.47,15,0,0,0,97124.83,70691.49,0.276,0.1354,0.0,0.787,0.841,0.3036,0.4924,0,26433.33,0.8833,0.6846,0.0088,0,0.1479,0,0,0,0.0975,0.9657,0.841,0.8583,1,Normal,0,0.0265,1,0.5259
SME_00242,BR-18990428,TAX-9230181043,Golden Payments Foods,Rafi Sultana,Bangladesh,Rajshahi,Boalia,Private Limited,Micro,6,FinTech,Payments,2012,171,9.27,11,0,1,0,125775.3,104274.62,0.2282,0.3259,0.0,0.6024,0.6111,0.5383,0.3696,0,21500.68,0.7269,0.6434,0.0616,0,0.5149,0,0,0,0.1766,0.7115,0.6111,0.7311,1,Normal,0,0.1692,0,0.4412
SME_00243,BR-35025364,TAX-1206859542,Ever Packaging Ventures,Samira Jahan,Bangladesh,Dhaka,Mohammadpur,Private Limited,Micro,1,Manufacturing,Packaging,2018,101,14.13,18,0,1,0,72668.18,48716.01,0.2472,0.0917,0.0,0.7223,0.9027,0.868,0.3368,1,23952.17,0.8683,0.8416,0.0086,0,0.715,1,0,0,0.2316,1.0,0.9027,0.8639,1,Normal,0,0.0109,1,0.6458
SME_00244,BR-54719720,TAX-1859851103,Smart ProcessedFood Mart,Shakil Ahmed,Bangladesh,Rangpur,Mithapukur,Private Limited,Small,3,Food,ProcessedFood,2014,144,17.03,10,0,1,0,50074.8,38261.23,0.2317,0.1619,0.0,0.9257,0.8355,0.5182,0.3477,1,11813.57,0.8644,0.8415,0.0077,0,0.3241,0,0,0,0.1529,1.0,0.8355,0.8645,1,Normal,0,0.0161,0,0.4537
SME_00245,BR-42388906,TAX-7479243037,Prime FleetServices Studio,Farhana Kabir,Bangladesh,Dhaka,Mohammadpur,Sole Proprietorship,Medium,4,Logistics,FleetServices,2017,109,12.72,10,0,0,0,124390.31,97416.72,0.2237,0.0901,0.0,0.7679,1.0,0.4693,0.3349,1,26973.58,0.8748,0.7897,0.0084,0,0.2682,0,0,0,0.1072,0.8934,1.0,0.8509,1,Normal,0,0.0244,0,0.4522
SME_00246,BR-87152409,TAX-8789516709,Ever Fabric Partners,Nusrat Ahmed,Bangladesh,Rajshahi,Rajpara,Private Limited,Small,7,Textile,Fabric,2013,160,5.92,10,0,0,1,36242.07,34965.55,0.0653,0.7836,21.53,0.541,0.611,0.0,0.3916,0,1276.52,0.3701,0.3293,0.4982,0,0.2757,1,0,0,0.0062,0.1446,0.611,0.3712,0,Critical,0,0.2508,1,0.532
SME_00247,BR-70985739,TAX-8614279371,Urban FleetServices Enterprises,Shakil Hasan,Bangladesh,Chattogram,Kotwali,Private Limited,Medium,4,Logistics,FleetServices,2020,76,6.67,3,1,0,0,26182.68,20284.97,0.1395,0.3386,6.17,0.5274,0.481,0.0,0.3194,0,5897.71,0.5819,0.3934,0.027,0,0.292,0,0,0,-0.0218,0.5139,0.481,0.5653,1,Warning,0,0.1355,1,0.5142
SME_00248,BR-00180549,TAX-9698684952,Urban Restaurant Enterprises,Rahim Sultana,Bangladesh,Rajshahi,Rajpara,Private Limited,Medium,3,Food,Restaurant,2020,73,12.69,9,0,0,0,30738.55,26479.49,0.1255,0.6929,17.6,0.7271,0.6437,0.2988,0.4095,0,4259.06,0.4996,0.4913,0.1188,0,0.0895,0,0,0,0.04,0.3584,0.6437,0.4926,0,Warning,0,0.2848,0,0.459
SME_00249,BR-22387732,TAX-6834930536,Blue ColdStorage Studio,Samira Sarkar,Bangladesh,Chattogram,Pahartali,Private Limited,Small,2,AgriTech,ColdStorage,2020,79,10.72,6,0,0,0,19911.09,18218.61,0.105,0.6654,18.22,0.6635,0.7822,0.3238,0.3844,0,1692.48,0.4988,0.6011,0.0664,0,0.172,1,0,0,0.1461,0.5355,0.7822,0.5065,0,Warning,0,0.0469,0,0.4541
SME_00250,BR-02751144,TAX-4497294641,Nova Beverage Digital,Rafi Rahman,Bangladesh,Mymensingh,Muktagacha,Private Limited,Medium,3,Food,Beverage,2012,179,3.19,4,1,0,0,31255.93,29290.84,0.0867,0.515,16.67,0.4703,0.5739,0.0,0.245,0,1965.09,0.4523,0.3381,0.4534,0,0.1372,0,0,0,-0.0202,0.2996,0.5739,0.4428,0,Warning,0,0.208,0,0.468
SME_00251,BR-59232116,TAX-9663270025,Vertex Warehousing Enterprises,Nusrat Jahan,Bangladesh,Dhaka,Uttara,Cooperative,Medium,4,Logistics,Warehousing,2017,112,16.7,21,0,0,1,67342.27,55515.3,0.2349,0.0888,0.0,0.7349,0.7403,0.1496,0.4498,0,11826.97,0.8318,0.5918,0.0082,0,0.4581,0,0,1,0.0827,0.8838,0.7403,0.826,1,Normal,0,0.0527,1,0.5271
SME_00252,BR-86083023,TAX-0346023286,Nova Dyeing Ventures,Amin Rahman,Bangladesh,Barishal,Banaripara,Partnership,Small,7,Textile,Dyeing,2024,32,9.61,12,1,0,1,69521.16,65592.67,0.0946,0.6226,20.32,0.6774,0.7716,0.1393,0.4942,1,3928.49,0.4895,0.5721,0.2582,1,0.3085,1,0,0,0.0455,0.2154,0.7716,0.5059,0,Warning,0,0.0766,1,0.4959
SME_00253,BR-56290447,TAX-7102915024,Bright Beverage Enterprises,Hasan Karim,Bangladesh,Khulna,Khalishpur,Private Limited,Micro,3,Food,Beverage,2025,13,5.16,9,0,0,0,64851.88,62449.67,0.034,0.7691,21.75,0.598,0.5712,0.1716,0.4147,0,2402.21,0.3491,0.3774,0.3302,0,0.2271,0,0,0,0.0444,0.029,0.5712,0.3313,0,Critical,0,0.3448,1,0.5049
SME_00254,BR-24810891,TAX-3864902335,Bright MetalWorks Works,Imran Hossain,Bangladesh,Mymensingh,Kotwali,Private Limited,Micro,1,Manufacturing,MetalWorks,2018,96,15.18,6,1,0,1,76322.38,63757.87,0.1984,0.3396,1.49,0.7354,0.7366,0.3199,0.3746,1,12564.51,0.738,0.6673,0.0288,0,0.1228,0,0,0,0.034,0.6275,0.7366,0.725,1,Normal,0,0.064,0,0.4197
SME_00255,BR-83665280,TAX-6356115305,Alpha LightManufacturing Solutions,Ritu Islam,Bangladesh,Barishal,Bakerganj,Partnership,Growth,1,Manufacturing,LightManufacturing,2014,146,10.16,11,1,1,0,127745.39,111135.34,0.12,0.522,12.79,0.5477,0.514,0.2731,0.377,0,16610.05,0.5013,0.4653,0.2904,0,0.1321,0,0,0,0.0787,0.3566,0.514,0.4762,0,Warning,0,0.1734,0,0.4177
SME_00256,BR-09419830,TAX-6538414397,Ever Clinic Hub,Rumana Miah,Bangladesh,Rangpur,Gangachara,Cooperative,Medium,5,Healthcare,Clinic,2019,89,8.21,16,1,0,0,61883.11,48668.3,0.2209,0.3823,0.39,0.6142,0.7548,0.4247,0.3165,0,13214.82,0.7344,0.6412,0.2978,0,0.1055,0,1,0,0.1443,0.7648,0.7548,0.7179,1,Normal,0,0.2832,0,0.4297
SME_00257,BR-41583061,TAX-4444059476,Trust SMEFinance Hub,Tanvir Hasan,Bangladesh,Dhaka,Uttara,Partnership,Growth,6,FinTech,SMEFinance,2018,103,12.87,5,0,0,1,56857.02,43428.77,0.2759,0.0602,0.0,0.6522,0.5504,0.4865,0.3172,0,13428.25,0.8231,0.6887,0.3523,0,0.2706,1,1,0,0.1964,0.9163,0.5504,0.8257,1,Normal,0,0.2103,0,0.4766
SME_00258,BR-21280622,TAX-3251552734,Blue Fashion Enterprises,Tanvir Karim,Bangladesh,Chattogram,Kotwali,Private Limited,Growth,0,Retail,Fashion,2014,144,19.92,9,1,0,0,50049.95,39724.67,0.204,0.5067,3.93,0.7156,0.7709,0.3964,0.1424,0,10325.27,0.6962,0.6725,0.0252,0,0.2061,0,0,0,0.1506,0.7006,0.7709,0.709,1,Normal,0,0.0309,1,0.4963
SME_00259,BR-45021185,TAX-0884008630,Smart Fashion Partners,Ritu Jahan,Bangladesh,Dhaka,Mirpur,Sole Proprietorship,Micro,0,Retail,Fashion,2019,95,17.66,15,1,0,1,66986.84,55530.2,0.1891,0.34,0.0,0.8868,0.789,0.3954,0.4102,0,11456.64,0.7745,0.7227,0.015,0,0.1887,0,0,0,0.1764,0.91,0.789,0.7584,1,Normal,0,0.0058,0,0.4114
SME_00260,BR-68797354,TAX-2430767021,Blue Warehousing Enterprises,Karim Sultana,Bangladesh,Dhaka,Uttara,Sole Proprietorship,Medium,4,Logistics,Warehousing,2013,164,14.91,3,0,0,0,61027.18,54980.73,0.1471,0.3392,8.39,0.574,0.631,0.5208,0.4892,0,6046.45,0.6123,0.5175,0.2282,0,0.6155,0,1,1,0.1322,0.4471,0.631,0.6245,1,Normal,0,0.2961,0,0.4416
SME_00261,BR-95313287,TAX-7426833904,Golden Grocery Traders,Rafi Jahan,Bangladesh,Rajshahi,Motihar,Private Limited,Small,0,Retail,Grocery,2017,117,13.75,9,0,0,0,62258.97,54935.1,0.1532,0.5991,5.85,0.8155,0.6925,0.5137,0.2277,1,7323.87,0.6276,0.7241,0.0284,0,0.0721,0,0,0,0.0998,0.598,0.6925,0.6297,1,Normal,0,0.0037,1,0.4979
SME_00262,BR-09579916,TAX-6106102484,Smart AccountingTech Studio,Rafi Hasan,Bangladesh,Rangpur,Sadar,Partnership,Medium,6,FinTech,AccountingTech,2015,133,15.6,7,1,0,1,111416.85,85543.25,0.2939,0.0729,0.0,0.582,0.6314,0.5416,0.3456,0,25873.59,0.8373,0.6925,0.1122,0,0.5818,1,1,0,0.1965,1.0,0.6314,0.8096,1,Normal,0,0.057,0,0.4777
SME_00263,BR-28909287,TAX-0149885868,Bright ColdStorage Solutions,Sadia Rahman,Bangladesh,Rangpur,Sadar,Partnership,Micro,2,AgriTech,ColdStorage,2015,141,7.67,8,0,0,0,87203.59,86537.33,0.1241,0.566,20.3,0.6045,0.6742,0.4368,0.3549,0,666.25,0.4959,0.5384,0.3453,1,0.2553,1,0,0,0.1325,0.1795,0.6742,0.4994,0,Warning,0,0.2358,1,0.4912
SME_00264,BR-38815869,TAX-6461861754,Trust Fashion Ventures,Rafi Hossain,Bangladesh,Khulna,Sonadanga,Sole Proprietorship,Small,0,Retail,Fashion,2017,115,14.41,7,0,0,0,36167.88,32357.54,0.1405,0.5558,4.59,0.5913,0.6062,0.2269,0.3412,0,3810.34,0.5771,0.4705,0.0306,0,0.0726,0,0,0,0.0264,0.4405,0.6062,0.601,1,Normal,0,0.1844,0,0.4084
SME_00265,BR-07955198,TAX-2694636144,Trust Fabric Hub,Mehjabin Rahman,Bangladesh,Rajshahi,Boalia,Partnership,Medium,7,Textile,Fabric,2025,14,5.53,10,0,0,1,42531.08,36149.91,0.127,0.3876,8.76,0.4901,0.4383,0.0829,0.3434,0,6381.17,0.5332,0.4066,0.0557,0,0.1639,0,0,0,0.0199,0.3981,0.4383,0.4954,0,Warning,1,0.7576,0,0.4357
SME_00266,BR-43402250,TAX-0450368609,Green Grocery Solutions,Adnan Islam,Bangladesh,Barishal,Banaripara,Private Limited,Medium,0,Retail,Grocery,2020,80,11.94,29,0,0,0,65715.15,59780.0,0.1159,0.3753,13.34,0.9039,0.7212,0.3906,0.231,0,5935.15,0.6288,0.57,0.0424,0,0.032,0,0,0,0.0714,0.4405,0.7212,0.6689,1,Normal,0,0.0036,0,0.4592
SME_00267,BR-92179830,TAX-9472938537,Prime MetalWorks Partners,Ritu Miah,Bangladesh,Rangpur,Sadar,Private Limited,Small,1,Manufacturing,MetalWorks,2024,30,8.09,7,0,0,1,37145.25,34383.52,0.0978,0.593,11.91,0.6176,0.5385,0.0289,0.3072,0,2761.73,0.4887,0.4275,0.1934,0,0.2364,0,0,0,0.0447,0.34,0.5385,0.4765,0,Warning,0,0.2318,0,0.4574
SME_00268,BR-59788939,TAX-3063737727,Ever Electronics Logistics,Sajid Kabir,Bangladesh,Dhaka,Dhanmondi,Sole Proprietorship,Small,0,Retail,Electronics,2019,94,13.14,11,0,0,1,43778.52,36247.65,0.2027,0.4159,7.37,0.7553,0.693,0.2274,0.3196,0,7530.87,0.6907,0.5826,0.0105,0,0.1748,0,0,0,0.0692,0.7349,0.693,0.6577,1,Normal,0,0.1156,0,0.4199
SME_00269,BR-31311979,TAX-3396346597,Future HomeGoods Textiles,Mashrur Karim,Bangladesh,Khulna,Sonadanga,Private Limited,Small,0,Retail,HomeGoods,2024,30,9.47,30,0,0,0,30611.75,27504.3,0.1763,0.3779,10.22,0.7621,0.6667,0.146,0.2857,0,3107.44,0.659,0.5486,0.0215,0,0.2146,1,0,0,0.0595,0.66,0.6667,0.6618,1,Normal,0,0.0248,0,0.417
SME_00270,BR-61969725,TAX-5139364081,Bright Grocery Solutions,Anika Hasan,Bangladesh,Barishal,Banaripara,Partnership,Growth,0,Retail,Grocery,2019,94,0.0,6,1,0,0,26881.03,23690.76,0.0345,0.9238,25.52,0.6643,0.6157,0.1854,0.241,1,3190.27,0.3163,0.4448,0.424,0,0.36,0,0,0,0.0026,0.2508,0.6157,0.3329,0,Critical,0,0.2728,1,0.5197
SME_00271,BR-13617993,TAX-0194798728,Green Fashion Care,Imran Ahmed,Bangladesh,Chattogram,Pahartali,Private Limited,Small,0,Retail,Fashion,2021,65,10.88,27,0,0,1,59424.59,53166.98,0.181,0.3973,0.52,0.8561,0.8775,0.3464,0.3138,1,6257.61,0.7628,0.8023,0.0166,0,0.2133,0,0,0,0.1402,0.7519,0.8775,0.7572,1,Normal,0,0.0048,0,0.4081
SME_00272,BR-99069925,TAX-1874061807,Alpha MetalWorks Partners,Imran Jahan,Bangladesh,Chattogram,Pahartali,Partnership,Small,1,Manufacturing,MetalWorks,2026,9,10.87,9,0,0,0,78132.18,71652.12,0.1755,0.3758,0.0,0.7576,0.5315,0.4147,0.442,0,6480.06,0.6856,0.5151,0.1964,1,0.4,0,1,1,0.0789,0.5778,0.5315,0.6918,0,Normal,0,0.2089,0,0.4226
SME_00273,BR-91729180,TAX-6893639512,Ever Fashion Traders,Adnan Kabir,Bangladesh,Rangpur,Mithapukur,Partnership,Small,0,Retail,Fashion,2024,27,10.68,26,0,1,0,84326.17,74764.52,0.1418,0.5847,15.94,0.7795,0.6418,0.3011,0.3717,0,9561.65,0.5544,0.549,0.0426,0,0.0898,0,0,0,0.0698,0.5393,0.6418,0.5968,1,Warning,0,0.0122,0,0.4331
SME_00274,BR-76842202,TAX-4221881566,Green Warehousing Care,Shakil Sarkar,Bangladesh,Rangpur,Gangachara,Partnership,Small,4,Logistics,Warehousing,2019,93,10.69,14,1,0,0,55347.68,51131.56,0.1058,0.7627,29.53,0.6668,0.6367,0.2841,0.3651,0,4216.12,0.3951,0.4481,0.1137,0,0.131,0,0,0,0.0239,0.1643,0.6367,0.3992,0,Critical,0,0.2527,0,0.48
SME_00275,BR-10379843,TAX-2883450179,Prime Pharmacy Studio,Arif Chowdhury,Bangladesh,Barishal,Bakerganj,Private Limited,Small,5,Healthcare,Pharmacy,2025,19,15.2,11,1,0,0,150188.85,122299.96,0.1736,0.3305,12.34,0.7828,0.6384,0.2788,0.5008,0,27888.9,0.6551,0.5451,0.031,0,0.6608,1,0,0,0.0998,0.6867,0.6384,0.7147,1,Normal,0,0.0145,0,0.4473
SME_00276,BR-51486610,TAX-6485436510,Fresh AgroProcessing Ventures,Shakil Akter,Bangladesh,Mymensingh,Trishal,Partnership,Small,2,AgriTech,AgroProcessing,2014,154,14.38,9,0,0,1,39881.68,35244.77,0.1166,0.5344,14.73,0.6488,0.7252,0.2986,0.2829,0,4636.91,0.5421,0.5648,0.1236,0,0.0887,0,0,0,0.1132,0.3323,0.7252,0.5674,0,Warning,0,0.0666,0,0.4218
SME_00277,BR-82390137,TAX-4300721263,Rapid AgroProcessing Textiles,Mehjabin Karim,Bangladesh,Dhaka,Mirpur,Partnership,Medium,2,AgriTech,AgroProcessing,2015,138,14.35,6,0,0,1,31616.65,26339.38,0.2018,0.2806,0.0,0.6709,0.654,0.3304,0.3661,0,5277.26,0.7349,0.5767,0.0149,0,0.1526,1,0,0,0.0788,0.7273,0.654,0.7359,1,Normal,0,0.239,0,0.4206
SME_00278,BR-58056409,TAX-2992708905,Prime Restaurant Foods,Mehjabin Jahan,Bangladesh,Chattogram,Kotwali,Private Limited,Growth,3,Food,Restaurant,2016,129,16.48,9,0,1,1,33576.8,26283.06,0.2489,0.0,0.0,0.8021,0.6999,0.7843,0.3474,1,7293.74,0.8678,0.815,0.0123,0,0.8385,1,0,0,0.1995,0.9049,0.6999,0.8736,1,Normal,0,0.0365,1,0.5849
SME_00279,BR-18112167,TAX-8953061492,Smart Dyeing Hub,Samira Islam,Bangladesh,Khulna,Daulatpur,Private Limited,Growth,7,Textile,Dyeing,2024,35,10.62,15,0,0,1,48077.89,44816.68,0.1039,0.6126,16.64,0.7162,0.628,0.1286,0.4893,0,3261.21,0.4992,0.4808,0.1842,1,0.1948,0,0,0,0.0612,0.3725,0.628,0.4928,0,Warning,1,0.8354,1,0.4936
SME_00280,BR-72220581,TAX-0323715796,Nova Dyeing Hub,Sajid Mahmud,Bangladesh,Rajshahi,Rajpara,Partnership,Small,7,Textile,Dyeing,2014,144,9.21,9,0,0,0,84378.79,81645.09,0.0637,0.7617,25.09,0.7745,0.6646,0.0136,0.3289,0,2733.71,0.4072,0.4694,0.1276,1,0.4039,0,0,1,0.0743,0.2579,0.6646,0.4122,0,Warning,1,0.919,1,0.5
SME_00281,BR-34266101,TAX-8209977099,Fresh Electronics Hub,Ritu Sultana,Bangladesh,Khulna,Daulatpur,Private Limited,Small,0,Retail,Electronics,2017,116,2.11,7,0,0,0,39412.41,38364.34,0.0715,0.6527,20.62,0.5365,0.6477,0.0,0.3602,1,1048.07,0.4145,0.4483,0.526,0,0.2673,0,0,0,-0.017,0.2625,0.6477,0.4257,0,Warning,1,0.9076,1,0.5003
SME_00282,BR-20833460,TAX-5605920056,Secure MetalWorks Works,Shila Akter,Bangladesh,Rajshahi,Rajpara,Private Limited,Medium,1,Manufacturing,MetalWorks,2020,73,8.52,8,0,0,0,63055.8,55724.62,0.1556,0.4164,8.25,0.7279,0.6967,0.0444,0.2863,0,7331.18,0.6426,0.4834,0.0207,0,0.171,0,0,0,0.0085,0.6642,0.6967,0.6345,1,Normal,0,0.007,0,0.4457
SME_00283,BR-51834242,TAX-4389007858,Nova Plastic Works,Imran Miah,Bangladesh,Chattogram,Kotwali,Sole Proprietorship,Medium,1,Manufacturing,Plastic,2026,6,11.24,16,0,0,1,79016.45,59566.99,0.1949,0.3163,8.81,0.6353,0.6769,0.5455,0.2902,0,19449.46,0.6743,0.5874,0.0654,1,0.361,0,0,1,0.118,0.5778,0.6769,0.6467,0,Normal,0,0.1156,0,0.4653
SME_00284,BR-20760359,TAX-6750764414,Prime MetalWorks Digital,Sajid Karim,Bangladesh,Sylhet,Beanibazar,Private Limited,Small,1,Manufacturing,MetalWorks,2018,98,9.85,19,0,0,0,57851.37,55348.18,0.0849,0.4534,22.36,0.757,0.8452,0.061,0.2623,0,2503.19,0.5358,0.5004,0.0949,1,0.3278,1,0,1,0.0621,0.1411,0.8452,0.5622,0,Warning,0,0.0325,0,0.4783
SME_00285,BR-55884584,TAX-8931402527,Smart SupplyChain Mart,Mashrur Rahman,Bangladesh,Chattogram,Panchlaish,Sole Proprietorship,Medium,4,Logistics,SupplyChain,2014,144,16.0,6,1,1,1,56989.71,45530.06,0.294,0.1452,0.0,0.6869,0.7956,0.3602,0.255,0,11459.65,0.8699,0.6698,0.0152,0,0.5367,1,0,1,0.1292,1.0,0.7956,0.8894,1,Normal,0,0.1539,0,0.4514
SME_00286,BR-84097598,TAX-8759078011,Alpha ProcessedFood Foods,Nusrat Hossain,Bangladesh,Chattogram,Halishahar,Private Limited,Medium,3,Food,ProcessedFood,2026,11,8.96,6,0,1,0,59580.5,51339.2,0.137,0.3964,4.63,0.6998,0.5761,0.4188,0.4208,1,8241.3,0.6231,0.6607,0.3375,0,0.1322,0,1,0,0.1142,0.5539,0.5761,0.5948,1,Warning,0,0.1897,0,0.4204
SME_00287,BR-66171998,TAX-0362264102,Future Fashion Mart,Adnan Akter,Bangladesh,Dhaka,Gulshan,Sole Proprietorship,Medium,0,Retail,Fashion,2025,15,13.65,11,0,0,0,52613.57,48763.04,0.1482,0.4012,0.21,0.6461,0.6332,0.5113,0.4005,0,3850.54,0.6544,0.5196,0.0729,0,0.4251,0,0,1,0.092,0.4536,0.6332,0.6578,1,Normal,0,0.2423,0,0.4532
SME_00288,BR-14949682,TAX-5473927972,Golden AgroProcessing Ventures,Samira Karim,Bangladesh,Dhaka,Uttara,Private Limited,Medium,2,AgriTech,AgroProcessing,2020,72,9.22,23,0,1,0,50559.36,43219.16,0.0993,0.7035,16.82,0.6048,0.69,0.4224,0.306,0,7340.19,0.4657,0.4796,0.2732,0,0.0538,0,0,0,0.0657,0.441,0.69,0.4862,0,Warning,0,0.114,1,0.4903
SME_00289,BR-99033324,TAX-6526509762,Secure Beverage Foods,Muntasir Ahmed,Bangladesh,Barishal,Sadar,Sole Proprietorship,Micro,3,Food,Beverage,2019,95,13.04,18,1,0,0,115141.55,95968.06,0.165,0.495,5.03,0.8063,0.7124,0.4208,0.459,0,19173.48,0.6665,0.6135,0.0143,0,0.257,1,0,0,0.1164,0.5793,0.7124,0.685,1,Normal,0,0.0082,0,0.4406
SME_00290,BR-87654415,TAX-2192723819,Future Grocery Studio,Sadia Hasan,Bangladesh,Chattogram,Panchlaish,Partnership,Small,0,Retail,Grocery,2019,88,12.96,4,0,0,1,14552.8,11585.59,0.1718,0.3894,9.64,0.592,0.5993,0.2709,0.1452,0,2967.21,0.613,0.4886,0.1075,1,0.3025,0,0,0,0.0544,0.5114,0.5993,0.5991,0,Warning,1,0.7713,0,0.4385
SME_00291,BR-79951253,TAX-6641402380,Secure Payments Studio,Adnan Islam,Bangladesh,Dhaka,Dhanmondi,Cooperative,Small,6,FinTech,Payments,2020,80,16.67,8,0,1,1,64541.78,49169.95,0.3071,0.0,0.0,0.7852,0.739,0.9958,0.2636,1,15371.83,0.9144,0.8636,0.0182,0,0.6847,1,0,0,0.2805,1.0,0.739,0.934,1,Normal,0,0.0016,1,0.6899
SME_00292,BR-43460216,TAX-2648302140,Bright Fashion Solutions,Farhana Akter,Bangladesh,Mymensingh,Muktagacha,Partnership,Micro,0,Retail,Fashion,2022,50,2.84,5,0,0,0,47298.0,47410.63,0.0796,0.5425,19.03,0.4731,0.4977,0.0,0.1096,0,-112.64,0.4151,0.3143,0.3421,1,0.3498,1,0,0,-0.0657,0.132,0.4977,0.4154,0,Warning,1,0.8227,0,0.5342
SME_00293,BR-60832798,TAX-3530689985,Green Dyeing Ventures,Tariq Sultana,Bangladesh,Rajshahi,Rajpara,Private Limited,Medium,7,Textile,Dyeing,2025,16,6.7,8,0,0,0,51421.92,47917.53,0.0632,0.6886,26.58,0.472,0.5675,0.125,0.4098,0,3504.4,0.3433,0.3442,0.4635,1,0.1481,0,0,0,0.0208,0.1292,0.5675,0.3511,0,Critical,1,0.871,0,0.4774
SME_00294,BR-08324608,TAX-7384477013,Green Electronics Logistics,Karim Akter,Bangladesh,Dhaka,Gulshan,Cooperative,Small,0,Retail,Electronics,2026,11,11.76,24,1,0,1,44741.85,39757.07,0.17,0.4902,10.65,0.7396,0.693,0.0916,0.2679,0,4984.78,0.6275,0.5388,0.0255,0,0.2814,0,0,0,0.0604,0.5744,0.693,0.6091,1,Normal,0,0.0113,0,0.427
SME_00295,BR-19482461,TAX-7689455513,Ever LendingTech Hub,Nusrat Islam,Bangladesh,Chattogram,Halishahar,Private Limited,Micro,6,FinTech,LendingTech,2025,23,14.95,4,0,0,1,45902.35,35175.69,0.3162,0.0,0.0,0.7422,0.7699,0.347,0.3438,1,10726.67,0.9122,0.7831,0.0104,0,0.3191,1,0,1,0.0952,1.0,0.7699,0.8271,1,Normal,0,0.0028,1,0.5063
SME_00296,BR-28778851,TAX-7910790253,Trust Fabric Solutions,Rahim Karim,Bangladesh,Dhaka,Dhanmondi,Sole Proprietorship,Medium,7,Textile,Fabric,2016,126,13.16,3,0,0,0,20847.97,18238.84,0.1235,0.3905,17.39,0.5528,0.6071,0.5076,0.3672,1,2609.13,0.5275,0.6017,0.4689,1,0.1623,0,0,0,0.099,0.3955,0.6071,0.512,0,Warning,0,0.1852,0,0.4571
SME_00297,BR-35188018,TAX-3636786153,Rapid Accessories Studio,Sadia Chowdhury,Bangladesh,Sylhet,Zindabazar,Private Limited,Medium,7,Textile,Accessories,2015,142,11.56,5,0,0,0,44884.68,39900.55,0.1175,0.5357,17.48,0.63,0.7363,0.0,0.3697,0,4984.13,0.5272,0.4399,0.0903,0,0.1177,0,0,0,-0.0342,0.4266,0.7363,0.5379,0,Warning,0,0.088,0,0.487
SME_00298,BR-82497285,TAX-2144494820,Urban SMEFinance Agro,Nusrat Jahan,Bangladesh,Dhaka,Uttara,Sole Proprietorship,Medium,6,FinTech,SMEFinance,2020,81,13.73,11,0,0,1,100385.72,72857.41,0.3109,0.0,0.0,0.5879,0.711,0.4955,0.3119,0,27528.31,0.8738,0.6495,0.1956,0,0.2221,1,1,0,0.1188,1.0,0.711,0.8697,1,Normal,0,0.0824,1,0.5102
SME_00299,BR-61035185,TAX-9263017281,Ever Payments Logistics,Ritu Rahman,Bangladesh,Dhaka,Dhanmondi,Partnership,Small,6,FinTech,Payments,2025,19,12.11,13,0,0,1,94342.96,69713.65,0.2189,0.219,0.0,0.8022,0.6757,0.791,0.3669,1,24629.31,0.7903,0.8238,0.0256,0,0.4666,1,0,0,0.1941,0.9492,0.6757,0.8033,1,Normal,0,0.032,1,0.5673
SME_00300,BR-31876231,TAX-6160106850,Prime Delivery Agro,Ritu Ahmed,Bangladesh,Dhaka,Gulshan,Private Limited,Medium,4,Logistics,Delivery,2020,78,9.16,12,0,0,0,49514.4,43689.82,0.1231,0.3329,12.48,0.7559,0.7722,0.0958,0.3188,1,5824.58,0.6311,0.6618,0.081,0,0.0864,0,0,0,0.0645,0.438,0.7722,0.6532,1,Normal,0,0.0062,0,0.4367
SME_00301,BR-59866240,TAX-7072268376,Green Payments Hub,Shakil Hasan,Bangladesh,Rajshahi,Rajpara,Private Limited,Small,6,FinTech,Payments,2012,177,15.22,18,0,0,1,162362.19,131503.51,0.2972,0.0,0.0,0.6714,0.7124,0.2963,0.3327,1,30858.68,0.8868,0.7872,0.033,0,0.5142,0,0,0,0.1366,1.0,0.7124,0.8802,1,Normal,0,0.0651,0,0.4891
SME_00302,BR-77096602,TAX-3045233846,Smart Electronics Textiles,Hasan Sarkar,Bangladesh,Dhaka,Gulshan,Partnership,Small,0,Retail,Electronics,2022,49,14.36,3,0,0,0,13469.7,11162.19,0.1463,0.5088,5.89,0.627,0.8018,0.4471,0.44,0,2307.51,0.6272,0.5746,0.0559,0,0.2687,0,0,0,0.11,0.62,0.8018,0.6186,1,Normal,0,0.0787,0,0.4335
SME_00303,BR-83964332,TAX-8137346496,Future Bakery Hub,Mashrur Rahman,Bangladesh,Barishal,Banaripara,Partnership,Micro,3,Food,Bakery,2019,91,18.6,18,1,0,0,46792.96,39701.67,0.1942,0.1886,5.38,0.8761,0.9317,0.4598,0.2006,0,7091.3,0.8085,0.6709,0.0049,0,0.1557,0,0,0,0.1072,0.6671,0.9317,0.7648,1,Normal,0,0.0089,0,0.4533
SME_00304,BR-46831568,TAX-1099068575,Ever ProcessedFood Textiles,Rahim Kabir,Bangladesh,Dhaka,Gulshan,Private Limited,Medium,3,Food,ProcessedFood,2018,99,14.27,7,1,0,0,69958.57,56931.06,0.2124,0.115,1.34,0.7143,0.8205,0.409,0.2823,1,13027.51,0.8112,0.7462,0.0198,0,0.1732,0,0,0,0.0947,0.8353,0.8205,0.7802,1,Normal,0,0.037,0,0.4383
SME_00305,BR-36621096,TAX-5328073900,Urban Fabric Traders,Tanvir Sarkar,Bangladesh,Rajshahi,Motihar,Private Limited,Medium,7,Textile,Fabric,2021,63,10.28,14,1,1,1,150833.82,131406.55,0.1206,0.2646,12.64,0.8445,0.7351,0.5958,0.3836,1,19427.28,0.6525,0.7308,0.0396,0,0.5136,1,0,0,0.1559,0.4855,0.7351,0.6257,1,Normal,0,0.0035,0,0.4687
SME_00306,BR-82782178,TAX-9255547850,Prime Beverage Solutions,Nafisa Mahmud,Bangladesh,Chattogram,Halishahar,Partnership,Small,3,Food,Beverage,2020,82,10.52,4,0,0,0,55105.58,52459.36,0.0591,0.8518,32.85,0.6188,0.5313,0.1357,0.3779,0,2646.22,0.2921,0.3186,0.4232,1,0.364,0,0,0,-0.0018,0.0807,0.5313,0.3032,0,Critical,1,0.878,0,0.5355
SME_00307,BR-88666769,TAX-4542822273,Ever FarmInputs Hub,Farhana Islam,Bangladesh,Chattogram,Halishahar,Private Limited,Small,2,AgriTech,FarmInputs,2019,88,13.16,9,0,1,0,45265.11,43671.72,0.1228,0.5638,23.41,0.5893,0.6252,0.4379,0.3297,0,1593.39,0.468,0.5329,0.2193,1,0.1169,0,0,0,0.112,0.378,0.6252,0.4616,0,Warning,0,0.2252,1,0.4915
SME_00308,BR-24307517,TAX-4712783359,Rapid Delivery Foods,Samira Kabir,Bangladesh,Dhaka,Mirpur,Sole Proprietorship,Medium,4,Logistics,Delivery,2019,88,10.47,10,0,0,0,63236.47,55194.03,0.1549,0.3995,13.71,0.7293,0.7339,0.4378,0.2839,1,8042.44,0.6249,0.7387,0.1058,0,0.0861,0,0,0,0.1274,0.6004,0.7339,0.6142,1,Normal,0,0.0556,0,0.4404
SME_00309,BR-25796588,TAX-6644581574,Prime MetalWorks Partners,Shila Hossain,Bangladesh,Mymensingh,Trishal,Sole Proprietorship,Medium,1,Manufacturing,MetalWorks,2016,130,13.09,18,1,0,1,97373.67,80075.42,0.2131,0.2355,0.78,0.8552,0.8582,0.2325,0.3772,0,17298.26,0.8202,0.6002,0.0101,0,0.2246,1,0,0,0.0508,0.8628,0.8582,0.8072,1,Normal,0,0.0093,0,0.4314
SME_00310,BR-81012871,TAX-5122304956,Prime Grocery Partners,Amin Kabir,Bangladesh,Barishal,Sadar,Private Limited,Micro,0,Retail,Grocery,2018,107,7.34,3,0,0,1,21079.2,20441.47,0.1103,0.3658,13.13,0.4691,0.6502,0.2504,0.3394,0,637.74,0.5362,0.4732,0.3304,1,0.114,0,0,0,0.0878,0.2567,0.6502,0.5206,0,Warning,1,0.9771,0,0.45
SME_00311,BR-63037373,TAX-7880125971,Nova Bakery Foods,Farhana Sultana,Bangladesh,Dhaka,Gulshan,Cooperative,Growth,3,Food,Bakery,2025,15,13.69,9,0,0,0,35054.52,28735.26,0.1658,0.3003,0.0,0.6652,0.7418,0.2706,0.533,0,6319.26,0.7154,0.5207,0.0089,1,0.4536,0,0,0,0.0648,0.6,0.7418,0.7339,0,Normal,0,0.0316,0,0.4583
SME_00312,BR-22848590,TAX-0469189934,Green ProcessedFood Mart,Mehjabin Sarkar,Bangladesh,Dhaka,Uttara,Sole Proprietorship,Medium,3,Food,ProcessedFood,2026,7,3.67,5,0,0,1,44227.76,39611.53,0.052,0.7123,25.74,0.6276,0.5801,0.1287,0.3937,0,4616.23,0.3634,0.3432,0.6329,1,0.2406,1,0,0,0.0271,0.0,0.5801,0.3653,0,Critical,1,0.8422,0,0.465
SME_00313,BR-85832081,TAX-5718856907,Vertex Plastic Care,Adnan Akter,Bangladesh,Barishal,Banaripara,Sole Proprietorship,Growth,1,Manufacturing,Plastic,2020,77,8.84,12,0,0,1,39161.87,37671.7,0.1265,0.3909,12.06,0.6523,0.6517,0.3191,0.3082,1,1490.17,0.5829,0.6598,0.3558,1,0.0812,0,0,0,0.1137,0.4438,0.6517,0.6027,0,Normal,1,0.8722,0,0.4308
SME_00314,BR-24594377,TAX-3444824117,Secure FarmInputs Traders,Rahim Miah,Bangladesh,Khulna,Khalishpur,Sole Proprietorship,Growth,2,AgriTech,FarmInputs,2013,163,13.82,14,1,0,0,42957.14,37617.76,0.1311,0.4632,12.2,0.6849,0.5796,0.2506,0.3653,0,5339.38,0.563,0.529,0.3306,1,0.0842,0,1,0,0.1034,0.4764,0.5796,0.5191,0,Warning,1,0.8179,0,0.4061
SME_00315,BR-46160271,TAX-9908536345,Ever AgroProcessing Digital,Shila Karim,Bangladesh,Dhaka,Dhanmondi,Private Limited,Growth,2,AgriTech,AgroProcessing,2025,12,16.36,20,0,1,1,57934.59,52312.6,0.1417,0.5131,5.18,0.6867,0.7431,0.6575,0.4176,0,5621.99,0.6263,0.5605,0.0308,0,0.6479,0,0,1,0.1306,0.4202,0.7431,0.637,1,Normal,0,0.0406,1,0.5065
SME_00316,BR-74706649,TAX-5902358584,Urban ColdStorage Mart,Farhana Hossain,Bangladesh,Dhaka,Mohammadpur,Sole Proprietorship,Medium,2,AgriTech,ColdStorage,2025,18,6.91,7,0,0,0,18505.94,16462.7,0.0723,0.7585,21.28,0.5731,0.5189,0.0589,0.3999,0,2043.24,0.3719,0.3924,0.2543,0,0.3463,1,0,0,0.0506,0.2747,0.5189,0.3622,0,Critical,1,0.6527,1,0.4915
SME_00317,BR-30130381,TAX-3311879255,Alpha DairySupport Solutions,Mehjabin Mahmud,Bangladesh,Sylhet,Balaganj,Partnership,Small,2,AgriTech,DairySupport,2016,124,9.47,16,0,0,1,43209.15,38873.08,0.1198,0.3953,14.87,0.6504,0.655,0.3499,0.2684,0,4336.07,0.5623,0.5291,0.2107,1,0.0564,0,1,0,0.092,0.4124,0.655,0.5567,0,Warning,1,0.7678,0,0.4266
SME_00318,BR-66263135,TAX-6021248299,Green Diagnostics Agro,Rafi Ahmed,Bangladesh,Sylhet,Beanibazar,Cooperative,Micro,5,Healthcare,Diagnostics,2019,84,8.6,20,0,0,1,141803.15,106922.6,0.1911,0.2759,0.0,0.4816,0.7614,0.2812,0.1885,1,34880.55,0.7123,0.5845,0.3144,1,0.3118,1,1,0,0.0375,0.8005,0.7614,0.7394,0,Normal,1,0.8968,0,0.4374
SME_00319,BR-18227538,TAX-7961287099,Blue Plastic Textiles,Mashrur Hossain,Bangladesh,Rajshahi,Rajpara,Sole Proprietorship,Small,1,Manufacturing,Plastic,2023,46,16.17,3,0,1,0,51784.66,40631.79,0.2186,0.3232,2.17,0.5558,0.6569,0.23,0.3713,0,11152.87,0.7083,0.537,0.2331,0,0.14,1,1,0,0.0676,0.7608,0.6569,0.7005,1,Normal,0,0.1586,0,0.429
SME_00320,BR-93931994,TAX-5708029575,Future Fabric Care,Tariq Miah,Bangladesh,Rangpur,Mithapukur,Private Limited,Medium,7,Textile,Fabric,2023,42,0.0,13,1,1,0,39106.88,38248.01,-0.0104,0.8482,33.48,0.5438,0.5799,0.2005,0.4395,0,858.87,0.2357,0.3104,0.5147,0,0.3962,0,0,0,0.0405,0.0,0.5799,0.2455,0,Critical,0,0.2935,1,0.5779
SME_00321,BR-27175136,TAX-8217844289,Blue Fabric Foods,Nafisa Mahmud,Bangladesh,Khulna,Khalishpur,Partnership,Small,7,Textile,Fabric,2016,121,8.02,16,0,0,0,45493.17,37510.44,0.1316,0.4513,15.27,0.6537,0.4986,0.0209,0.2938,0,7982.73,0.5303,0.3824,0.4079,0,0.1866,1,0,0,-0.0065,0.5776,0.4986,0.5099,0,Warning,0,0.1382,0,0.4645
SME_00322,BR-08250966,TAX-7130773526,Golden Beverage Textiles,Nusrat Sarkar,Bangladesh,Chattogram,Kotwali,Private Limited,Medium,3,Food,Beverage,2018,97,22.16,8,0,0,1,32714.63,24020.88,0.2506,0.1732,1.99,0.7457,0.8549,0.3934,0.3719,0,8693.75,0.8387,0.711,0.0104,0,0.3276,0,0,1,0.1559,0.9586,0.8549,0.8394,1,Normal,0,0.0071,0,0.4464
SME_00323,BR-06435416,TAX-5773949738,Ever AgroProcessing Enterprises,Nusrat Jahan,Bangladesh,Khulna,Sonadanga,Partnership,Micro,2,AgriTech,AgroProcessing,2017,117,14.26,4,0,0,0,12966.56,9478.1,0.1544,0.3564,3.21,0.6491,0.6406,0.5188,0.3637,1,3488.47,0.6561,0.696,0.096,0,0.2786,0,0,0,0.1275,0.7419,0.6406,0.6243,1,Normal,0,0.2812,0,0.449
SME_00324,BR-63662618,TAX-6806013962,Ever Restaurant Digital,Rumana Rahman,Bangladesh,Chattogram,Pahartali,Partnership,Small,3,Food,Restaurant,2022,54,5.38,16,0,0,0,34856.21,29541.42,0.0945,0.6501,19.36,0.6976,0.6437,0.0,0.1509,0,5314.79,0.4688,0.4044,0.0715,0,0.4025,1,0,0,0.0062,0.3439,0.6437,0.4677,0,Warning,0,0.2626,0,0.4746
SME_00325,BR-17111112,TAX-1872189870,Vertex LendingTech Mart,Rafi Karim,Bangladesh,Dhaka,Dhanmondi,Sole Proprietorship,Small,6,FinTech,LendingTech,2018,97,11.07,4,0,0,0,36859.21,30286.51,0.2174,0.2313,0.56,0.603,0.672,0.6691,0.3696,0,6572.7,0.747,0.6062,0.1562,0,0.6588,1,1,0,0.1631,0.8012,0.672,0.7547,1,Normal,0,0.2754,0,0.4871
SME_00326,BR-52720429,TAX-0521423564,Green SupplyChain Care,Shakil Hasan,Bangladesh,Dhaka,Uttara,Private Limited,Small,4,Logistics,SupplyChain,2014,155,13.44,8,0,0,1,107866.63,97059.33,0.1176,0.4697,15.48,0.8378,0.8287,0.4748,0.4654,1,10807.31,0.606,0.6962,0.061,0,0.4367,0,0,0,0.1109,0.3352,0.8287,0.6281,1,Normal,0,0.0118,0,0.4515
SME_00327,BR-30698610,TAX-6132247334,Nova AccountingTech Care,Adnan Jahan,Bangladesh,Chattogram,Kotwali,Private Limited,Micro,6,FinTech,AccountingTech,2021,61,13.42,9,1,1,1,78551.22,55222.37,0.2433,0.0432,0.0,0.7025,0.5404,0.386,0.3513,0,23328.84,0.8069,0.6351,0.1743,0,0.2102,0,1,0,0.1381,0.9612,0.5404,0.7905,1,Normal,0,0.0627,0,0.4845
SME_00328,BR-57122924,TAX-0187293614,Future ProcessedFood Care,Anika Akter,Bangladesh,Sylhet,Balaganj,Sole Proprietorship,Micro,3,Food,ProcessedFood,2020,74,17.82,14,0,0,1,58004.12,46871.17,0.2193,0.218,4.51,0.7509,0.6701,0.3507,0.172,0,11132.94,0.7577,0.6099,0.0237,0,0.337,0,0,0,0.1042,0.8576,0.6701,0.7471,1,Normal,0,0.1483,0,0.4466
SME_00329,BR-01028370,TAX-3167748442,Bright Warehousing Logistics,Shila Sarkar,Bangladesh,Dhaka,Gulshan,Partnership,Medium,4,Logistics,Warehousing,2024,34,10.69,6,0,0,0,31221.71,25328.12,0.1449,0.4368,0.0,0.7208,0.6786,0.0294,0.2383,0,5893.59,0.6665,0.4969,0.014,0,0.2708,0,0,0,0.0383,0.6363,0.6786,0.6536,1,Normal,0,0.0441,0,0.4733
SME_00330,BR-70861346,TAX-2587072334,Alpha LightManufacturing Mart,Anika Kabir,Bangladesh,Chattogram,Panchlaish,Private Limited,Small,1,Manufacturing,LightManufacturing,2017,117,9.74,6,0,0,1,73942.18,65441.39,0.1511,0.3384,9.94,0.5991,0.7156,0.2966,0.4311,1,8500.79,0.6276,0.5934,0.4393,0,0.0676,0,1,0,0.0459,0.3787,0.7156,0.6225,1,Normal,0,0.2093,0,0.4144
SME_00331,BR-80814923,TAX-3927383451,Prime HealthServices Agro,Tanvir Akter,Bangladesh,Rajshahi,Rajpara,Sole Proprietorship,Micro,5,Healthcare,HealthServices,2026,11,11.52,10,0,0,0,131027.64,105269.0,0.1908,0.356,6.13,0.7825,0.5944,0.1771,0.4299,0,25758.64,0.6874,0.5462,0.1324,0,0.2066,0,1,0,0.0645,0.7187,0.5944,0.6681,1,Normal,0,0.0427,0,0.4603
SME_00332,BR-87671609,TAX-2696360780,Green LightManufacturing Agro,Karim Sarkar,Bangladesh,Rajshahi,Motihar,Sole Proprietorship,Micro,1,Manufacturing,LightManufacturing,2022,49,6.84,17,0,0,0,60616.26,56007.29,0.0598,0.8597,25.07,0.7048,0.6383,0.2139,0.2087,0,4608.97,0.3651,0.4903,0.0616,0,0.2644,0,0,1,0.0894,0.1564,0.6383,0.322,0,Critical,0,0.2969,1,0.5092
SME_00333,BR-14586133,TAX-7975653115,Future HealthServices Enterprises,Hasan Kabir,Bangladesh,Mymensingh,Trishal,Private Limited,Small,5,Healthcare,HealthServices,2016,130,8.2,36,1,0,0,283984.99,218030.16,0.2277,0.0943,0.0,0.8614,0.65,0.3604,0.3544,1,65954.83,0.8311,0.7289,0.0167,0,0.5995,1,0,0,0.1092,0.8941,0.65,0.8102,1,Normal,0,0.0036,0,0.4399
SME_00334,BR-06891914,TAX-8289327900,Rapid Fabric Logistics,Farhana Akter,Bangladesh,Mymensingh,Kotwali,Partnership,Micro,7,Textile,Fabric,2026,9,1.26,4,0,0,0,29645.8,33080.53,0.0121,0.7885,29.15,0.5214,0.6188,0.1099,0.2628,0,-3434.74,0.2838,0.2746,0.5211,0,0.3917,1,0,0,-0.0477,0.0,0.6188,0.2828,0,Critical,1,0.8018,1,0.6244
SME_00335,BR-02376755,TAX-9134132722,Prime Electronics Digital,Shila Hasan,Bangladesh,Sylhet,Zindabazar,Sole Proprietorship,Medium,0,Retail,Electronics,2012,178,7.67,11,1,0,1,50266.19,44009.9,0.0865,0.563,15.25,0.7655,0.5095,0.2288,0.3871,0,6256.29,0.4903,0.4765,0.1505,1,0.0882,0,0,0,0.0613,0.3074,0.5095,0.4873,0,Warning,1,0.8248,0,0.4256
SME_00336,BR-96357062,TAX-1761720077,Vertex SupplyChain Hub,Ritu Mahmud,Bangladesh,Dhaka,Uttara,Partnership,Medium,4,Logistics,SupplyChain,2020,76,6.95,5,0,0,0,48690.15,45334.97,0.0802,0.5095,27.0,0.5501,0.5852,0.0,0.3833,0,3355.18,0.412,0.3648,0.192,1,0.2276,1,0,0,-0.0412,0.0406,0.5852,0.423,0,Warning,1,0.7641,1,0.5065
SME_00337,BR-36385906,TAX-4086177163,Ever Grocery Solutions,Farhana Hasan,Bangladesh,Khulna,Daulatpur,Sole Proprietorship,Micro,0,Retail,Grocery,2020,75,5.79,17,0,0,0,57291.21,52265.04,0.1268,0.7242,19.8,0.589,0.5862,0.1719,0.3159,0,5026.18,0.4473,0.445,0.5458,1,0.1212,0,0,0,0.0646,0.2938,0.5862,0.4641,0,Warning,0,0.2227,0,0.4505
SME_00338,BR-18880429,TAX-3502226420,Nova Pharmacy Enterprises,Shila Miah,Bangladesh,Rajshahi,Motihar,Partnership,Small,5,Healthcare,Pharmacy,2018,99,12.55,5,0,0,1,104573.74,74647.74,0.2381,0.1341,0.0,0.6367,0.7276,0.4752,0.3943,0,29925.99,0.8044,0.6328,0.0494,0,0.449,1,0,0,0.1361,0.7536,0.7276,0.7954,1,Normal,0,0.1117,0,0.4633
SME_00339,BR-02642484,TAX-9549520433,Green Electronics Traders,Sadia Islam,Bangladesh,Dhaka,Uttara,Private Limited,Micro,0,Retail,Electronics,2017,117,7.1,6,0,0,0,38311.04,32726.55,0.0661,0.6037,11.67,0.4864,0.6346,0.2799,0.4338,0,5584.49,0.4548,0.4565,0.4269,0,0.088,1,0,0,0.1027,0.3204,0.6346,0.4231,0,Warning,0,0.2334,0,0.4325
SME_00340,BR-84146145,TAX-5129323563,Golden Fabric Textiles,Shila Sultana,Bangladesh,Dhaka,Gulshan,Private Limited,Small,7,Textile,Fabric,2019,85,0.0,6,1,1,1,53787.28,50402.15,0.0329,0.7123,28.96,0.6026,0.4811,0.0,0.3452,0,3385.13,0.3087,0.3025,0.4415,1,0.4629,1,0,0,0.0184,0.0288,0.4811,0.3168,0,Critical,1,0.9272,1,0.5065
SME_00341,BR-00663526,TAX-8901842164,Rapid Fashion Logistics,Samira Akter,Bangladesh,Dhaka,Mirpur,Sole Proprietorship,Growth,0,Retail,Fashion,2013,159,9.12,9,0,1,0,40685.81,37894.47,0.1066,0.5444,19.21,0.5517,0.6418,0.2807,0.2463,0,2791.34,0.4763,0.4504,0.5514,0,0.11,0,0,0,0.0786,0.3192,0.6418,0.4761,0,Warning,0,0.228,0,0.4409
SME_00342,BR-93024564,TAX-7527233135,Trust Fabric Textiles,Sadia Chowdhury,Bangladesh,Khulna,Daulatpur,Private Limited,Small,7,Textile,Fabric,2012,173,11.88,11,0,0,0,96853.29,83974.58,0.1159,0.4117,8.47,0.8634,0.9729,0.4904,0.453,1,12878.72,0.6835,0.7628,0.007,0,0.3074,0,0,1,0.1352,0.6089,0.9729,0.6783,1,Normal,0,0.0057,0,0.4462
SME_00343,BR-67172389,TAX-4067753637,Green SMEFinance Foods,Ritu Chowdhury,Bangladesh,Chattogram,Panchlaish,Sole Proprietorship,Growth,6,FinTech,SMEFinance,2023,40,6.91,12,0,0,1,63960.23,50207.15,0.2035,0.4021,6.63,0.735,0.7004,0.1163,0.3386,0,13753.08,0.6958,0.5758,0.0126,0,0.0623,0,0,0,0.0544,0.7097,0.7004,0.7202,1,Normal,0,0.0175,0,0.4586
SME_00344,BR-25701177,TAX-5890163717,Prime FleetServices Care,Farhana Jahan,Bangladesh,Dhaka,Uttara,Private Limited,Micro,4,Logistics,FleetServices,2016,128,18.34,9,1,0,1,73825.45,61995.76,0.2058,0.0829,0.0,0.8758,0.8272,0.4137,0.3537,1,11829.69,0.8498,0.8096,0.0082,0,0.2303,0,0,0,0.1374,0.8422,0.8272,0.8588,1,Normal,0,0.0073,0,0.4451
SME_00345,BR-16193477,TAX-1490418475,Green LendingTech Mart,Amin Hossain,Bangladesh,Mymensingh,Trishal,Partnership,Small,6,FinTech,LendingTech,2022,58,7.48,4,0,0,0,138915.01,109364.73,0.1724,0.1652,5.76,0.5829,0.6272,0.3363,0.2611,1,29550.28,0.6859,0.6691,0.1246,1,0.1808,0,0,0,0.0975,0.6465,0.6272,0.6884,0,Normal,1,0.6868,0,0.424
SME_00346,BR-14985746,TAX-3242965636,Rapid Payments Hub,Farhana Karim,Bangladesh,Rangpur,Gangachara,Private Limited,Small,6,FinTech,Payments,2012,179,17.49,14,0,0,0,55579.45,36616.91,0.3367,0.0,0.0,0.8451,0.7982,0.7687,0.4093,1,18962.54,0.9358,0.8716,0.0102,0,0.7795,1,0,0,0.2475,1.0,0.7982,0.9391,1,Normal,0,0.0019,1,0.6123
SME_00347,BR-91450984,TAX-1526752499,Golden Dyeing Traders,Nusrat Chowdhury,Bangladesh,Dhaka,Mirpur,Sole Proprietorship,Small,7,Textile,Dyeing,2022,50,9.59,9,0,0,1,52519.55,43848.7,0.0894,0.6082,10.47,0.4431,0.7103,0.0,0.4719,0,8670.86,0.4851,0.329,0.534,0,0.3,0,0,0,-0.004,0.4679,0.7103,0.5021,0,Warning,1,0.737,1,0.5395
SME_00348,BR-59157136,TAX-7815804109,Vertex MetalWorks Agro,Rumana Chowdhury,Bangladesh,Rangpur,Gangachara,Sole Proprietorship,Growth,1,Manufacturing,MetalWorks,2022,57,9.73,18,1,0,0,94742.23,79539.45,0.1765,0.3192,0.0,0.6455,0.5869,0.0898,0.2742,0,15202.78,0.6887,0.4482,0.2612,1,0.1921,0,1,0,0.0132,0.7734,0.5869,0.6749,0,Normal,1,0.8589,0,0.4451
SME_00349,BR-85399729,TAX-3165304135,Secure SupplyChain Care,Sadia Akter,Bangladesh,Dhaka,Mohammadpur,Partnership,Micro,4,Logistics,SupplyChain,2016,130,8.99,6,0,0,1,49106.8,43134.84,0.1331,0.5513,22.36,0.6659,0.6166,0.4033,0.3581,0,5971.96,0.4969,0.4841,0.2646,1,0.0852,1,0,0,0.0538,0.3842,0.6166,0.4793,0,Warning,0,0.2403,0,0.4523
SME_00350,BR-94147727,TAX-2692885364,Secure Grocery Traders,Sajid Karim,Bangladesh,Rangpur,Sadar,Sole Proprietorship,Medium,0,Retail,Grocery,2015,143,12.53,3,0,0,0,18226.25,15769.35,0.1746,0.3525,9.22,0.6484,0.8038,0.4337,0.2234,0,2456.9,0.6726,0.5939,0.0127,0,0.1517,1,0,0,0.0944,0.6833,0.8038,0.6679,1,Normal,0,0.0236,0,0.4431
SME_00351,BR-87962623,TAX-2560172217,Vertex Delivery Logistics,Karim Akter,Bangladesh,Rangpur,Sadar,Sole Proprietorship,Medium,4,Logistics,Delivery,2024,28,5.87,9,1,0,1,56200.5,50566.53,0.043,0.7666,20.57,0.5336,0.6038,0.1946,0.2921,0,5633.97,0.3575,0.3254,0.495,0,0.0938,0,0,0,-0.0027,0.1506,0.6038,0.3339,0,Critical,0,0.2348,0,0.4584
SME_00352,BR-69695631,TAX-5737528864,Vertex LightManufacturing Foods,Sajid Sultana,Bangladesh,Dhaka,Gulshan,Private Limited,Small,1,Manufacturing,LightManufacturing,2018,102,12.08,20,0,0,1,90279.17,76688.41,0.1409,0.3383,2.67,0.6688,0.5854,0.2421,0.2606,0,13590.76,0.6452,0.5271,0.2329,0,0.1129,0,1,0,0.0915,0.5233,0.5854,0.6443,1,Normal,0,0.2273,0,0.3982
SME_00353,BR-34564782,TAX-1790811838,Prime ProcessedFood Works,Rafi Miah,Bangladesh,Mymensingh,Muktagacha,Private Limited,Small,3,Food,ProcessedFood,2021,66,9.26,10,0,0,0,51993.6,42020.0,0.1279,0.3358,10.56,0.7549,0.833,0.4745,0.3657,0,9973.6,0.6549,0.5894,0.0206,0,0.073,0,0,0,0.0914,0.5222,0.833,0.6568,1,Normal,0,0.0026,0,0.4294
SME_00354,BR-88501617,TAX-0546351533,Golden Warehousing Logistics,Rumana Hasan,Bangladesh,Rangpur,Sadar,Sole Proprietorship,Small,4,Logistics,Warehousing,2017,112,7.95,8,0,0,1,54512.0,49324.84,0.0829,0.5571,12.83,0.6718,0.8442,0.4628,0.3702,1,5187.15,0.5442,0.6809,0.1137,0,0.0867,0,0,0,0.1098,0.2398,0.8442,0.5428,0,Warning,0,0.0074,0,0.4799
SME_00355,BR-12286270,TAX-4355889987,Fresh ProcessedFood Textiles,Ritu Ahmed,Bangladesh,Barishal,Bakerganj,Private Limited,Small,3,Food,ProcessedFood,2018,102,15.37,5,0,0,0,69664.43,63545.27,0.1619,0.3633,10.21,0.792,0.6961,0.4095,0.4566,0,6119.16,0.661,0.5806,0.0246,0,0.1392,0,0,0,0.0823,0.1803,0.6961,0.6538,1,Normal,0,0.0164,0,0.4387
SME_00356,BR-81878752,TAX-8547654303,Trust Bakery Mart,Tanvir Kabir,Bangladesh,Rangpur,Mithapukur,Private Limited,Medium,3,Food,Bakery,2012,177,15.61,26,0,0,1,86563.92,71677.41,0.1559,0.3718,3.65,0.8904,1.0,0.542,0.2491,1,14886.51,0.7599,0.7838,0.0057,0,0.338,0,0,1,0.1283,0.8445,1.0,0.793,1,Normal,0,0.0054,0,0.4615
SME_00357,BR-77269399,TAX-4672599317,Prime Clinic Traders,Tariq Karim,Bangladesh,Rajshahi,Motihar,Private Limited,Small,5,Healthcare,Clinic,2012,168,11.81,5,0,0,0,80331.43,58663.53,0.2014,0.0558,0.0,0.6925,0.7,0.5652,0.3317,1,21667.9,0.7962,0.7625,0.0519,0,0.5227,0,0,1,0.1675,0.7394,0.7,0.815,1,Normal,0,0.0663,0,0.4835
SME_00358,BR-35026788,TAX-0450303296,Golden SMEFinance Foods,Tanvir Karim,Bangladesh,Dhaka,Gulshan,Private Limited,Growth,6,FinTech,SMEFinance,2017,119,12.55,6,0,1,1,65332.65,41476.82,0.3312,0.0,0.0,0.8085,0.8876,0.7123,0.2428,1,23855.83,0.9453,0.8654,0.016,0,0.7913,1,0,0,0.1905,1.0,0.8876,0.9434,1,Normal,0,0.0025,1,0.6142
SME_00359,BR-97675679,TAX-0240626988,Prime ProcessedFood Digital,Rafi Miah,Bangladesh,Barishal,Sadar,Private Limited,Small,3,Food,ProcessedFood,2016,124,11.8,13,1,0,0,84977.75,65207.75,0.1521,0.4389,16.73,0.8337,0.6251,0.3685,0.3919,0,19770.01,0.5978,0.5731,0.1032,0,0.1019,0,0,0,0.0873,0.571,0.6251,0.5997,1,Warning,0,0.0181,0,0.4358
SME_00360,BR-21611534,TAX-9964487800,Ever FleetServices Enterprises,Muntasir Akter,Bangladesh,Rajshahi,Rajpara,Partnership,Small,4,Logistics,FleetServices,2013,162,9.93,3,0,1,0,45960.92,40489.36,0.0543,0.7793,24.12,0.5415,0.4541,0.285,0.2906,0,5471.56,0.3205,0.4658,0.3016,0,0.2929,0,0,1,0.1386,0.0591,0.4541,0.348,0,Critical,1,0.6976,0,0.4853
SME_00361,BR-51523711,TAX-8178148060,Future Accessories Foods,Tanvir Sultana,Bangladesh,Rajshahi,Rajpara,Private Limited,Medium,7,Textile,Accessories,2023,37,9.52,19,0,0,0,81223.7,73344.36,0.1306,0.489,6.32,0.9179,0.9747,0.3557,0.3424,1,7879.34,0.6998,0.7545,0.0102,0,0.1204,1,0,0,0.0953,0.4899,0.9747,0.6881,1,Normal,0,0.0103,0,0.4138
SME_00362,BR-30966453,TAX-0591608837,Trust Fashion Enterprises,Rumana Jahan,Bangladesh,Chattogram,Panchlaish,Cooperative,Small,0,Retail,Fashion,2015,132,9.92,13,1,0,0,36832.99,27178.65,0.1898,0.2112,1.03,0.7097,0.6684,0.2897,0.257,1,9654.34,0.7445,0.6348,0.0441,0,0.2206,0,0,0,0.0309,0.8139,0.6684,0.7252,1,Normal,0,0.1461,0,0.4289
SME_00363,BR-73210545,TAX-9595948608,Golden HomeGoods Digital,Tariq Islam,Bangladesh,Rajshahi,Motihar,Sole Proprietorship,Growth,0,Retail,HomeGoods,2015,140,8.89,15,0,0,1,43855.54,35050.77,0.2164,0.1125,3.27,0.8831,0.797,0.2036,0.2955,1,8804.77,0.8314,0.6853,0.0148,0,0.2166,0,0,0,0.0205,0.7631,0.797,0.8359,1,Normal,0,0.0119,0,0.4442
SME_00364,BR-02233275,TAX-5704215178,Alpha Electronics Agro,Rafi Kabir,Bangladesh,Dhaka,Uttara,Sole Proprietorship,Micro,0,Retail,Electronics,2024,28,2.44,13,0,0,0,72385.57,67767.08,0.0651,0.8408,24.09,0.5257,0.5721,0.0,0.2032,0,4618.49,0.3346,0.3269,0.2653,0,0.3884,0,0,0,-0.0333,0.124,0.5721,0.3429,0,Critical,0,0.2444,1,0.5144
SME_00365,BR-98906496,TAX-0233565410,Prime FleetServices Logistics,Imran Ahmed,Bangladesh,Sylhet,Balaganj,Sole Proprietorship,Growth,4,Logistics,FleetServices,2013,159,11.87,8,0,0,0,50948.85,44139.76,0.1071,0.5322,18.89,0.7008,0.6975,0.2091,0.3741,0,6809.09,0.5179,0.5387,0.0985,0,0.1209,0,0,0,0.0915,0.3905,0.6975,0.5277,0,Warning,0,0.0589,0,0.4259
SME_00366,BR-69639935,TAX-7159772307,Smart Bakery Mart,Sajid Hasan,Bangladesh,Dhaka,Gulshan,Cooperative,Medium,3,Food,Bakery,2016,127,14.5,5,0,1,0,51606.72,43138.15,0.1755,0.4556,2.18,0.5893,0.7099,0.6021,0.3311,1,8468.57,0.6588,0.6992,0.3217,1,0.4462,0,1,1,0.1546,0.6884,0.7099,0.6754,0,Normal,1,0.8043,0,0.4603
SME_00367,BR-29838408,TAX-2869171071,Urban SMEFinance Partners,Mehjabin Akter,Bangladesh,Sylhet,Zindabazar,Partnership,Medium,6,FinTech,SMEFinance,2021,66,7.42,8,0,0,0,58582.73,40183.02,0.2672,0.0,0.0,0.7088,0.6839,0.6717,0.3445,1,18399.71,0.8633,0.8302,0.0358,0,0.6174,0,0,1,0.2019,0.8985,0.6839,0.8486,1,Normal,0,0.0196,1,0.5455
SME_00368,BR-15919500,TAX-1321812624,Rapid Delivery Foods,Ritu Mahmud,Bangladesh,Barishal,Banaripara,Private Limited,Small,4,Logistics,Delivery,2019,90,21.08,5,0,0,1,62000.03,49828.51,0.2384,0.1547,0.0,0.6843,0.7613,0.4736,0.1652,0,12171.53,0.8148,0.6798,0.0128,0,0.4251,1,0,0,0.1627,0.8321,0.7613,0.7866,1,Normal,0,0.0544,0,0.4734
SME_00369,BR-67841579,TAX-5364680835,Golden FarmInputs Traders,Mashrur Akter,Bangladesh,Khulna,Sonadanga,Private Limited,Medium,2,AgriTech,FarmInputs,2019,91,14.58,12,1,0,0,30485.81,24136.31,0.1734,0.3492,5.29,0.7082,0.7104,0.2526,0.22,0,6349.5,0.6861,0.5888,0.0128,0,0.1561,0,0,0,0.0937,0.7091,0.7104,0.6744,1,Normal,0,0.0411,0,0.4201
SME_00370,BR-76971430,TAX-2738726587,Rapid Dyeing Works,Mehjabin Islam,Bangladesh,Khulna,Daulatpur,Cooperative,Small,7,Textile,Dyeing,2013,165,18.72,15,0,0,1,55272.03,45330.97,0.1605,0.4288,7.67,0.721,0.7835,0.3155,0.3018,0,9941.07,0.6613,0.5679,0.0339,0,0.0643,0,0,0,0.0649,0.6278,0.7835,0.6729,1,Normal,0,0.034,0,0.407
SME_00371,BR-07552236,TAX-0724016115,Fresh HealthServices Agro,Farhana Sultana,Bangladesh,Chattogram,Halishahar,Sole Proprietorship,Medium,5,Healthcare,HealthServices,2012,174,16.98,22,0,0,1,110305.31,76171.88,0.2842,0.0,0.0,0.8959,0.8526,0.7436,0.4541,1,34133.43,0.9415,0.8812,0.0049,0,0.7401,1,0,0,0.2084,1.0,0.8526,0.9231,1,Normal,0,0.0016,1,0.5628
SME_00372,BR-40656675,TAX-3350768043,Alpha LightManufacturing Studio,Arif Ahmed,Bangladesh,Rangpur,Mithapukur,Private Limited,Micro,1,Manufacturing,LightManufacturing,2014,146,20.28,11,0,0,0,68076.54,59320.4,0.1631,0.4404,16.57,0.8003,0.5868,0.4369,0.4317,0,8756.14,0.5946,0.6061,0.0687,0,0.1822,0,0,0,0.1246,0.498,0.5868,0.5559,1,Warning,0,0.0227,0,0.4307
SME_00373,BR-70917307,TAX-6193410845,Smart ColdStorage Agro,Tanvir Rahman,Bangladesh,Sylhet,Beanibazar,Private Limited,Small,2,AgriTech,ColdStorage,2017,119,8.82,16,0,0,1,53635.96,51140.61,0.0737,0.8265,22.4,0.7218,0.8369,0.2475,0.3523,0,2495.35,0.4365,0.4525,0.0758,0,0.1008,1,0,0,0.008,0.2217,0.8369,0.4394,0,Warning,0,0.1812,0,0.4823
SME_00374,BR-43645137,TAX-4382336398,Future ColdStorage Mart,Rumana Hossain,Bangladesh,Chattogram,Panchlaish,Sole Proprietorship,Small,2,AgriTech,ColdStorage,2024,24,0.0,8,0,0,1,27909.17,23897.36,0.0127,0.9725,23.94,0.4166,0.5882,0.051,0.2701,0,4011.81,0.2459,0.25,0.3283,1,0.6376,1,0,0,-0.0063,0.0371,0.5882,0.2346,0,Critical,1,0.6695,0,0.5404
SME_00375,BR-59169773,TAX-7954794059,Golden Fashion Solutions,Nafisa Jahan,Bangladesh,Dhaka,Uttara,Private Limited,Small,0,Retail,Fashion,2013,165,11.72,7,0,0,0,27700.65,24017.56,0.1457,0.4939,8.58,0.5947,0.7914,0.3549,0.2168,1,3683.1,0.6087,0.6157,0.3307,1,0.0784,0,1,0,0.0519,0.5489,0.7914,0.5742,0,Warning,1,0.8232,0,0.4323
SME_00376,BR-95510559,TAX-8991971399,Golden Grocery Enterprises,Nafisa Chowdhury,Bangladesh,Dhaka,Mohammadpur,Partnership,Small,0,Retail,Grocery,2024,29,11.2,12,1,0,1,38372.53,31168.16,0.1005,0.4584,16.42,0.7039,0.6034,0.1855,0.3537,0,7204.38,0.5248,0.4543,0.2414,1,0.0977,1,1,0,0.0398,0.3393,0.6034,0.5263,0,Warning,0,0.2637,0,0.4176
SME_00377,BR-37934651,TAX-3784101830,Rapid Dyeing Logistics,Mehjabin Chowdhury,Bangladesh,Khulna,Khalishpur,Private Limited,Medium,7,Textile,Dyeing,2024,35,9.77,7,0,1,0,29433.71,26649.79,0.0775,0.5339,18.83,0.7566,0.5621,0.1568,0.3758,0,2783.92,0.4789,0.4614,0.2602,0,0.1322,1,0,0,0.0614,0.3235,0.5621,0.4712,0,Warning,0,0.1812,0,0.456
SME_00378,BR-28117889,TAX-2202683434,Green Beverage Partners,Samira Akter,Bangladesh,Rangpur,Gangachara,Partnership,Micro,3,Food,Beverage,2025,18,9.7,11,0,0,0,56721.58,49471.76,0.1224,0.5191,12.28,0.5324,0.7087,0.0,0.2845,0,7249.82,0.5388,0.4164,0.2053,1,0.1241,1,1,0,0.0036,0.5316,0.7087,0.5723,0,Warning,1,0.8767,0,0.4574
SME_00379,BR-94520074,TAX-6696877017,Green ColdStorage Partners,Karim Karim,Bangladesh,Sylhet,Beanibazar,Sole Proprietorship,Medium,2,AgriTech,ColdStorage,2012,170,18.95,5,0,0,1,38591.29,30269.25,0.198,0.3376,8.74,0.9555,0.7803,0.5982,0.5037,1,8322.04,0.7488,0.8128,0.0144,0,0.4105,0,0,0,0.1561,0.6337,0.7803,0.7506,1,Normal,0,0.0017,0,0.4654
SME_00380,BR-31616934,TAX-1788743047,Smart HealthServices Traders,Shila Chowdhury,Bangladesh,Dhaka,Gulshan,Sole Proprietorship,Micro,5,Healthcare,HealthServices,2019,91,12.56,5,0,0,1,53275.79,43093.43,0.2162,0.1914,1.45,0.6524,0.706,0.0,0.2303,0,10182.37,0.7652,0.5444,0.0157,0,0.3468,1,0,0,0.0558,0.6249,0.706,0.7769,1,Normal,0,0.1614,1,0.5086
SME_00381,BR-63553340,TAX-5267338679,Ever ProcessedFood Ventures,Rumana Mahmud,Bangladesh,Barishal,Bakerganj,Sole Proprietorship,Medium,3,Food,ProcessedFood,2023,47,12.76,13,1,0,0,57577.98,50136.86,0.1652,0.3595,6.81,0.5072,0.5309,0.2106,0.3873,0,7441.12,0.6009,0.4647,0.06,0,0.1022,0,0,0,0.0334,0.5781,0.5309,0.6006,1,Normal,0,0.1527,0,0.4149
SME_00382,BR-22748178,TAX-6112436423,Secure Fabric Textiles,Amin Karim,Bangladesh,Chattogram,Pahartali,Sole Proprietorship,Medium,7,Textile,Fabric,2025,20,4.91,15,0,0,0,106516.02,99622.87,0.026,0.9895,27.59,0.3902,0.6661,0.0,0.2357,0,6893.15,0.244,0.2369,0.5674,0,0.6707,1,0,0,-0.0597,0.1045,0.6661,0.232,0,Critical,0,0.3098,1,0.5554
SME_00383,BR-43351688,TAX-8094168406,Urban AccountingTech Solutions,Rumana Karim,Bangladesh,Barishal,Sadar,Private Limited,Small,6,FinTech,AccountingTech,2020,77,6.19,5,0,0,1,55577.43,39937.54,0.2409,0.21,0.0,0.6431,0.6603,0.1237,0.2716,0,15639.89,0.7792,0.5618,0.0172,0,0.2564,0,0,0,0.0567,0.7029,0.6603,0.7694,1,Normal,0,0.1784,1,0.4963
SME_00384,BR-15280005,TAX-1880353449,Vertex Beverage Enterprises,Shila Hasan,Bangladesh,Dhaka,Gulshan,Partnership,Medium,3,Food,Beverage,2016,131,18.82,13,0,0,0,44633.16,36365.21,0.1834,0.4298,6.5,0.8092,0.7354,0.3038,0.4306,0,8267.95,0.6933,0.6158,0.0284,0,0.0913,0,0,0,0.0915,0.7821,0.7354,0.7149,1,Normal,0,0.0143,0,0.4233
SME_00385,BR-05459559,TAX-4732668434,Blue DairySupport Studio,Farhana Rahman,Bangladesh,Rajshahi,Motihar,Sole Proprietorship,Growth,2,AgriTech,DairySupport,2012,179,14.37,7,0,0,1,42097.92,30016.83,0.2098,0.1725,0.0,0.8302,0.7386,0.2818,0.1874,0,12081.09,0.8093,0.6507,0.0107,0,0.4414,0,0,1,0.1359,0.9996,0.7386,0.8243,1,Normal,0,0.0084,0,0.4668
SME_00386,BR-47327724,TAX-3537953613,Golden Fabric Foods,Rafi Islam,Bangladesh,Rangpur,Sadar,Private Limited,Medium,7,Textile,Fabric,2018,102,8.91,9,1,0,0,36294.42,30947.09,0.1235,0.4488,8.83,0.5475,0.715,0.2393,0.3669,0,5347.33,0.5766,0.467,0.2023,0,0.039,0,1,0,0.0381,0.3972,0.715,0.5468,1,Warning,0,0.1853,0,0.4023
SME_00387,BR-53568861,TAX-9518740214,Alpha Pharmacy Enterprises,Anika Chowdhury,Bangladesh,Dhaka,Uttara,Private Limited,Small,5,Healthcare,Pharmacy,2017,111,9.21,21,0,0,0,108574.76,96761.36,0.1762,0.4253,5.9,0.7312,0.5953,0.2969,0.4041,0,11813.4,0.6521,0.5832,0.1639,0,0.1733,0,1,0,0.1128,0.7302,0.5953,0.6271,1,Normal,0,0.059,0,0.4052
SME_00388,BR-54196974,TAX-3862328513,Trust Accessories Hub,Shila Sultana,Bangladesh,Sylhet,Beanibazar,Partnership,Small,7,Textile,Accessories,2014,151,10.44,15,0,0,0,61240.6,50309.0,0.1032,0.547,15.15,0.6723,0.7939,0.2702,0.2724,0,10931.61,0.5427,0.5761,0.0697,0,0.1702,0,0,0,0.1219,0.4148,0.7939,0.5188,0,Warning,0,0.024,0,0.4201
SME_00389,BR-32403029,TAX-0365307200,Secure Fashion Hub,Adnan Mahmud,Bangladesh,Rangpur,Mithapukur,Cooperative,Medium,0,Retail,Fashion,2013,162,10.56,15,0,0,1,43816.17,37190.78,0.1342,0.4524,9.18,0.6245,0.6849,0.3175,0.4142,0,6625.39,0.5914,0.5221,0.0785,0,0.045,0,0,0,0.0647,0.4749,0.6849,0.6126,1,Normal,0,0.2379,0,0.4195
SME_00390,BR-34409375,TAX-7642962887,Urban Dyeing Solutions,Mashrur Hasan,Bangladesh,Dhaka,Gulshan,Partnership,Small,7,Textile,Dyeing,2022,54,4.67,28,0,0,1,77093.15,68191.81,0.0858,0.5053,12.97,0.6718,0.6587,0.2592,0.4674,1,8901.35,0.524,0.5845,0.2165,1,0.0554,0,0,0,0.0489,0.2638,0.6587,0.4894,0,Warning,1,0.826,0,0.4345
SME_00391,BR-88251636,TAX-5403196839,Smart FleetServices Traders,Sadia Mahmud,Bangladesh,Dhaka,Gulshan,Private Limited,Medium,4,Logistics,FleetServices,2012,178,7.93,6,0,0,1,79432.89,75631.96,0.1481,0.3875,11.34,0.575,0.5389,0.15,0.3216,0,3800.93,0.5711,0.4879,0.152,0,0.1321,0,0,0,0.0647,0.4801,0.5389,0.5868,1,Warning,0,0.1826,0,0.4363
SME_00392,BR-85395384,TAX-0974092688,Alpha Electronics Care,Samira Jahan,Bangladesh,Sylhet,Zindabazar,Sole Proprietorship,Small,0,Retail,Electronics,2018,96,10.42,5,0,1,1,43151.54,38147.97,0.0891,0.6934,18.48,0.6137,0.6977,0.2636,0.3772,0,5003.57,0.4539,0.5083,0.2084,0,0.1499,0,0,0,0.0982,0.3706,0.6977,0.4619,0,Warning,0,0.1698,0,0.4413
SME_00393,BR-46511062,TAX-4112358273,Trust SupplyChain Enterprises,Rafi Karim,Bangladesh,Chattogram,Halishahar,Private Limited,Medium,4,Logistics,SupplyChain,2013,167,11.19,6,0,0,0,83370.96,68630.74,0.1528,0.2475,1.09,0.7224,0.7614,0.3309,0.2135,1,14740.23,0.7244,0.6751,0.0266,0,0.2326,0,0,0,0.0745,0.7035,0.7614,0.7273,1,Normal,0,0.0394,0,0.4286
SME_00394,BR-13712874,TAX-4747726696,Urban Pharmacy Partners,Rumana Kabir,Bangladesh,Dhaka,Gulshan,Cooperative,Micro,5,Healthcare,Pharmacy,2024,26,13.3,8,0,0,0,70368.01,54603.2,0.1725,0.3861,1.35,0.7148,0.7248,0.4433,0.3321,0,15764.81,0.7011,0.61,0.0115,0,0.0856,1,0,0,0.1044,0.8191,0.7248,0.6916,1,Normal,0,0.0912,0,0.43
SME_00395,BR-42180051,TAX-2404125932,Vertex HomeGoods Ventures,Adnan Islam,Bangladesh,Khulna,Sonadanga,Private Limited,Micro,0,Retail,HomeGoods,2025,22,9.91,3,0,0,1,13930.43,12357.38,0.1134,0.4871,14.09,0.7078,0.6403,0.0534,0.3603,0,1573.05,0.5485,0.4248,0.2484,0,0.0778,0,0,0,-0.0065,0.3671,0.6403,0.5723,0,Warning,0,0.2614,0,0.4502
SME_00396,BR-60502195,TAX-0302785633,Prime Beverage Enterprises,Nusrat Karim,Bangladesh,Mymensingh,Kotwali,Private Limited,Growth,3,Food,Beverage,2013,159,14.36,8,1,0,0,22430.8,18249.55,0.1999,0.2236,2.4,0.6032,0.6314,0.3579,0.1742,0,4181.25,0.7175,0.5679,0.1375,0,0.2954,0,0,0,0.1079,0.9984,0.6314,0.7198,1,Normal,0,0.2571,0,0.4417
SME_00397,BR-50762049,TAX-9033447266,Future SMEFinance Traders,Amin Sultana,Bangladesh,Chattogram,Pahartali,Private Limited,Medium,6,FinTech,SMEFinance,2016,123,9.13,7,0,0,1,96317.44,72889.07,0.199,0.2083,0.0,0.5953,0.7799,0.5518,0.2443,1,23428.37,0.7575,0.6932,0.2131,1,0.5534,1,1,0,0.1271,0.8883,0.7799,0.7286,0,Normal,1,0.8595,0,0.4652
SME_00398,BR-81867816,TAX-2089653293,Ever Plastic Hub,Anika Sultana,Bangladesh,Chattogram,Kotwali,Partnership,Growth,1,Manufacturing,Plastic,2023,36,8.72,14,0,1,1,35956.45,34005.13,0.1037,0.5458,15.17,0.7604,0.66,0.4165,0.3853,0,1951.33,0.535,0.5873,0.1189,0,0.1426,0,0,0,0.1376,0.3703,0.66,0.5108,0,Warning,0,0.0817,0,0.455
SME_00399,BR-27345231,TAX-2360613490,Rapid Beverage Solutions,Karim Karim,Bangladesh,Barishal,Bakerganj,Private Limited,Growth,3,Food,Beverage,2013,161,14.81,11,0,0,0,30930.26,26020.59,0.1723,0.3524,8.06,0.6632,0.7238,0.4375,0.3326,0,4909.67,0.6648,0.615,0.0112,0,0.0984,0,0,0,0.1173,0.563,0.7238,0.6319,1,Normal,0,0.0568,0,0.4224
SME_00400,BR-28541046,TAX-9542916802,Alpha Restaurant Traders,Muntasir Sarkar,Bangladesh,Khulna,Sonadanga,Private Limited,Small,3,Food,Restaurant,2025,23,11.63,6,0,0,0,30911.41,26710.85,0.1785,0.3047,11.94,0.6207,0.8528,0.1328,0.3833,0,4200.56,0.6763,0.5267,0.0374,0,0.1918,1,0,0,0.035,0.4833,0.8528,0.7003,1,Normal,0,0.0579,0,0.447
SME_00401,BR-07514168,TAX-9511774474,Smart LightManufacturing Mart,Mashrur Sultana,Bangladesh,Barishal,Sadar,Cooperative,Small,1,Manufacturing,LightManufacturing,2016,124,11.76,13,1,0,0,94147.59,75136.65,0.1855,0.264,6.36,0.6424,0.7438,0.4248,0.3468,0,19010.94,0.7037,0.6307,0.0372,0,0.0661,0,0,0,0.1242,0.5826,0.7438,0.7322,1,Normal,0,0.2311,0,0.416
SME_00402,BR-87653052,TAX-5331897353,Rapid Dyeing Care,Mashrur Jahan,Bangladesh,Chattogram,Kotwali,Partnership,Micro,7,Textile,Dyeing,2023,41,13.68,14,0,1,1,54181.54,51077.45,0.0694,0.838,25.94,0.6692,0.789,0.0,0.3451,0,3104.09,0.3943,0.4015,0.1307,1,0.3002,0,0,0,-0.0159,0.1721,0.789,0.416,0,Warning,1,0.8321,1,0.5247
SME_00403,BR-87357760,TAX-8448491253,Smart LendingTech Traders,Hasan Kabir,Bangladesh,Rangpur,Mithapukur,Sole Proprietorship,Small,6,FinTech,LendingTech,2025,18,8.63,6,0,0,1,99598.23,81505.17,0.171,0.3658,8.59,0.4757,0.8085,0.4015,0.3122,0,18093.06,0.6396,0.6228,0.2509,1,0.1592,0,1,0,0.168,0.6717,0.8085,0.6367,0,Normal,1,0.9449,0,0.4241
SME_00404,BR-14282841,TAX-4193694661,Bright Fashion Digital,Sadia Karim,Bangladesh,Sylhet,Balaganj,Private Limited,Micro,0,Retail,Fashion,2014,146,16.04,7,1,0,1,43564.67,38548.85,0.188,0.3086,3.18,0.7136,0.7715,0.2428,0.3398,0,5015.82,0.7299,0.5514,0.0113,0,0.0817,0,0,0,0.0368,0.6968,0.7715,0.7014,1,Normal,0,0.0261,0,0.4079
SME_00405,BR-77510663,TAX-6957932540,Rapid Fabric Solutions,Hasan Rahman,Bangladesh,Dhaka,Mohammadpur,Sole Proprietorship,Growth,7,Textile,Fabric,2014,153,11.14,3,1,0,1,25121.7,23649.13,0.0644,0.6535,23.57,0.6422,0.6299,0.3259,0.438,0,1472.57,0.4092,0.4275,0.4136,1,0.0868,0,0,0,0.0552,0.1154,0.6299,0.3881,0,Critical,1,0.8576,0,0.4767
SME_00406,BR-31628432,TAX-3786588138,Trust Dyeing Studio,Nafisa Sultana,Bangladesh,Barishal,Bakerganj,Sole Proprietorship,Micro,7,Textile,Dyeing,2024,24,1.55,5,1,1,0,56025.58,54562.09,0.0266,0.7686,26.22,0.5439,0.5199,0.0,0.3497,0,1463.5,0.3014,0.3229,0.371,0,0.266,0,0,1,0.0196,0.0,0.5199,0.2816,0,Critical,0,0.3206,1,0.537
SME_00407,BR-67474352,TAX-1993282426,Vertex Plastic Hub,Tariq Mahmud,Bangladesh,Khulna,Khalishpur,Partnership,Micro,1,Manufacturing,Plastic,2025,22,9.81,6,0,0,1,79013.96,64896.47,0.1558,0.3449,1.88,0.6243,0.5838,0.2866,0.2756,0,14117.49,0.6519,0.5419,0.0966,0,0.1341,0,1,0,0.0927,0.5286,0.5838,0.651,1,Normal,0,0.1826,0,0.4003
SME_00408,BR-33778674,TAX-9795163914,Bright AccountingTech Studio,Shakil Sultana,Bangladesh,Dhaka,Mohammadpur,Private Limited,Micro,6,FinTech,AccountingTech,2017,112,14.63,9,0,1,1,123319.26,84775.48,0.2868,0.0242,0.0,0.8063,0.6685,0.6005,0.3877,1,38543.78,0.8891,0.8355,0.0545,0,0.7487,1,0,0,0.1963,1.0,0.6685,0.9168,1,Normal,0,0.0201,0,0.5431
SME_00409,BR-61243567,TAX-9006898042,Prime Electronics Agro,Anika Mahmud,Bangladesh,Dhaka,Mohammadpur,Sole Proprietorship,Micro,0,Retail,Electronics,2026,10,10.63,5,0,1,0,18495.45,15570.53,0.17,0.3247,9.09,0.6043,0.6421,0.0751,0.3791,0,2924.92,0.6385,0.4377,0.2267,0,0.1574,0,1,0,-0.0229,0.4458,0.6421,0.6662,1,Normal,0,0.1192,0,0.472
SME_00410,BR-19001940,TAX-7176504723,Trust Garments Textiles,Adnan Kabir,Bangladesh,Sylhet,Zindabazar,Sole Proprietorship,Micro,7,Textile,Garments,2015,135,14.19,7,0,0,1,43659.67,37796.96,0.1753,0.0545,0.0,0.7532,0.714,0.3596,0.3056,1,5862.72,0.7882,0.7155,0.0185,0,0.1719,0,0,0,0.0942,0.7193,0.714,0.7784,1,Normal,0,0.0093,0,0.468
SME_00411,BR-20039657,TAX-8737564112,Prime Delivery Partners,Adnan Jahan,Bangladesh,Dhaka,Uttara,Sole Proprietorship,Medium,4,Logistics,Delivery,2013,165,12.11,4,0,0,0,25613.08,19916.63,0.1882,0.3196,7.98,0.4397,0.7102,0.5111,0.3461,0,5696.45,0.643,0.4828,0.3354,1,0.1493,0,1,0,0.0546,0.7106,0.7102,0.5983,0,Warning,1,0.9045,0,0.4521
SME_00412,BR-59864268,TAX-8711439720,Smart Warehousing Partners,Rumana Mahmud,Bangladesh,Chattogram,Halishahar,Private Limited,Small,4,Logistics,Warehousing,2015,136,9.31,10,0,0,1,70800.56,58874.5,0.1748,0.3093,2.98,0.6941,0.6637,0.0,0.2895,0,11926.05,0.6969,0.4692,0.0152,0,0.2457,0,0,0,-0.0191,0.5746,0.6637,0.6736,1,Normal,0,0.0451,1,0.4967
SME_00413,BR-20552102,TAX-6084222476,Rapid HomeGoods Ventures,Muntasir Miah,Bangladesh,Dhaka,Gulshan,Private Limited,Small,0,Retail,HomeGoods,2023,46,11.74,12,0,0,1,29559.77,25241.5,0.1553,0.2857,0.0,0.8577,0.8197,0.5287,0.1644,1,4318.27,0.7585,0.7019,0.0057,0,0.5032,0,0,0,0.0949,0.7575,0.8197,0.7823,1,Normal,0,0.0026,1,0.4968
SME_00414,BR-01973355,TAX-5571223329,Vertex Garments Solutions,Sadia Akter,Bangladesh,Chattogram,Halishahar,Sole Proprietorship,Growth,7,Textile,Garments,2023,39,11.01,11,0,0,1,49398.07,43923.38,0.1287,0.5363,9.0,0.7362,0.7853,0.3659,0.3369,1,5474.69,0.6075,0.65,0.0263,0,0.0414,0,0,0,0.0427,0.482,0.7853,0.6121,1,Normal,0,0.007,0,0.4183
SME_00415,BR-70028939,TAX-1644276123,Golden HomeGoods Ventures,Mashrur Akter,Bangladesh,Chattogram,Kotwali,Sole Proprietorship,Small,0,Retail,HomeGoods,2016,124,9.89,9,0,1,0,48443.35,38356.85,0.1228,0.2525,3.63,0.7237,0.7541,0.3812,0.4835,0,10086.5,0.6844,0.5669,0.0192,0,0.2047,0,0,0,0.0991,0.4147,0.7541,0.6773,1,Normal,0,0.0334,0,0.4387
SME_00416,BR-26195241,TAX-6023527794,Smart Packaging Solutions,Samira Hossain,Bangladesh,Khulna,Sonadanga,Private Limited,Medium,1,Manufacturing,Packaging,2025,16,12.97,4,0,0,1,17880.74,13251.81,0.2126,0.3364,0.33,0.6522,0.8567,0.3769,0.311,1,4628.93,0.7631,0.7399,0.0106,0,0.1897,0,0,0,0.0938,0.9218,0.8567,0.7546,1,Normal,0,0.0305,0,0.4349
SME_00417,BR-02989885,TAX-6131833841,Vertex Electronics Traders,Anika Kabir,Bangladesh,Dhaka,Dhanmondi,Sole Proprietorship,Small,0,Retail,Electronics,2018,99,7.77,6,0,0,0,19809.67,17132.38,0.0669,0.8363,21.95,0.5755,0.5579,0.3215,0.4127,0,2677.3,0.3543,0.4237,0.481,1,0.2096,1,0,0,0.0853,0.18,0.5579,0.3393,0,Critical,1,0.7193,1,0.5015
SME_00418,BR-69577944,TAX-5180933227,Future SMEFinance Digital,Muntasir Karim,Bangladesh,Dhaka,Uttara,Private Limited,Micro,6,FinTech,SMEFinance,2019,84,8.47,7,0,0,1,65669.84,47250.91,0.2821,0.0,0.0,0.8571,0.6761,0.3977,0.2212,1,18418.93,0.9011,0.8057,0.0209,0,0.1611,0,0,0,0.1074,1.0,0.6761,0.877,1,Normal,0,0.0041,1,0.5012
SME_00419,BR-50106962,TAX-7634998875,Secure Packaging Works,Tanvir Miah,Bangladesh,Rajshahi,Motihar,Partnership,Small,1,Manufacturing,Packaging,2015,135,19.05,7,0,0,0,62397.68,45722.69,0.2222,0.1573,1.97,0.7466,0.8044,0.5555,0.3643,0,16674.99,0.8097,0.6466,0.014,0,0.6228,1,0,1,0.1458,0.8118,0.8044,0.8511,1,Normal,0,0.0075,0,0.4589
SME_00420,BR-39508206,TAX-2263030557,Green Accessories Solutions,Tariq Sarkar,Bangladesh,Chattogram,Halishahar,Cooperative,Growth,7,Textile,Accessories,2023,41,12.84,9,0,1,0,43105.34,36302.14,0.133,0.5073,7.68,0.6718,0.6201,0.13,0.255,0,6803.2,0.5828,0.5063,0.2662,1,0.1757,0,1,0,0.0811,0.6005,0.6201,0.6172,0,Normal,1,0.669,0,0.423
SME_00421,BR-80943829,TAX-8905227662,Alpha Warehousing Foods,Hasan Sultana,Bangladesh,Sylhet,Beanibazar,Sole Proprietorship,Small,4,Logistics,Warehousing,2015,138,11.17,21,0,0,1,96371.94,75224.46,0.1597,0.422,1.46,0.7578,0.6395,0.2194,0.4371,1,21147.47,0.6743,0.6071,0.1128,0,0.2652,1,0,0,0.0293,0.8162,0.6395,0.6579,1,Normal,0,0.0549,0,0.4428
SME_00422,BR-69417822,TAX-6406501809,Prime Electronics Hub,Hasan Islam,Bangladesh,Dhaka,Gulshan,Private Limited,Micro,0,Retail,Electronics,2016,127,13.38,15,0,0,0,41042.44,34512.78,0.1389,0.4294,13.97,0.7949,0.6994,0.2052,0.279,0,6529.66,0.6094,0.5415,0.0785,0,0.0785,0,0,0,0.0579,0.3935,0.6994,0.5743,1,Warning,0,0.0402,0,0.4133
SME_00423,BR-26119666,TAX-5025545736,Fresh Fashion Care,Amin Ahmed,Bangladesh,Dhaka,Mohammadpur,Sole Proprietorship,Small,0,Retail,Fashion,2023,47,10.19,5,0,1,0,16869.47,12729.45,0.1892,0.1194,2.73,0.6687,0.7953,0.3064,0.2947,1,4140.03,0.771,0.7384,0.0129,0,0.2904,1,0,0,0.1196,0.7367,0.7953,0.7744,1,Normal,0,0.0954,0,0.4258
SME_00424,BR-75046498,TAX-1101524558,Secure Fashion Partners,Imran Islam,Bangladesh,Dhaka,Dhanmondi,Cooperative,Medium,0,Retail,Fashion,2021,68,0.0,14,0,1,1,40591.05,41167.84,0.0237,1.0,24.01,0.6989,0.522,0.1646,0.3041,0,-576.79,0.2876,0.3146,0.5655,1,0.384,0,0,1,0.0206,0.0,0.522,0.2847,0,Critical,1,0.7957,1,0.5894
SME_00425,BR-84992250,TAX-1871864076,Fresh SupplyChain Ventures,Arif Miah,Bangladesh,Khulna,Sonadanga,Cooperative,Medium,4,Logistics,SupplyChain,2025,17,4.94,13,0,0,0,58964.41,56111.87,0.0723,0.7642,22.76,0.5838,0.6162,0.1169,0.4669,0,2852.54,0.3826,0.3559,0.3333,0,0.2185,0,0,0,-0.0032,0.3631,0.6162,0.3952,0,Critical,0,0.2487,1,0.5187
SME_00426,BR-74553619,TAX-4155928225,Golden AccountingTech Mart,Rahim Jahan,Bangladesh,Chattogram,Halishahar,Private Limited,Small,6,FinTech,AccountingTech,2019,84,10.6,6,0,0,0,63991.42,50516.63,0.2181,0.2087,0.0,0.6327,0.6733,0.2416,0.3029,1,13474.78,0.7609,0.6784,0.1918,0,0.0799,1,1,0,0.0657,0.8566,0.6733,0.778,1,Normal,0,0.1733,0,0.4284
SME_00427,BR-64602536,TAX-3499439410,Vertex Plastic Textiles,Rumana Jahan,Bangladesh,Mymensingh,Kotwali,Partnership,Growth,1,Manufacturing,Plastic,2022,51,8.27,15,0,0,1,81937.42,69272.42,0.1395,0.518,10.4,0.5693,0.6611,0.3506,0.3385,0,12664.99,0.5609,0.4811,0.3912,0,0.037,0,1,0,0.0627,0.4551,0.6611,0.5375,1,Warning,0,0.321,0,0.4121
SME_00428,BR-25246342,TAX-4394651772,Blue SMEFinance Studio,Rumana Hossain,Bangladesh,Chattogram,Halishahar,Sole Proprietorship,Medium,6,FinTech,SMEFinance,2024,25,9.82,8,1,0,1,86172.4,56917.17,0.2376,0.1951,0.3,0.692,0.7919,0.3687,0.1574,1,29255.23,0.8107,0.789,0.0366,0,0.3302,1,0,0,0.1422,0.8458,0.7919,0.8363,1,Normal,0,0.032,1,0.5059
SME_00429,BR-73821152,TAX-5351365117,Future Fashion Agro,Karim Mahmud,Bangladesh,Khulna,Daulatpur,Private Limited,Medium,0,Retail,Fashion,2018,103,15.95,4,0,0,1,31355.57,26171.14,0.1424,0.5421,23.74,0.5282,0.6964,0.5874,0.3596,1,5184.43,0.4893,0.644,0.3053,0,0.5369,1,0,0,0.1391,0.4149,0.6964,0.4822,0,Warning,0,0.2826,1,0.5281
SME_00430,BR-02243191,TAX-7861996772,Golden AccountingTech Digital,Rahim Hossain,Bangladesh,Rajshahi,Boalia,Private Limited,Micro,6,FinTech,AccountingTech,2018,104,10.18,12,0,0,1,81954.06,60662.97,0.2217,0.008,0.0,0.6177,0.5473,0.2816,0.356,0,21291.09,0.7827,0.5804,0.0281,0,0.1301,0,0,0,0.0904,0.8596,0.5473,0.7949,1,Normal,0,0.0914,1,0.4931
SME_00431,BR-81498577,TAX-9483133744,Urban Garments Foods,Farhana Islam,Bangladesh,Dhaka,Uttara,Sole Proprietorship,Micro,7,Textile,Garments,2025,20,4.44,10,1,1,0,29698.61,28157.23,0.0643,0.68,18.86,0.5535,0.5054,0.0,0.3686,0,1541.38,0.3888,0.3343,0.3725,0,0.1574,0,0,0,-0.0509,0.057,0.5054,0.3836,0,Critical,1,0.7636,1,0.5024
SME_00432,BR-35536084,TAX-3474938970,Alpha SMEFinance Mart,Mashrur Chowdhury,Bangladesh,Khulna,Khalishpur,Partnership,Growth,6,FinTech,SMEFinance,2023,38,10.57,8,1,0,0,112888.5,85189.35,0.2764,0.0,0.0,0.6921,0.7416,0.404,0.2404,0,27699.15,0.8784,0.6623,0.0195,0,0.4386,1,0,0,0.1291,0.8825,0.7416,0.8968,1,Normal,0,0.0508,0,0.4866
SME_00433,BR-64335920,TAX-7272337351,Bright Diagnostics Textiles,Rahim Rahman,Bangladesh,Chattogram,Halishahar,Partnership,Small,5,Healthcare,Diagnostics,2025,20,7.36,9,0,1,0,81266.45,68466.46,0.1737,0.3312,6.31,0.7759,0.548,0.2197,0.2402,0,12799.99,0.6682,0.5459,0.2004,0,0.1263,1,1,0,0.0788,0.5984,0.548,0.621,1,Normal,0,0.1205,0,0.4079
SME_00434,BR-18915617,TAX-2581234749,Prime SMEFinance Digital,Nusrat Miah,Bangladesh,Chattogram,Halishahar,Private Limited,Small,6,FinTech,SMEFinance,2016,124,11.51,6,0,1,1,56304.49,45384.94,0.2571,0.1722,0.0,0.7188,0.7186,0.57,0.4656,0,10919.55,0.8251,0.7017,0.0143,0,0.7232,1,0,0,0.203,0.9078,0.7186,0.8399,1,Normal,0,0.1384,0,0.4572
SME_00435,BR-36478326,TAX-0669426316,Golden Grocery Logistics,Rumana Karim,Bangladesh,Dhaka,Mirpur,Private Limited,Small,0,Retail,Grocery,2021,64,8.97,13,1,0,1,47901.19,41060.04,0.1144,0.3607,8.03,0.5031,0.7125,0.1565,0.528,0,6841.15,0.584,0.3957,0.4132,0,0.4728,1,1,1,0.0433,0.4467,0.7125,0.5674,1,Warning,1,0.7212,1,0.494
SME_00436,BR-11836580,TAX-2391173741,Blue Packaging Mart,Mashrur Chowdhury,Bangladesh,Mymensingh,Trishal,Private Limited,Micro,1,Manufacturing,Packaging,2025,18,17.57,9,0,0,0,88205.58,65199.87,0.2303,0.0,0.0,0.8268,0.8555,0.6455,0.3976,1,23005.71,0.8848,0.7805,0.0073,0,0.7405,1,0,0,0.1471,0.9872,0.8555,0.8863,1,Normal,0,0.0028,1,0.511
SME_00437,BR-12322624,TAX-1210257252,Fresh HomeGoods Mart,Mashrur Hossain,Bangladesh,Rangpur,Mithapukur,Private Limited,Medium,0,Retail,HomeGoods,2023,39,0.34,10,0,0,0,66439.6,69471.58,0.0063,0.8247,31.92,0.5317,0.5274,0.0,0.4719,0,-3031.98,0.2423,0.2237,0.5576,1,0.7257,1,0,0,-0.0195,0.0,0.5274,0.2672,0,Critical,1,0.8342,1,0.6407
SME_00438,BR-83594107,TAX-0707738948,Prime Beverage Ventures,Anika Rahman,Bangladesh,Dhaka,Dhanmondi,Sole Proprietorship,Micro,3,Food,Beverage,2012,175,12.28,11,0,0,0,71907.88,65346.01,0.0996,0.579,15.54,0.7298,0.8301,0.5227,0.5236,1,6561.88,0.5475,0.6202,0.0702,0,0.4238,1,0,0,0.0659,0.2893,0.8301,0.5314,0,Warning,0,0.0029,1,0.5004
SME_00439,BR-69701108,TAX-1443672701,Prime Diagnostics Solutions,Rahim Ahmed,Bangladesh,Rajshahi,Rajpara,Partnership,Medium,5,Healthcare,Diagnostics,2022,50,9.65,5,1,0,0,71395.3,58973.29,0.1616,0.4758,5.57,0.7259,0.5488,0.058,0.4629,0,12422.01,0.6212,0.4696,0.2386,0,0.2223,0,1,0,0.035,0.5997,0.5488,0.602,1,Normal,0,0.3026,1,0.5122
SME_00440,BR-50370216,TAX-4340595040,Urban SupplyChain Agro,Sadia Mahmud,Bangladesh,Mymensingh,Kotwali,Sole Proprietorship,Small,4,Logistics,SupplyChain,2016,125,9.04,5,0,0,0,30549.06,28888.45,0.1467,0.6092,11.46,0.6476,0.5281,0.1441,0.2794,0,1660.61,0.5317,0.4253,0.5787,0,0.13,0,0,0,0.0385,0.4025,0.5281,0.5243,0,Warning,0,0.249,0,0.4395
SME_00441,BR-83226180,TAX-5774567597,Smart Accessories Enterprises,Nafisa Miah,Bangladesh,Chattogram,Panchlaish,Private Limited,Micro,7,Textile,Accessories,2019,87,14.5,3,0,0,1,23861.45,21705.42,0.1192,0.5173,12.73,0.6975,0.6167,0.1764,0.2718,0,2156.03,0.5475,0.4628,0.1641,0,0.0627,0,0,0,0.0265,0.4013,0.6167,0.5388,0,Warning,0,0.2656,0,0.4275
SME_00442,BR-68349524,TAX-5780969774,Rapid Grocery Mart,Mashrur Kabir,Bangladesh,Mymensingh,Trishal,Partnership,Micro,0,Retail,Grocery,2023,37,12.49,13,0,0,0,36423.92,30664.15,0.1486,0.481,4.81,0.7486,0.8521,0.1604,0.4039,0,5759.77,0.6717,0.5684,0.0114,0,0.1177,0,0,0,0.0628,0.7185,0.8521,0.6507,1,Normal,0,0.0065,0,0.4358
SME_00443,BR-96156655,TAX-2487606356,Ever Diagnostics Ventures,Sadia Rahman,Bangladesh,Rajshahi,Boalia,Partnership,Medium,5,Healthcare,Diagnostics,2022,59,9.78,4,0,0,0,47977.12,38481.36,0.1636,0.5079,7.95,0.6432,0.6929,0.5659,0.3378,0,9495.76,0.6148,0.5984,0.0329,0,0.2581,0,0,1,0.1298,0.4706,0.6929,0.6169,1,Normal,0,0.3451,0,0.4859
SME_00444,BR-63358432,TAX-8405080242,Trust MetalWorks Traders,Shakil Jahan,Bangladesh,Rangpur,Mithapukur,Sole Proprietorship,Micro,1,Manufacturing,MetalWorks,2026,8,7.18,10,0,0,0,103753.39,92660.75,0.1732,0.4369,11.77,0.5403,0.6063,0.2826,0.257,0,11092.63,0.5849,0.5259,0.1157,0,0.101,0,0,0,0.0761,0.4559,0.6063,0.5881,1,Warning,0,0.2898,0,0.4059
SME_00445,BR-30883409,TAX-2634675388,Vertex Packaging Hub,Sadia Rahman,Bangladesh,Rangpur,Sadar,Sole Proprietorship,Micro,1,Manufacturing,Packaging,2015,135,12.05,11,1,0,0,93688.9,78662.21,0.1707,0.3201,4.21,0.8537,0.7373,0.4371,0.2409,1,15026.69,0.7269,0.77,0.0128,0,0.0831,0,0,0,0.1211,0.5412,0.7373,0.7362,1,Normal,0,0.0073,0,0.4335
SME_00446,BR-94042203,TAX-1721068759,Fresh Diagnostics Ventures,Rumana Sarkar,Bangladesh,Dhaka,Uttara,Private Limited,Medium,5,Healthcare,Diagnostics,2021,64,9.71,13,0,0,0,66364.87,51952.86,0.2184,0.1339,0.0,0.7451,0.851,0.7148,0.3281,1,14412.02,0.8298,0.8084,0.0119,0,0.5013,1,0,1,0.1694,0.6819,0.851,0.8134,1,Normal,0,0.0344,1,0.5284
SME_00447,BR-45317332,TAX-3322342923,Rapid Dyeing Logistics,Mehjabin Hasan,Bangladesh,Chattogram,Panchlaish,Sole Proprietorship,Small,7,Textile,Dyeing,2019,92,10.75,4,1,1,0,21753.65,20473.44,0.0927,0.5047,21.35,0.4952,0.5108,0.0,0.1415,0,1280.21,0.4289,0.3592,0.1994,1,0.498,1,0,0,0.0297,0.2601,0.5108,0.41,0,Warning,1,0.8424,0,0.4859
SME_00448,BR-42798627,TAX-1848347734,Urban SupplyChain Care,Sadia Miah,Bangladesh,Khulna,Khalishpur,Sole Proprietorship,Small,4,Logistics,SupplyChain,2024,32,8.31,9,1,1,1,111877.93,102906.06,0.1242,0.3736,12.46,0.6741,0.6974,0.6104,0.2689,1,8971.87,0.5949,0.7316,0.2614,1,0.4174,0,1,0,0.1938,0.35,0.6974,0.5925,0,Warning,1,0.8134,1,0.502
SME_00449,BR-84812662,TAX-3238019717,Nova Fashion Agro,Rumana Mahmud,Bangladesh,Dhaka,Dhanmondi,Private Limited,Micro,0,Retail,Fashion,2014,149,13.98,25,0,0,0,84965.88,71360.29,0.1876,0.311,0.0,0.9267,0.806,0.4311,0.2772,1,13605.6,0.7898,0.7596,0.0059,0,0.1922,0,0,0,0.0937,0.639,0.806,0.7849,1,Normal,0,0.0074,0,0.4301
SME_00450,BR-61005112,TAX-1467319732,Golden FleetServices Textiles,Rahim Chowdhury,Bangladesh,Chattogram,Pahartali,Partnership,Medium,4,Logistics,FleetServices,2023,44,12.48,25,0,0,0,103109.86,90222.81,0.1692,0.3753,6.36,0.6892,0.8017,0.5583,0.2599,0,12887.05,0.6845,0.6372,0.0164,0,0.4702,1,0,1,0.1607,0.5197,0.8017,0.68,1,Normal,0,0.0135,0,0.4607
SME_00451,BR-77214337,TAX-1408483984,Smart Electronics Textiles,Karim Karim,Bangladesh,Rangpur,Mithapukur,Partnership,Small,0,Retail,Electronics,2018,104,6.55,16,0,0,1,48567.82,42886.64,0.1395,0.3509,3.3,0.8738,0.8789,0.5341,0.3973,1,5681.18,0.7278,0.7406,0.0069,0,0.5733,0,0,1,0.136,0.6505,0.8789,0.7137,1,Normal,0,0.0096,0,0.4476
SME_00452,BR-94738907,TAX-8390634926,Urban Dyeing Care,Arif Rahman,Bangladesh,Dhaka,Mohammadpur,Partnership,Micro,7,Textile,Dyeing,2013,157,9.03,11,1,0,0,72738.2,69194.51,0.0765,0.744,24.9,0.4516,0.5402,0.0,0.3316,0,3543.69,0.3421,0.31,0.4161,0,0.322,1,0,0,-0.0553,0.2486,0.5402,0.3487,0,Critical,0,0.2522,1,0.4953
SME_00453,BR-04188817,TAX-3125116708,Future Pharmacy Solutions,Ritu Karim,Bangladesh,Khulna,Daulatpur,Private Limited,Small,5,Healthcare,Pharmacy,2016,130,5.34,5,0,0,0,41030.3,31754.84,0.1895,0.3263,4.38,0.4361,0.5683,0.2392,0.3966,0,9275.46,0.6347,0.5082,0.0726,0,0.2325,0,0,0,0.0779,0.5108,0.5683,0.6159,1,Normal,1,0.6629,0,0.4359
SME_00454,BR-27470475,TAX-8634119978,Future MetalWorks Logistics,Mashrur Karim,Bangladesh,Barishal,Bakerganj,Partnership,Micro,1,Manufacturing,MetalWorks,2017,110,15.13,14,0,0,0,98907.17,86694.69,0.214,0.1612,0.0,0.7231,0.6492,0.4013,0.3772,0,12212.48,0.7799,0.5918,0.0101,0,0.2918,0,0,0,0.0916,0.6652,0.6492,0.7775,1,Normal,1,0.6605,0,0.4308
SME_00455,BR-94633609,TAX-1811436923,Blue Fashion Digital,Karim Islam,Bangladesh,Chattogram,Kotwali,Private Limited,Small,0,Retail,Fashion,2013,160,14.33,8,1,1,1,31134.96,25134.75,0.131,0.4338,7.99,0.7754,0.7792,0.4982,0.3558,1,6000.2,0.643,0.7311,0.028,0,0.0943,0,0,0,0.1155,0.6077,0.7792,0.6369,1,Normal,0,0.0068,0,0.4395
SME_00456,BR-52618821,TAX-7380890355,Nova Plastic Partners,Farhana Hasan,Bangladesh,Khulna,Sonadanga,Cooperative,Micro,1,Manufacturing,Plastic,2023,36,11.22,13,0,0,1,66842.7,53525.34,0.2147,0.2577,0.0,0.7077,0.822,0.3646,0.3674,1,13317.36,0.7876,0.7859,0.0261,0,0.1441,0,0,0,0.1283,0.7709,0.822,0.7869,1,Normal,0,0.007,0,0.4151
SME_00457,BR-63121700,TAX-1080914985,Urban Fabric Hub,Anika Akter,Bangladesh,Rangpur,Sadar,Private Limited,Micro,7,Textile,Fabric,2012,173,8.05,6,1,0,0,41162.18,34256.75,0.1009,0.4238,18.3,0.7138,0.7151,0.0271,0.313,1,6905.44,0.5452,0.5526,0.1243,0,0.2716,0,0,0,0.0105,0.3864,0.7151,0.5689,0,Warning,0,0.0297,0,0.457
SME_00458,BR-74530106,TAX-1663491636,Fresh Restaurant Hub,Shila Sarkar,Bangladesh,Khulna,Sonadanga,Partnership,Small,3,Food,Restaurant,2018,102,18.54,8,0,1,1,16844.44,13311.78,0.2048,0.2555,2.2,0.7631,0.8314,0.8276,0.366,1,3532.66,0.7803,0.8026,0.0102,0,0.6666,1,0,0,0.1862,0.7841,0.8314,0.754,1,Normal,0,0.0054,1,0.598
SME_00459,BR-99606771,TAX-7478121920,Blue SMEFinance Care,Shila Sultana,Bangladesh,Dhaka,Gulshan,Private Limited,Medium,6,FinTech,SMEFinance,2020,77,8.13,10,0,0,1,78491.85,60172.03,0.2048,0.2726,0.0,0.6028,0.6949,0.0872,0.1739,0,18319.82,0.7343,0.4801,0.2344,0,0.4577,0,1,0,0.0415,0.7978,0.6949,0.6865,1,Normal,0,0.073,0,0.4681
SME_00460,BR-29778416,TAX-0481216396,Fresh Warehousing Enterprises,Anika Karim,Bangladesh,Dhaka,Dhanmondi,Partnership,Micro,4,Logistics,Warehousing,2022,50,10.34,10,0,0,0,44103.11,40668.61,0.0847,0.5591,18.49,0.6639,0.7562,0.2509,0.3788,0,3434.5,0.4993,0.5103,0.0677,0,0.0963,0,0,0,0.0709,0.3489,0.7562,0.4874,0,Warning,0,0.0128,0,0.4331
SME_00461,BR-31844261,TAX-5587146590,Secure Warehousing Mart,Hasan Hasan,Bangladesh,Rangpur,Sadar,Partnership,Micro,4,Logistics,Warehousing,2015,135,15.92,12,0,1,0,78655.11,69720.6,0.1307,0.4884,17.14,0.6562,0.7218,0.699,0.3093,0,8934.5,0.5524,0.6212,0.0876,0,0.3867,0,0,1,0.1799,0.3977,0.7218,0.5294,1,Warning,0,0.1834,0,0.564
SME_00462,BR-13728950,TAX-9301110713,Nova Fashion Textiles,Shakil Sultana,Bangladesh,Dhaka,Mohammadpur,Partnership,Growth,0,Retail,Fashion,2012,175,9.89,6,0,0,0,35512.15,27790.75,0.1696,0.2039,3.83,0.5888,0.635,0.2296,0.3261,0,7721.4,0.6873,0.5104,0.1018,0,0.1106,0,1,0,0.0536,0.6639,0.635,0.6271,1,Normal,0,0.1742,0,0.4272
SME_00463,BR-12230631,TAX-5436854265,Fresh Accessories Textiles,Mashrur Miah,Bangladesh,Khulna,Sonadanga,Sole Proprietorship,Growth,7,Textile,Accessories,2016,126,10.01,4,1,0,0,62186.69,56816.24,0.0849,0.6319,25.82,0.5511,0.5417,0.0,0.2893,0,5370.44,0.3873,0.3727,0.3979,1,0.1848,0,0,0,0.0245,0.2773,0.5417,0.4222,0,Warning,0,0.228,0,0.4684
SME_00464,BR-08727653,TAX-1279382845,Golden Packaging Care,Rahim Hasan,Bangladesh,Dhaka,Mirpur,Sole Proprietorship,Medium,1,Manufacturing,Packaging,2026,11,9.08,24,0,0,0,102161.27,88517.39,0.2032,0.0866,10.11,0.6618,0.8915,0.3163,0.1899,1,13643.88,0.7686,0.754,0.0119,0,0.2475,0,0,1,0.1117,0.6348,0.8915,0.7798,1,Normal,0,0.0206,0,0.4439
SME_00465,BR-54563615,TAX-6635036912,Smart FleetServices Agro,Karim Sarkar,Bangladesh,Chattogram,Pahartali,Partnership,Micro,4,Logistics,FleetServices,2019,87,22.33,40,0,1,1,137384.66,97895.08,0.2218,0.2871,0.0,0.9568,0.8648,0.614,0.3257,0,39489.58,0.8396,0.6678,0.0065,0,0.7861,1,0,0,0.1437,0.9837,0.8648,0.8529,1,Normal,0,0.0105,0,0.4744
SME_00466,BR-08182405,TAX-4152834908,Secure HealthServices Solutions,Arif Hasan,Bangladesh,Rangpur,Gangachara,Sole Proprietorship,Small,5,Healthcare,HealthServices,2015,133,13.64,12,1,0,1,114334.98,87240.61,0.1943,0.2886,1.22,0.8437,0.6891,0.103,0.3039,0,27094.38,0.7581,0.578,0.0095,0,0.2784,0,0,1,0.0673,0.6527,0.6891,0.7524,1,Normal,0,0.0034,0,0.4611
SME_00467,BR-86572360,TAX-5399182073,Vertex SupplyChain Studio,Nusrat Karim,Bangladesh,Khulna,Khalishpur,Partnership,Micro,4,Logistics,SupplyChain,2020,75,16.93,4,0,0,1,51448.58,41901.9,0.2286,0.0797,0.0,0.837,0.7877,0.386,0.3147,1,9546.68,0.8554,0.7858,0.0132,0,0.2809,0,0,0,0.1183,0.9325,0.7877,0.8638,1,Normal,0,0.0082,0,0.4486
SME_00468,BR-92480805,TAX-6185832953,Vertex Garments Hub,Hasan Hasan,Bangladesh,Rangpur,Gangachara,Private Limited,Micro,7,Textile,Garments,2015,140,17.49,6,0,0,0,56974.58,47041.73,0.1782,0.3811,0.0,0.8521,0.8656,0.5687,0.3106,1,9932.85,0.7639,0.8043,0.0062,0,0.3878,0,0,1,0.1604,0.8726,0.8656,0.7554,1,Normal,0,0.0114,0,0.4531
SME_00469,BR-94378200,TAX-1166871968,Urban Electronics Partners,Shakil Akter,Bangladesh,Dhaka,Mirpur,Cooperative,Small,0,Retail,Electronics,2016,129,13.77,12,1,0,1,52648.58,43390.89,0.1834,0.2511,9.26,0.6083,0.7078,0.3059,0.2964,0,9257.68,0.6775,0.5751,0.1373,0,0.0616,0,1,0,0.0924,0.588,0.7078,0.6938,1,Normal,0,0.1958,0,0.4043
SME_00470,BR-39907515,TAX-2992998419,Smart Beverage Textiles,Hasan Mahmud,Bangladesh,Khulna,Khalishpur,Sole Proprietorship,Small,3,Food,Beverage,2025,17,4.61,20,0,0,1,75154.51,73677.03,0.0708,0.6213,20.79,0.5686,0.6796,0.158,0.3933,0,1477.48,0.4314,0.3973,0.2636,0,0.1946,0,0,0,0.0246,0.087,0.6796,0.4352,0,Warning,1,0.8135,0,0.4885
SME_00471,BR-26174163,TAX-0253969041,Rapid DairySupport Logistics,Nusrat Akter,Bangladesh,Barishal,Banaripara,Private Limited,Small,2,AgriTech,DairySupport,2018,103,15.67,4,0,0,0,8720.4,7005.59,0.1569,0.2011,7.15,0.8098,0.8463,0.2156,0.2238,0,1714.81,0.7383,0.6206,0.0121,0,0.3787,0,0,1,0.1218,0.7347,0.8463,0.7376,1,Normal,0,0.0073,0,0.4169
SME_00472,BR-46811431,TAX-8789276318,Secure Bakery Agro,Rafi Miah,Bangladesh,Chattogram,Halishahar,Partnership,Small,3,Food,Bakery,2024,35,3.17,8,0,0,0,82922.64,77822.55,0.0355,0.9099,32.47,0.3711,0.6099,0.0,0.2217,0,5100.09,0.2311,0.2482,0.4902,1,0.5905,1,0,0,-0.042,0.1713,0.6099,0.2319,0,Critical,1,0.8212,1,0.5486
SME_00473,BR-94339337,TAX-0928179146,Prime HomeGoods Agro,Mashrur Kabir,Bangladesh,Dhaka,Mirpur,Sole Proprietorship,Small,0,Retail,HomeGoods,2019,90,17.4,10,1,0,1,70564.28,55208.42,0.1855,0.4843,2.32,0.7835,0.9067,0.6231,0.3697,0,15355.86,0.7305,0.6919,0.016,0,0.565,0,0,1,0.1849,0.7101,0.9067,0.7598,1,Normal,0,0.005,0,0.489
SME_00474,BR-47652792,TAX-7013164621,Ever HomeGoods Enterprises,Shila Islam,Bangladesh,Barishal,Bakerganj,Sole Proprietorship,Small,0,Retail,HomeGoods,2020,72,11.2,15,0,0,1,50823.51,40663.84,0.1825,0.182,0.0,0.7274,0.7393,0.1856,0.4005,0,10159.66,0.7661,0.515,0.0073,0,0.2736,0,0,0,0.0258,0.6387,0.7393,0.7694,1,Normal,0,0.1142,0,0.4712
SME_00475,BR-94379559,TAX-7409932938,Blue LightManufacturing Digital,Sadia Chowdhury,Bangladesh,Chattogram,Pahartali,Sole Proprietorship,Medium,1,Manufacturing,LightManufacturing,2014,146,2.27,7,0,0,1,39550.35,36865.42,0.1349,0.396,18.99,0.4525,0.5722,0.0,0.3297,0,2684.93,0.5033,0.3914,0.237,0,0.2128,0,0,0,0.012,0.3474,0.5722,0.4827,0,Warning,1,0.7719,1,0.4906
SME_00476,BR-33280862,TAX-1458677219,Trust MetalWorks Partners,Mashrur Akter,Bangladesh,Khulna,Daulatpur,Sole Proprietorship,Medium,1,Manufacturing,MetalWorks,2013,157,11.87,4,0,0,1,68925.43,52849.87,0.1482,0.4387,9.39,0.7059,0.5494,0.0918,0.2737,0,16075.56,0.5953,0.4649,0.5731,0,0.1542,0,1,0,0.0649,0.5671,0.5494,0.602,1,Normal,0,0.1253,0,0.446
SME_00477,BR-55910313,TAX-6538689468,Green ProcessedFood Digital,Sadia Rahman,Bangladesh,Rangpur,Sadar,Sole Proprietorship,Small,3,Food,ProcessedFood,2019,86,13.48,13,0,0,0,44620.65,36983.25,0.1115,0.5089,11.19,0.7452,0.7052,0.3447,0.2007,0,7637.4,0.5752,0.5601,0.021,0,0.0672,0,0,0,0.0896,0.4913,0.7052,0.585,1,Warning,0,0.0133,0,0.4297
SME_00478,BR-52803977,TAX-2722548901,Smart SupplyChain Care,Imran Chowdhury,Bangladesh,Dhaka,Gulshan,Partnership,Small,4,Logistics,SupplyChain,2018,99,10.35,18,0,0,1,105222.35,83668.04,0.1366,0.4477,6.67,0.5783,0.8201,0.0,0.3762,0,21554.31,0.6232,0.4639,0.1326,0,0.4118,0,1,1,0.0391,0.5357,0.8201,0.6203,1,Normal,0,0.285,1,0.5142
SME_00479,BR-71865953,TAX-8245617758,Secure SupplyChain Hub,Sadia Sarkar,Bangladesh,Chattogram,Kotwali,Partnership,Micro,4,Logistics,SupplyChain,2017,114,14.66,9,0,1,0,44994.65,39614.45,0.1897,0.2979,3.69,0.754,0.6673,0.6316,0.1927,0,5380.2,0.7196,0.6414,0.0156,0,0.5105,1,0,0,0.164,0.6257,0.6673,0.7186,1,Normal,0,0.0707,0,0.5372
SME_00480,BR-75007384,TAX-3593657951,Secure Restaurant Traders,Arif Hossain,Bangladesh,Dhaka,Uttara,Sole Proprietorship,Micro,3,Food,Restaurant,2016,120,8.6,12,0,1,0,146293.66,125899.09,0.1087,0.5621,20.21,0.6389,0.7342,0.5525,0.4133,1,20394.57,0.5014,0.6563,0.1193,0,0.6906,1,0,0,0.1462,0.409,0.7342,0.4801,0,Warning,0,0.0589,1,0.5057
SME_00481,BR-88266073,TAX-7369437378,Smart DairySupport Logistics,Sadia Kabir,Bangladesh,Chattogram,Halishahar,Sole Proprietorship,Medium,2,AgriTech,DairySupport,2017,116,6.64,7,0,0,0,18505.76,16672.64,0.0827,0.5638,23.08,0.5709,0.589,0.1867,0.515,0,1833.12,0.4265,0.4002,0.3737,0,0.6366,0,0,0,0.0813,0.1068,0.589,0.4284,0,Warning,0,0.2745,0,0.4785
SME_00482,BR-30515207,TAX-5598676050,Fresh Plastic Partners,Amin Miah,Bangladesh,Dhaka,Uttara,Sole Proprietorship,Micro,1,Manufacturing,Plastic,2015,142,12.45,5,0,0,1,53122.27,39722.44,0.1715,0.4065,9.25,0.658,0.6937,0.1305,0.334,0,13399.84,0.6398,0.5465,0.0304,0,0.2441,0,0,0,0.0747,0.4851,0.6937,0.6155,1,Normal,0,0.0977,0,0.46
SME_00483,BR-34552231,TAX-9098782839,Green FleetServices Works,Farhana Mahmud,Bangladesh,Sylhet,Balaganj,Partnership,Small,4,Logistics,FleetServices,2012,176,13.99,17,1,0,0,46788.81,38209.34,0.1702,0.2328,9.57,0.7454,0.6824,0.143,0.2903,0,8579.47,0.689,0.5615,0.0149,0,0.1536,0,0,0,0.0688,0.7454,0.6824,0.684,1,Normal,0,0.1396,0,0.4336
SME_00484,BR-05030571,TAX-2404927275,Bright DairySupport Hub,Ritu Miah,Bangladesh,Dhaka,Mirpur,Partnership,Small,2,AgriTech,DairySupport,2014,150,11.61,11,0,0,0,43484.64,36401.27,0.2062,0.1715,4.3,0.7999,0.7396,0.6139,0.3662,1,7083.37,0.7794,0.8044,0.0141,0,0.7407,1,0,1,0.2301,0.7236,0.7396,0.766,1,Normal,0,0.0197,0,0.4722
SME_00485,BR-15461672,TAX-3438883678,Nova HomeGoods Traders,Imran Sultana,Bangladesh,Sylhet,Zindabazar,Partnership,Micro,0,Retail,HomeGoods,2024,29,13.88,12,0,0,0,33390.57,29040.82,0.1429,0.282,8.02,0.6948,0.7047,0.196,0.3366,0,4349.75,0.6583,0.5082,0.0152,0,0.0812,0,0,0,0.0329,0.648,0.7047,0.678,1,Normal,0,0.0969,0,0.4174
SME_00486,BR-07390643,TAX-2817634132,Prime Bakery Traders,Adnan Hasan,Bangladesh,Dhaka,Uttara,Sole Proprietorship,Micro,3,Food,Bakery,2019,88,7.53,22,0,1,0,114215.5,97726.17,0.139,0.4276,20.95,0.5038,0.5345,0.2359,0.5126,0,16489.33,0.4922,0.4573,0.1563,1,0.5395,1,0,0,0.0895,0.5884,0.5345,0.5232,0,Warning,0,0.2648,0,0.4387
SME_00487,BR-35039694,TAX-7388793159,Vertex Beverage Mart,Nusrat Sultana,Bangladesh,Chattogram,Halishahar,Sole Proprietorship,Small,3,Food,Beverage,2019,86,12.12,5,0,0,1,28640.41,21272.29,0.179,0.2772,3.21,0.6158,0.4928,0.276,0.2334,0,7368.11,0.6615,0.5103,0.1184,0,0.2172,0,0,0,0.0727,0.6643,0.4928,0.6386,1,Normal,0,0.1832,0,0.4197
SME_00488,BR-10813781,TAX-7575361058,Ever MetalWorks Traders,Imran Karim,Bangladesh,Chattogram,Halishahar,Cooperative,Growth,1,Manufacturing,MetalWorks,2019,94,11.41,6,1,0,0,79568.45,64447.26,0.1736,0.4413,10.26,0.5593,0.7776,0.2523,0.223,0,15121.19,0.6262,0.5228,0.1985,1,0.0836,1,1,0,0.0563,0.793,0.7776,0.6261,0,Normal,1,0.8773,0,0.4221
SME_00489,BR-09988061,TAX-4275391988,Green SupplyChain Enterprises,Karim Hasan,Bangladesh,Sylhet,Balaganj,Sole Proprietorship,Small,4,Logistics,SupplyChain,2018,97,5.01,10,0,1,0,50311.04,48905.31,0.0353,0.7702,24.58,0.6805,0.7038,0.2316,0.3029,0,1405.73,0.3744,0.4336,0.1574,1,0.2251,1,0,0,0.0519,0.1515,0.7038,0.3682,0,Critical,1,0.8507,1,0.5104
SME_00490,BR-40252524,TAX-2509405624,Secure Restaurant Mart,Imran Rahman,Bangladesh,Khulna,Daulatpur,Sole Proprietorship,Small,3,Food,Restaurant,2016,130,7.06,6,0,0,1,37068.88,31868.08,0.0907,0.6403,23.25,0.6166,0.7469,0.0696,0.4644,0,5200.8,0.4521,0.4031,0.1334,0,0.2759,0,0,0,-0.003,0.2504,0.7469,0.4614,0,Warning,0,0.0595,1,0.5144
SME_00491,BR-71605601,TAX-8922620206,Fresh HealthServices Partners,Tariq Miah,Bangladesh,Chattogram,Halishahar,Sole Proprietorship,Micro,5,Healthcare,HealthServices,2020,79,10.68,14,0,0,0,89706.98,75254.59,0.1939,0.2748,2.64,0.769,0.8023,0.5623,0.3156,1,14452.39,0.7605,0.748,0.0135,0,0.4078,0,0,1,0.122,0.474,0.8023,0.7624,1,Normal,0,0.0067,0,0.4497
SME_00492,BR-27606032,TAX-8455485689,Vertex Warehousing Works,Arif Miah,Bangladesh,Barishal,Banaripara,Cooperative,Small,4,Logistics,Warehousing,2022,51,17.62,8,0,0,0,63967.98,54401.98,0.1938,0.1235,2.58,0.7892,0.714,0.5314,0.4313,0,9566.0,0.7818,0.5947,0.0109,0,0.528,1,0,1,0.1101,0.673,0.714,0.7741,1,Normal,0,0.1718,0,0.4535
SME_00493,BR-86808623,TAX-7798239933,Ever Delivery Solutions,Adnan Karim,Bangladesh,Rajshahi,Motihar,Private Limited,Micro,4,Logistics,Delivery,2019,85,13.15,5,0,0,0,49055.51,40956.72,0.1387,0.2422,16.55,0.6922,0.7499,0.5798,0.4106,0,8098.79,0.6278,0.6406,0.0488,0,0.4807,0,0,1,0.19,0.5799,0.7499,0.6297,1,Normal,0,0.0213,0,0.4543
SME_00494,BR-90385154,TAX-9189251975,Trust DairySupport Enterprises,Rafi Jahan,Bangladesh,Dhaka,Mirpur,Private Limited,Small,2,AgriTech,DairySupport,2014,154,6.23,9,1,1,1,52653.16,49649.44,0.0933,0.6045,22.65,0.5454,0.5926,0.3985,0.4507,0,3003.71,0.4246,0.4677,0.4661,1,0.2246,1,0,0,0.1108,0.2561,0.5926,0.4203,0,Warning,1,0.8085,0,0.476
SME_00495,BR-90253313,TAX-4386776594,Green Payments Textiles,Amin Chowdhury,Bangladesh,Barishal,Sadar,Cooperative,Medium,6,FinTech,Payments,2021,60,0.0,10,0,0,0,99486.05,81908.64,0.1712,0.3722,7.99,0.5612,0.6749,0.241,0.4131,1,17577.4,0.6327,0.5932,0.5631,1,0.136,0,0,0,0.0623,0.5257,0.6749,0.6645,0,Normal,1,0.8872,0,0.4185
SME_00496,BR-36295868,TAX-5064491550,Rapid Bakery Hub,Anika Hossain,Bangladesh,Chattogram,Halishahar,Sole Proprietorship,Small,3,Food,Bakery,2026,9,11.23,16,0,0,1,70154.4,60481.88,0.1952,0.2091,0.0,0.726,0.777,0.3721,0.4009,1,9672.51,0.7772,0.7663,0.016,0,0.2263,0,0,1,0.1304,0.6599,0.777,0.7613,1,Normal,0,0.066,0,0.4193
SME_00497,BR-88052186,TAX-3816075977,Nova Beverage Agro,Nusrat Karim,Bangladesh,Dhaka,Dhanmondi,Cooperative,Small,3,Food,Beverage,2012,175,13.45,11,0,0,0,45383.61,43676.42,0.1393,0.3903,11.86,0.6084,0.6324,0.5776,0.3953,0,1707.19,0.5833,0.5214,0.2929,0,0.6653,0,0,1,0.1456,0.4005,0.6324,0.5884,1,Warning,1,0.6776,1,0.4979
SME_00498,BR-03966221,TAX-4799245635,Urban Warehousing Partners,Shakil Ahmed,Bangladesh,Khulna,Khalishpur,Sole Proprietorship,Micro,4,Logistics,Warehousing,2023,40,13.9,12,0,1,0,79900.02,64372.35,0.1397,0.4513,6.02,0.7308,0.6554,0.2997,0.3102,0,15527.67,0.626,0.5411,0.0336,1,0.1075,0,0,0,0.0696,0.6021,0.6554,0.6362,0,Normal,1,0.7292,0,0.4019
SME_00499,BR-99352158,TAX-8915630673,Prime DairySupport Works,Arif Karim,Bangladesh,Dhaka,Mirpur,Private Limited,Micro,2,AgriTech,DairySupport,2017,110,8.14,11,0,0,0,71860.26,66879.44,0.1078,0.5024,17.72,0.5837,0.8373,0.4054,0.3729,1,4980.82,0.5351,0.6427,0.1463,1,0.0926,0,0,0,0.0778,0.3197,0.8373,0.5439,0,Warning,0,0.1334,0,0.4496
SME_00500,BR-83751991,TAX-1965772671,Trust Restaurant Solutions,Amin Jahan,Bangladesh,Dhaka,Uttara,Partnership,Small,3,Food,Restaurant,2014,145,14.23,8,0,0,0,29392.81,25292.03,0.2048,0.3281,5.54,0.6192,0.6382,0.1329,0.2974,1,4100.78,0.6867,0.5888,0.1894,0,0.318,0,1,1,0.0189,0.6463,0.6382,0.6807,1,Normal,0,0.1826,0,0.4336
SME_00501,BR-99359138,TAX-1641095934,Prime Clinic Works,Rumana Islam,Bangladesh,Sylhet,Zindabazar,Partnership,Growth,5,Healthcare,Clinic,2022,53,13.15,6,0,0,1,66474.06,48339.24,0.2243,0.2858,0.17,0.6551,0.5571,0.5363,0.5454,0,18134.82,0.7314,0.5567,0.4073,0,0.3504,0,1,0,0.1156,0.7272,0.5571,0.7588,1,Normal,0,0.3347,0,0.4752
SME_00502,BR-77844498,TAX-6130378414,Golden Dyeing Enterprises,Samira Jahan,Bangladesh,Dhaka,Gulshan,Cooperative,Micro,7,Textile,Dyeing,2021,65,8.38,11,0,1,0,80317.92,69651.0,0.1041,0.4778,19.9,0.6298,0.7607,0.4019,0.3032,1,10666.92,0.5208,0.6811,0.0599,0,0.1165,0,0,0,0.1118,0.3958,0.7607,0.479,0,Warning,0,0.0225,0,0.4397
SME_00503,BR-92711762,TAX-2963750690,Vertex Accessories Hub,Muntasir Hossain,Bangladesh,Mymensingh,Muktagacha,Sole Proprietorship,Small,7,Textile,Accessories,2022,54,8.1,7,1,0,0,70754.71,63511.36,0.0731,0.6566,27.97,0.6484,0.5816,0.0,0.3272,0,7243.35,0.3858,0.3469,0.432,0,0.2662,0,0,0,-0.0189,0.1621,0.5816,0.3639,0,Critical,0,0.2635,0,0.4806
SME_00504,BR-52263645,TAX-3195030958,Secure ProcessedFood Mart,Mashrur Sarkar,Bangladesh,Rangpur,Gangachara,Cooperative,Medium,3,Food,ProcessedFood,2024,32,9.17,25,0,0,0,85076.34,76050.1,0.0995,0.6282,18.03,0.6387,0.6847,0.264,0.2311,0,9026.24,0.4813,0.526,0.0405,0,0.1664,0,0,0,0.0929,0.3965,0.6847,0.4946,0,Warning,0,0.3018,0,0.4389
SME_00505,BR-67384110,TAX-9161238955,Rapid Restaurant Studio,Rahim Sultana,Bangladesh,Rajshahi,Boalia,Partnership,Micro,3,Food,Restaurant,2024,32,11.24,20,1,1,0,67878.26,56787.82,0.1456,0.5019,13.96,0.6268,0.7612,0.3344,0.3564,0,11090.44,0.5799,0.5286,0.0305,0,0.0611,0,0,0,0.0522,0.4817,0.7612,0.5623,1,Warning,0,0.0755,0,0.4154
SME_00506,BR-70247970,TAX-8781180059,Smart SMEFinance Solutions,Mashrur Akter,Bangladesh,Sylhet,Beanibazar,Private Limited,Micro,6,FinTech,SMEFinance,2023,38,9.21,13,0,0,1,107361.6,83458.43,0.2127,0.4391,2.23,0.6659,0.6318,0.1338,0.3118,0,23903.17,0.693,0.5551,0.1251,0,0.1578,0,0,0,0.067,0.6749,0.6318,0.6742,1,Normal,0,0.0747,0,0.4562
SME_00507,BR-99843424,TAX-9832315946,Trust ColdStorage Studio,Ritu Rahman,Bangladesh,Sylhet,Balaganj,Cooperative,Small,2,AgriTech,ColdStorage,2019,85,14.73,11,0,0,0,30105.17,26333.72,0.1672,0.3413,2.18,0.8547,0.7556,0.4643,0.4082,1,3771.45,0.733,0.7649,0.0126,0,0.3182,1,0,1,0.1375,0.7832,0.7556,0.7237,1,Normal,0,0.0076,0,0.4233
SME_00508,BR-07336755,TAX-9999534153,Future LendingTech Mart,Sadia Akter,Bangladesh,Rangpur,Sadar,Sole Proprietorship,Medium,6,FinTech,LendingTech,2018,98,9.42,9,1,0,1,76465.46,49933.06,0.2522,0.2133,0.0,0.5361,0.7339,0.7966,0.3847,0,26532.4,0.7818,0.6121,0.3225,0,0.6797,1,1,0,0.1683,0.9694,0.7339,0.7661,1,Normal,1,0.9043,1,0.6063
SME_00509,BR-87548095,TAX-3281439989,Smart Beverage Traders,Anika Chowdhury,Bangladesh,Chattogram,Panchlaish,Cooperative,Small,3,Food,Beverage,2026,8,2.95,4,0,0,0,14828.33,13331.9,0.0522,0.6503,22.14,0.5273,0.6,0.0,0.4667,0,1496.43,0.381,0.3166,0.281,0,0.4373,1,0,0,-0.0551,0.0638,0.6,0.3937,0,Critical,0,0.2247,1,0.546
SME_00510,BR-37556023,TAX-7805635553,Secure Grocery Traders,Shakil Hossain,Bangladesh,Dhaka,Mirpur,Private Limited,Medium,0,Retail,Grocery,2014,153,21.01,8,0,0,1,68188.11,52720.1,0.2603,0.0154,0.0,0.7644,0.7759,0.4269,0.4011,0,15468.01,0.8808,0.7003,0.0098,0,0.4125,1,0,1,0.1553,1.0,0.7759,0.8989,1,Normal,0,0.0039,0,0.4837
SME_00511,BR-38446051,TAX-5234194400,Secure HomeGoods Ventures,Nusrat Sultana,Bangladesh,Khulna,Daulatpur,Private Limited,Medium,0,Retail,HomeGoods,2016,123,9.68,10,0,0,0,50520.41,46673.35,0.1038,0.3771,8.75,0.5683,0.6354,0.148,0.3242,0,3847.06,0.5658,0.4793,0.2461,1,0.1097,0,1,0,0.077,0.1725,0.6354,0.5676,0,Warning,1,0.8717,0,0.4469
SME_00512,BR-84717961,TAX-1563977650,Trust LendingTech Hub,Samira Chowdhury,Bangladesh,Khulna,Sonadanga,Sole Proprietorship,Medium,6,FinTech,LendingTech,2025,18,6.33,10,0,0,1,56417.17,43367.05,0.1784,0.3468,6.67,0.7888,0.6585,0.1301,0.2059,0,13050.12,0.689,0.5756,0.021,0,0.403,0,0,1,0.0973,0.7632,0.6585,0.7101,1,Normal,0,0.0283,0,0.4617
SME_00513,BR-44157242,TAX-9359567503,Rapid Fashion Mart,Mehjabin Jahan,Bangladesh,Dhaka,Uttara,Partnership,Growth,0,Retail,Fashion,2014,152,12.8,12,1,0,1,54723.06,47419.81,0.1614,0.4585,12.46,0.741,0.6655,0.3433,0.257,0,7303.25,0.6135,0.5861,0.1297,0,0.0688,0,0,0,0.1013,0.6457,0.6655,0.5858,1,Warning,0,0.1276,0,0.4201
SME_00514,BR-69771143,TAX-1908875136,Urban Packaging Logistics,Amin Sultana,Bangladesh,Rajshahi,Boalia,Private Limited,Medium,1,Manufacturing,Packaging,2026,11,8.64,16,0,0,0,110835.58,101516.03,0.1504,0.17,5.74,0.6322,0.527,0.3086,0.338,0,9319.55,0.6575,0.5057,0.2491,0,0.0859,1,1,0,0.0778,0.5126,0.527,0.659,1,Normal,0,0.2553,0,0.4286
SME_00515,BR-53759337,TAX-9098702260,Secure AgroProcessing Solutions,Karim Islam,Bangladesh,Dhaka,Gulshan,Partnership,Medium,2,AgriTech,AgroProcessing,2018,103,9.89,6,1,1,0,41567.24,38059.03,0.0819,0.7063,12.95,0.5849,0.6645,0.3994,0.4172,0,3508.21,0.462,0.4466,0.5105,0,0.0544,0,0,0,0.0725,0.0,0.6645,0.489,0,Warning,0,0.3186,0,0.4601
SME_00516,BR-95618174,TAX-9269028899,Vertex LightManufacturing Foods,Shila Hasan,Bangladesh,Rangpur,Mithapukur,Sole Proprietorship,Medium,1,Manufacturing,LightManufacturing,2019,86,10.8,6,0,0,1,37986.13,29649.05,0.1691,0.437,7.07,0.6683,0.6708,0.2093,0.3313,0,8337.08,0.6399,0.6044,0.0435,0,0.185,0,0,0,0.1258,0.593,0.6708,0.6594,1,Normal,0,0.2196,0,0.4271
SME_00517,BR-37461126,TAX-8380126845,Smart ColdStorage Studio,Nusrat Ahmed,Bangladesh,Dhaka,Uttara,Sole Proprietorship,Medium,2,AgriTech,ColdStorage,2019,93,10.94,22,0,0,0,16772.0,15018.74,0.1483,0.535,7.78,0.6221,0.4698,0.1456,0.3164,0,1753.26,0.5529,0.5008,0.1672,0,0.1275,0,0,0,0.079,0.3521,0.4698,0.5816,1,Warning,0,0.2211,0,0.4301
SME_00518,BR-24850825,TAX-8628726442,Alpha Diagnostics Traders,Sadia Sarkar,Bangladesh,Dhaka,Mirpur,Private Limited,Medium,5,Healthcare,Diagnostics,2012,172,14.43,14,0,0,1,127043.21,102932.04,0.2759,0.0,0.0,0.7131,0.7607,0.2991,0.3918,0,24111.17,0.8852,0.6469,0.0077,0,0.3392,1,0,0,0.1002,1.0,0.7607,0.8734,1,Normal,0,0.048,1,0.5004
SME_00519,BR-44062565,TAX-9846636462,Vertex Fashion Partners,Muntasir Kabir,Bangladesh,Dhaka,Mohammadpur,Sole Proprietorship,Growth,0,Retail,Fashion,2013,167,4.14,7,1,0,0,29900.25,24859.89,0.1243,0.5245,17.02,0.6782,0.8208,0.6187,0.2177,1,5040.37,0.5616,0.6562,0.0566,0,0.3174,0,0,0,0.0823,0.5492,0.8208,0.5799,1,Warning,0,0.0089,0,0.5541
SME_00520,BR-80160868,TAX-6194139269,Blue Payments Studio,Rafi Kabir,Bangladesh,Dhaka,Uttara,Private Limited,Small,6,FinTech,Payments,2022,54,17.32,8,0,0,1,98791.24,71426.57,0.279,0.0,0.0,0.693,0.7065,0.684,0.2861,1,27364.67,0.8744,0.8007,0.0246,0,0.661,0,0,0,0.1691,1.0,0.7065,0.8659,1,Normal,0,0.0557,1,0.5544
SME_00521,BR-29041666,TAX-3525118895,Golden Garments Logistics,Muntasir Sarkar,Bangladesh,Dhaka,Mohammadpur,Cooperative,Small,7,Textile,Garments,2018,106,10.94,8,1,0,0,71140.24,70723.33,0.0604,0.8051,23.4,0.6742,0.6111,0.1933,0.2909,0,416.91,0.3757,0.4266,0.2721,0,0.1314,0,0,0,0.0456,0.0,0.6111,0.3876,0,Critical,0,0.2094,1,0.5107
SME_00522,BR-57145902,TAX-4194128178,Smart FarmInputs Hub,Imran Sultana,Bangladesh,Dhaka,Dhanmondi,Sole Proprietorship,Small,2,AgriTech,FarmInputs,2012,172,16.06,9,0,0,0,57715.38,48402.45,0.1671,0.3394,7.97,0.6379,0.7408,0.184,0.2559,0,9312.93,0.6623,0.5764,0.0524,0,0.1996,0,0,0,0.0994,0.7926,0.7408,0.6885,1,Normal,0,0.2409,0,0.4202
SME_00523,BR-33045216,TAX-2641509712,Rapid Electronics Partners,Nusrat Islam,Bangladesh,Dhaka,Uttara,Sole Proprietorship,Medium,0,Retail,Electronics,2015,132,6.89,12,0,0,1,88350.76,71230.66,0.1064,0.6085,13.9,0.5875,0.7507,0.1884,0.4258,0,17120.1,0.5151,0.5528,0.1125,0,0.2056,1,0,0,0.1227,0.3947,0.7507,0.4992,0,Warning,0,0.0847,0,0.465
SME_00524,BR-25566176,TAX-3593993263,Rapid Delivery Works,Amin Ahmed,Bangladesh,Dhaka,Uttara,Private Limited,Small,4,Logistics,Delivery,2013,160,11.45,41,0,0,0,201948.3,174437.55,0.1584,0.4838,4.77,0.6386,0.821,0.5,0.2803,0,27510.75,0.6541,0.6485,0.041,0,0.3452,0,0,0,0.1723,0.7539,0.821,0.617,1,Normal,0,0.1576,0,0.4601
SME_00525,BR-94699263,TAX-1201164802,Green Electronics Hub,Rahim Akter,Bangladesh,Chattogram,Pahartali,Sole Proprietorship,Medium,0,Retail,Electronics,2020,81,8.01,10,0,1,1,79124.58,67147.8,0.1024,0.5544,24.15,0.5319,0.5624,0.1814,0.3234,0,11976.78,0.4277,0.4402,0.263,0,0.125,0,0,0,0.0587,0.4014,0.5624,0.4647,0,Warning,0,0.1533,0,0.4336
SME_00526,BR-59315564,TAX-5519064561,Nova FarmInputs Works,Nusrat Rahman,Bangladesh,Chattogram,Pahartali,Private Limited,Medium,2,AgriTech,FarmInputs,2022,55,15.71,13,1,1,0,65275.28,51254.52,0.1513,0.4328,9.58,0.8352,0.7533,0.4968,0.3706,0,14020.76,0.6581,0.6876,0.0107,0,0.136,0,0,0,0.1712,0.6989,0.7533,0.6679,1,Normal,0,0.006,0,0.4492
SME_00527,BR-16790061,TAX-9311235871,Prime Fabric Solutions,Nusrat Mahmud,Bangladesh,Chattogram,Panchlaish,Private Limited,Growth,7,Textile,Fabric,2019,94,8.79,3,0,0,0,40942.59,33642.8,0.0919,0.7377,24.04,0.6751,0.8086,0.0273,0.2793,0,7299.79,0.4493,0.436,0.1558,0,0.2854,0,0,0,0.0169,0.3319,0.8086,0.4472,0,Warning,0,0.0283,1,0.4974
SME_00528,BR-87943560,TAX-2650699626,Green Accessories Textiles,Hasan Sarkar,Bangladesh,Chattogram,Kotwali,Private Limited,Micro,7,Textile,Accessories,2014,148,15.97,7,0,0,1,50415.2,47729.49,0.1128,0.5391,16.52,0.7822,0.6399,0.1504,0.3551,0,2685.71,0.5375,0.5241,0.0258,0,0.135,0,0,0,0.0655,0.4602,0.6399,0.5343,0,Warning,0,0.0359,0,0.4481
SME_00529,BR-22735306,TAX-4766394915,Fresh Payments Works,Karim Hossain,Bangladesh,Dhaka,Mohammadpur,Partnership,Medium,6,FinTech,Payments,2013,167,10.96,19,0,0,0,94649.49,59629.15,0.3283,0.0,0.0,0.6667,0.7393,0.4747,0.361,1,35020.34,0.8931,0.8223,0.0614,0,0.3147,0,0,1,0.1489,1.0,0.7393,0.8512,1,Normal,0,0.0187,0,0.5811
SME_00530,BR-37601336,TAX-3161998308,Blue FarmInputs Foods,Shakil Karim,Bangladesh,Dhaka,Uttara,Private Limited,Medium,2,AgriTech,FarmInputs,2016,125,10.36,11,0,0,1,94742.15,84793.71,0.1217,0.5604,18.42,0.6082,0.727,0.4095,0.2178,0,9948.44,0.5149,0.5291,0.0913,0,0.1413,0,0,0,0.0852,0.5568,0.727,0.5191,0,Warning,0,0.0909,0,0.4888
SME_00531,BR-97646853,TAX-1475248394,Green HealthServices Ventures,Mehjabin Islam,Bangladesh,Dhaka,Dhanmondi,Private Limited,Growth,5,Healthcare,HealthServices,2016,128,11.28,3,0,1,0,42046.05,33544.8,0.2311,0.2934,7.02,0.6656,0.6129,0.0404,0.1864,0,8501.24,0.7125,0.5013,0.2399,1,0.4375,0,1,0,0.0462,0.8455,0.6129,0.7019,0,Normal,1,0.8919,1,0.4941
SME_00532,BR-74782735,TAX-4743333722,Bright Pharmacy Solutions,Tariq Mahmud,Bangladesh,Mymensingh,Muktagacha,Sole Proprietorship,Growth,5,Healthcare,Pharmacy,2019,95,16.3,14,1,1,0,159105.49,123407.07,0.2325,0.2968,0.0,0.7911,0.8608,0.4423,0.3344,0,35698.42,0.8158,0.7112,0.0058,0,0.3166,0,0,0,0.1576,0.8791,0.8608,0.8168,1,Normal,0,0.0054,0,0.4325
SME_00533,BR-26783920,TAX-1186695746,Urban ColdStorage Agro,Nafisa Rahman,Bangladesh,Rangpur,Sadar,Private Limited,Small,2,AgriTech,ColdStorage,2021,61,2.47,29,0,0,1,42822.05,40327.39,0.0731,0.7372,22.15,0.5666,0.5842,0.0925,0.4129,0,2494.66,0.3834,0.3823,0.3547,0,0.1717,0,0,0,0.0274,0.2491,0.5842,0.384,0,Critical,0,0.2433,0,0.4857
SME_00534,BR-96853587,TAX-2116387602,Golden Warehousing Solutions,Farhana Chowdhury,Bangladesh,Rangpur,Sadar,Private Limited,Small,4,Logistics,Warehousing,2020,79,5.37,3,0,1,1,42511.74,39831.31,0.0821,0.4376,16.7,0.4593,0.4325,0.2421,0.4784,0,2680.43,0.4379,0.3742,0.3642,0,0.1393,1,0,0,0.0456,0.2559,0.4325,0.3703,0,Critical,0,0.1966,0,0.4681
SME_00535,BR-73044249,TAX-5135146362,Blue Fashion Textiles,Shakil Rahman,Bangladesh,Khulna,Daulatpur,Private Limited,Micro,0,Retail,Fashion,2019,92,3.28,22,0,0,1,25805.87,23566.15,0.0937,0.5294,13.66,0.5337,0.6185,0.0826,0.5183,1,2239.72,0.4896,0.4339,0.633,1,0.5046,1,0,0,0.01,0.3304,0.6185,0.4994,0,Warning,0,0.1281,1,0.5212
SME_00536,BR-23177940,TAX-7514714481,Smart Plastic Care,Shila Akter,Bangladesh,Khulna,Khalishpur,Partnership,Growth,1,Manufacturing,Plastic,2014,147,8.55,3,0,1,0,32286.74,27204.16,0.1194,0.5076,18.61,0.6462,0.6103,0.2529,0.4186,0,5082.57,0.5095,0.4573,0.2297,0,0.1028,0,0,0,0.0388,0.3547,0.6103,0.5133,0,Warning,0,0.1153,0,0.4241
SME_00537,BR-45197571,TAX-9396786700,Fresh ProcessedFood Traders,Mashrur Hasan,Bangladesh,Chattogram,Halishahar,Partnership,Micro,3,Food,ProcessedFood,2018,102,8.15,16,0,0,0,62162.43,50688.82,0.1421,0.5071,14.54,0.5727,0.547,0.1728,0.3359,0,11473.6,0.5246,0.4511,0.4631,0,0.0852,0,0,0,0.0579,0.3299,0.547,0.5311,0,Warning,0,0.2186,0,0.4377
SME_00538,BR-88961747,TAX-8083921283,Prime Fashion Care,Sajid Sarkar,Bangladesh,Mymensingh,Kotwali,Sole Proprietorship,Medium,0,Retail,Fashion,2015,143,6.31,9,0,0,0,49874.49,46856.52,0.0553,0.8748,33.22,0.6523,0.6848,0.1206,0.2946,0,3017.97,0.3156,0.3875,0.2478,0,0.5402,0,0,0,0.0421,0.2576,0.6848,0.3119,0,Critical,0,0.2994,0,0.5369
SME_00539,BR-50965040,TAX-9584721591,Fresh Fashion Works,Rumana Rahman,Bangladesh,Mymensingh,Trishal,Sole Proprietorship,Medium,0,Retail,Fashion,2026,10,5.4,3,0,0,0,21561.1,19181.54,0.1041,0.4965,21.77,0.5329,0.6099,0.3656,0.3679,0,2379.56,0.4627,0.4427,0.3296,0,0.063,1,0,0,0.0549,0.1642,0.6099,0.4637,0,Warning,0,0.0798,0,0.4353
SME_00540,BR-56353831,TAX-4561549699,Bright LendingTech Ventures,Sajid Islam,Bangladesh,Barishal,Sadar,Sole Proprietorship,Small,6,FinTech,LendingTech,2015,137,4.51,12,0,1,1,80229.17,66420.46,0.1936,0.5294,13.25,0.6684,0.4928,0.229,0.2774,0,13808.71,0.5766,0.5644,0.2216,0,0.1292,0,0,0,0.1082,0.6174,0.4928,0.5801,1,Warning,0,0.1629,0,0.4444
SME_00541,BR-23411206,TAX-6147133106,Secure Accessories Hub,Nusrat Karim,Bangladesh,Barishal,Bakerganj,Cooperative,Micro,7,Textile,Accessories,2019,94,7.06,18,1,0,0,92127.18,93869.39,0.0362,0.7862,23.07,0.5455,0.5777,0.0943,0.4119,0,-1742.21,0.3322,0.2981,0.3831,0,0.4227,1,0,0,-0.0023,0.0,0.5777,0.3377,0,Critical,0,0.2096,1,0.5529
SME_00542,BR-52331722,TAX-8951899589,Trust Beverage Care,Imran Kabir,Bangladesh,Chattogram,Panchlaish,Sole Proprietorship,Micro,3,Food,Beverage,2012,179,18.77,11,1,0,0,96122.66,72550.78,0.2624,0.0061,0.0,0.8654,0.7713,0.567,0.354,0,23571.88,0.902,0.6778,0.0055,0,0.6739,1,0,1,0.1438,0.8931,0.7713,0.9115,1,Normal,0,0.0049,1,0.4938
SME_00543,BR-06341461,TAX-8013319769,Rapid AccountingTech Agro,Ritu Hasan,Bangladesh,Mymensingh,Trishal,Private Limited,Medium,6,FinTech,AccountingTech,2019,88,12.55,13,1,0,1,247708.85,156483.08,0.3277,0.0,0.0,0.7362,0.8618,0.364,0.1997,1,91225.77,0.9276,0.7334,0.02,0,0.724,1,0,0,0.0776,1.0,0.8618,0.9333,1,Normal,0,0.0045,0,0.5844
SME_00544,BR-04155866,TAX-3790670841,Nova Garments Hub,Rafi Hossain,Bangladesh,Mymensingh,Trishal,Sole Proprietorship,Small,7,Textile,Garments,2019,89,11.72,7,0,0,1,58487.38,48707.02,0.0582,0.7749,26.71,0.7914,0.6387,0.3945,0.4081,0,9780.37,0.3898,0.5638,0.0476,0,0.2335,1,0,0,0.1412,0.4898,0.6387,0.4268,0,Warning,0,0.0794,1,0.4979
SME_00545,BR-38765974,TAX-8125949023,Rapid Electronics Works,Nafisa Jahan,Bangladesh,Chattogram,Kotwali,Sole Proprietorship,Micro,0,Retail,Electronics,2024,28,4.92,3,0,1,1,14216.55,12663.93,0.0708,0.7789,20.43,0.3678,0.5532,0.3671,0.2529,0,1552.62,0.3397,0.3668,0.2102,0,0.1673,1,0,0,0.0318,0.1296,0.5532,0.3252,0,Critical,1,0.7252,1,0.5131
SME_00546,BR-18944674,TAX-4407740519,Secure Bakery Enterprises,Farhana Jahan,Bangladesh,Rangpur,Gangachara,Partnership,Medium,3,Food,Bakery,2014,146,6.72,14,0,0,0,44838.87,36285.96,0.1235,0.3569,4.12,0.7156,0.7385,0.5056,0.2845,1,8552.91,0.6552,0.7344,0.0354,0,0.1435,0,0,0,0.1408,0.6191,0.7385,0.6477,1,Normal,0,0.0334,0,0.4485
SME_00547,BR-22869366,TAX-6703930663,Smart ColdStorage Agro,Anika Miah,Bangladesh,Dhaka,Uttara,Partnership,Micro,2,AgriTech,ColdStorage,2016,128,7.71,26,0,0,0,108441.31,93098.17,0.105,0.5999,10.37,0.7778,0.7026,0.1235,0.3821,0,15343.14,0.5593,0.4849,0.0222,0,0.133,0,0,0,0.0268,0.575,0.7026,0.5932,1,Warning,0,0.0401,0,0.4483
SME_00548,BR-78404341,TAX-8874397542,Ever Fashion Traders,Ritu Rahman,Bangladesh,Rangpur,Mithapukur,Private Limited,Medium,0,Retail,Fashion,2013,156,13.03,18,0,0,0,77416.64,61602.69,0.2164,0.0924,7.45,0.8171,0.7778,0.0667,0.2855,0,15813.95,0.7992,0.5421,0.0124,0,0.4986,0,0,1,0.0361,0.9119,0.7778,0.7961,1,Normal,0,0.0029,0,0.4894
SME_00549,BR-76118736,TAX-9906351881,Smart Clinic Solutions,Tanvir Akter,Bangladesh,Mymensingh,Trishal,Cooperative,Small,5,Healthcare,Clinic,2025,22,12.21,3,0,0,0,30257.14,23372.98,0.2317,0.1061,0.0,0.6267,0.5963,0.3022,0.2781,0,6884.16,0.7799,0.579,0.0999,1,0.1408,0,1,0,0.0841,0.7534,0.5963,0.7985,0,Normal,0,0.0194,0,0.4457
SME_00550,BR-75446593,TAX-0318780088,Future ProcessedFood Logistics,Samira Jahan,Bangladesh,Dhaka,Uttara,Private Limited,Micro,3,Food,ProcessedFood,2023,42,13.01,4,1,0,0,14533.43,13799.04,0.1434,0.4311,12.95,0.5768,0.7252,0.3127,0.4627,0,734.39,0.5833,0.5033,0.1974,1,0.2774,0,0,0,0.0763,0.4681,0.7252,0.586,0,Warning,1,0.8731,0,0.4345
SME_00551,BR-38574752,TAX-6168487117,Green Beverage Works,Imran Rahman,Bangladesh,Sylhet,Balaganj,Sole Proprietorship,Micro,3,Food,Beverage,2013,158,15.79,5,1,0,0,27521.39,21362.92,0.2479,0.0161,0.0,0.679,0.6991,0.3035,0.2197,0,6158.46,0.8411,0.6185,0.0161,0,0.4282,0,0,1,0.1104,0.9876,0.6991,0.8365,1,Normal,0,0.0555,1,0.4897
SME_00552,BR-60954545,TAX-1700907200,Green Grocery Textiles,Tanvir Rahman,Bangladesh,Dhaka,Dhanmondi,Private Limited,Small,0,Retail,Grocery,2025,13,5.48,3,0,0,0,18613.18,18267.19,0.114,0.6467,20.94,0.6632,0.6326,0.0,0.1305,0,345.99,0.4697,0.4028,0.0857,0,0.5383,1,0,0,0.0136,0.369,0.6326,0.4894,0,Warning,0,0.2932,1,0.495
SME_00553,BR-81901873,TAX-3541961268,Future LightManufacturing Hub,Karim Rahman,Bangladesh,Mymensingh,Trishal,Sole Proprietorship,Small,1,Manufacturing,LightManufacturing,2019,94,11.23,9,0,0,1,76489.24,67787.78,0.1495,0.3804,1.35,0.7079,0.7068,0.1671,0.352,0,8701.46,0.6787,0.5029,0.0222,0,0.1791,1,0,0,0.0321,0.5883,0.7068,0.6891,1,Normal,0,0.0417,0,0.4313
SME_00554,BR-46088960,TAX-0101115967,Smart Dyeing Traders,Shakil Hossain,Bangladesh,Mymensingh,Muktagacha,Cooperative,Medium,7,Textile,Dyeing,2020,76,9.25,11,0,0,1,28670.6,28068.41,0.0753,0.6793,19.81,0.6924,0.8165,0.0,0.2072,0,602.19,0.4743,0.4227,0.1028,0,0.2224,0,0,0,-0.0309,0.0,0.8165,0.4436,0,Warning,0,0.0837,1,0.4901
SME_00555,BR-11535163,TAX-0139165652,Ever Fashion Partners,Arif Mahmud,Bangladesh,Rajshahi,Rajpara,Partnership,Small,0,Retail,Fashion,2012,169,12.83,4,0,0,1,32863.99,26359.6,0.18,0.2625,2.22,0.5835,0.5703,0.3075,0.26,0,6504.38,0.6786,0.5298,0.0399,0,0.1625,0,0,0,0.0731,0.54,0.5703,0.6821,1,Normal,0,0.207,0,0.4201
SME_00556,BR-59394930,TAX-4875692700,Vertex Packaging Logistics,Rumana Sultana,Bangladesh,Barishal,Bakerganj,Partnership,Small,1,Manufacturing,Packaging,2014,155,21.32,14,1,0,1,54254.38,37947.76,0.2468,0.216,0.0,0.7809,0.7481,0.3124,0.3231,0,16306.62,0.8234,0.6591,0.0091,0,0.1611,0,0,1,0.1033,1.0,0.7481,0.8035,1,Normal,0,0.0027,0,0.4822
SME_00557,BR-09412350,TAX-3768077070,Urban Packaging Solutions,Ritu Mahmud,Bangladesh,Dhaka,Mohammadpur,Sole Proprietorship,Micro,1,Manufacturing,Packaging,2013,162,6.35,13,1,1,1,159598.7,139115.04,0.1059,0.5417,14.11,0.6588,0.5462,0.1324,0.3291,0,20483.67,0.5043,0.374,0.3888,0,0.2052,1,0,0,-0.0052,0.2338,0.5462,0.5297,0,Warning,1,0.7356,0,0.4335
SME_00558,BR-78388273,TAX-5936602847,Nova Bakery Logistics,Muntasir Sarkar,Bangladesh,Dhaka,Mohammadpur,Sole Proprietorship,Micro,3,Food,Bakery,2022,56,8.93,6,0,1,0,40942.08,37082.28,0.0937,0.7543,29.87,0.6042,0.5416,0.0478,0.3869,0,3859.8,0.3567,0.3967,0.3713,0,0.3015,0,0,0,0.0425,0.0,0.5416,0.3918,0,Critical,0,0.2539,1,0.5157
SME_00559,BR-33356413,TAX-4473915034,Urban SupplyChain Partners,Imran Chowdhury,Bangladesh,Chattogram,Panchlaish,Sole Proprietorship,Growth,4,Logistics,SupplyChain,2017,108,16.45,8,0,0,0,54549.05,41676.91,0.2046,0.3453,3.39,0.7424,0.7397,0.4684,0.2585,1,12872.14,0.7341,0.7903,0.0404,0,0.1167,1,0,0,0.1416,0.7462,0.7397,0.7716,1,Normal,0,0.0369,0,0.4532
SME_00560,BR-98196100,TAX-4989484174,Golden ProcessedFood Partners,Rahim Hossain,Bangladesh,Dhaka,Mohammadpur,Cooperative,Micro,3,Food,ProcessedFood,2016,127,6.37,3,0,0,0,33597.06,29528.53,0.071,0.6315,18.25,0.4285,0.6319,0.2493,0.4034,0,4068.53,0.4085,0.4277,0.5142,1,0.1011,0,0,0,0.0911,0.2214,0.6319,0.4157,0,Warning,1,0.8488,0,0.4324
SME_00561,BR-74490644,TAX-0139630761,Blue HomeGoods Works,Shila Chowdhury,Bangladesh,Chattogram,Halishahar,Private Limited,Growth,0,Retail,HomeGoods,2012,174,11.23,7,0,1,1,47602.21,44044.57,0.0956,0.6271,23.28,0.7029,0.6945,0.2421,0.2242,0,3557.64,0.465,0.547,0.1393,0,0.2334,0,0,0,0.1193,0.2334,0.6945,0.4558,0,Warning,0,0.2567,0,0.4484
SME_00562,BR-76415543,TAX-5103130339,Blue Plastic Digital,Anika Sultana,Bangladesh,Dhaka,Mirpur,Cooperative,Small,1,Manufacturing,Plastic,2026,7,6.12,9,0,1,0,95761.18,76408.87,0.1518,0.3789,8.0,0.5886,0.615,0.4234,0.4374,0,19352.3,0.6092,0.5571,0.0602,0,0.1403,0,0,0,0.1071,0.4587,0.615,0.6156,1,Normal,0,0.162,0,0.4269
SME_00563,BR-16582545,TAX-5247491909,Fresh SMEFinance Foods,Muntasir Hossain,Bangladesh,Chattogram,Panchlaish,Sole Proprietorship,Micro,6,FinTech,SMEFinance,2012,176,12.97,10,0,0,1,109925.15,73915.21,0.2509,0.18,0.0,0.6476,0.6352,0.3093,0.2704,0,36009.94,0.7904,0.6587,0.0936,0,0.289,1,0,1,0.1515,0.9745,0.6352,0.7716,1,Normal,0,0.1587,1,0.5008
SME_00564,BR-39571461,TAX-0342298403,Rapid Warehousing Studio,Imran Sarkar,Bangladesh,Chattogram,Halishahar,Private Limited,Micro,4,Logistics,Warehousing,2021,67,3.85,11,0,0,1,68978.09,55500.21,0.1393,0.4577,14.76,0.6461,0.5452,0.1832,0.4514,0,13477.87,0.5449,0.4023,0.5179,1,0.1201,0,0,0,0.0134,0.5017,0.5452,0.5918,0,Warning,1,0.9065,0,0.4553
SME_00565,BR-79974080,TAX-1664112788,Nova FleetServices Solutions,Farhana Islam,Bangladesh,Barishal,Banaripara,Sole Proprietorship,Micro,4,Logistics,FleetServices,2024,28,11.31,10,0,0,0,52018.01,43679.24,0.1486,0.4218,0.63,0.6454,0.5606,0.5401,0.321,0,8338.76,0.6349,0.5678,0.2815,0,0.3369,0,1,1,0.1553,0.4606,0.5606,0.6588,1,Normal,0,0.2018,0,0.4441
SME_00566,BR-47906730,TAX-3904423283,Green SupplyChain Textiles,Nafisa Mahmud,Bangladesh,Dhaka,Uttara,Partnership,Medium,4,Logistics,SupplyChain,2017,113,14.43,8,0,0,0,67006.62,48769.42,0.2226,0.1752,0.0,0.739,0.6685,0.0944,0.3869,0,18237.19,0.7903,0.5428,0.0136,0,0.3325,0,0,1,0.0419,1.0,0.6685,0.7964,1,Normal,0,0.2991,0,0.5334
SME_00567,BR-37454749,TAX-9975531136,Alpha HealthServices Logistics,Karim Karim,Bangladesh,Barishal,Sadar,Partnership,Small,5,Healthcare,HealthServices,2015,141,14.73,11,0,0,0,179721.61,129417.57,0.2685,0.0,0.0,0.8732,0.7015,0.4737,0.2093,1,50304.04,0.8972,0.7653,0.0091,0,0.7289,0,0,0,0.1235,1.0,0.7015,0.9171,1,Normal,0,0.0041,1,0.5127
SME_00568,BR-72097750,TAX-9252844050,Ever HomeGoods Mart,Nafisa Mahmud,Bangladesh,Chattogram,Panchlaish,Sole Proprietorship,Small,0,Retail,HomeGoods,2024,28,5.45,16,0,0,1,36850.49,32917.81,0.1367,0.4708,10.26,0.6506,0.714,0.0678,0.1548,0,3932.69,0.5939,0.4464,0.0348,0,0.2772,1,0,0,0.0047,0.3447,0.714,0.5841,1,Warning,0,0.166,0,0.4588
SME_00569,BR-41098620,TAX-7604689247,Trust ColdStorage Agro,Sajid Rahman,Bangladesh,Chattogram,Panchlaish,Private Limited,Medium,2,AgriTech,ColdStorage,2025,13,8.78,9,1,1,0,40631.45,36685.35,0.1258,0.5237,20.78,0.7152,0.8926,0.5036,0.3399,1,3946.1,0.5636,0.7577,0.1201,0,0.26,1,0,0,0.1608,0.3644,0.8926,0.5414,1,Warning,0,0.0049,1,0.4925
SME_00570,BR-58212801,TAX-7218026384,Secure ProcessedFood Solutions,Karim Rahman,Bangladesh,Khulna,Khalishpur,Sole Proprietorship,Small,3,Food,ProcessedFood,2013,162,9.8,11,0,0,0,44635.41,37505.15,0.1267,0.4973,10.23,0.701,0.5742,0.0509,0.3696,0,7130.26,0.5638,0.4252,0.2277,0,0.1104,0,1,0,0.0029,0.5262,0.5742,0.5195,1,Warning,0,0.2656,0,0.4661
SME_00571,BR-15148274,TAX-1239658695,Blue FarmInputs Enterprises,Tariq Rahman,Bangladesh,Chattogram,Panchlaish,Partnership,Growth,2,AgriTech,FarmInputs,2012,168,12.27,8,0,0,0,17663.68,13744.73,0.1567,0.4912,12.26,0.8342,0.7003,0.4606,0.3876,0,3918.95,0.6265,0.6177,0.0514,0,0.1902,0,0,0,0.1197,0.722,0.7003,0.6282,1,Normal,0,0.0037,0,0.4607
SME_00572,BR-78301914,TAX-1771727480,Rapid Payments Studio,Karim Sultana,Bangladesh,Dhaka,Dhanmondi,Private Limited,Growth,6,FinTech,Payments,2024,33,17.71,6,0,0,0,64797.81,37757.86,0.3885,0.0,0.0,0.7467,0.7966,0.4629,0.3773,0,27039.95,0.9178,0.7714,0.0082,0,0.3152,1,0,1,0.1893,1.0,0.7966,0.9136,1,Normal,0,0.0048,1,0.5963
SME_00573,BR-97246273,TAX-2106704916,Green ProcessedFood Traders,Adnan Hasan,Bangladesh,Khulna,Khalishpur,Sole Proprietorship,Medium,3,Food,ProcessedFood,2013,163,13.82,12,0,0,0,72218.58,64237.9,0.1433,0.4037,11.18,0.7401,0.7051,0.3583,0.3923,0,7980.68,0.624,0.5933,0.0199,1,0.083,0,0,0,0.1045,0.5437,0.7051,0.6344,0,Normal,0,0.009,0,0.4165
SME_00574,BR-67113377,TAX-5571227411,Alpha HealthServices Ventures,Hasan Islam,Bangladesh,Dhaka,Mirpur,Cooperative,Medium,5,Healthcare,HealthServices,2013,164,8.72,6,0,0,1,67001.16,56569.96,0.2001,0.1603,0.0,0.596,0.5824,0.0,0.1972,0,10431.2,0.7336,0.5269,0.0459,0,0.4695,1,0,0,0.0848,0.6653,0.5824,0.7339,1,Normal,0,0.2027,1,0.512
SME_00575,BR-53741809,TAX-9185337566,Ever Fabric Agro,Amin Sultana,Bangladesh,Chattogram,Pahartali,Partnership,Medium,7,Textile,Fabric,2012,179,14.69,11,0,0,1,40772.47,35361.72,0.1504,0.3649,5.66,0.7543,0.7843,0.2249,0.3448,0,5410.75,0.6832,0.6269,0.0074,0,0.3379,0,0,0,0.1419,0.715,0.7843,0.6927,1,Normal,0,0.0022,0,0.4031
SME_00576,BR-46960969,TAX-3380255807,Urban Beverage Enterprises,Mashrur Sultana,Bangladesh,Rajshahi,Motihar,Private Limited,Small,3,Food,Beverage,2023,43,4.03,9,0,0,0,48193.79,47740.76,0.0695,0.9016,32.66,0.6211,0.591,0.0563,0.3502,0,453.03,0.3019,0.3072,0.727,0,0.3173,0,0,0,-0.012,0.1094,0.591,0.3181,0,Critical,0,0.2807,1,0.5641
SME_00577,BR-49832063,TAX-1001592793,Ever Accessories Enterprises,Sajid Kabir,Bangladesh,Chattogram,Pahartali,Private Limited,Medium,7,Textile,Accessories,2018,106,6.74,8,1,0,0,59355.05,59964.89,0.0762,0.6578,24.31,0.6351,0.8006,0.2083,0.281,1,-609.84,0.4437,0.5979,0.1151,0,0.1703,0,0,0,0.0558,0.123,0.8006,0.4145,0,Warning,0,0.1553,1,0.5039
SME_00578,BR-77751361,TAX-4745563188,Fresh FleetServices Traders,Tanvir Hasan,Bangladesh,Mymensingh,Muktagacha,Private Limited,Micro,4,Logistics,FleetServices,2012,179,9.8,7,0,1,0,53542.51,47641.94,0.086,0.5181,12.68,0.8009,0.7193,0.258,0.3343,1,5900.57,0.557,0.6655,0.0894,0,0.0463,0,0,0,0.0853,0.4299,0.7193,0.5744,1,Warning,0,0.012,0,0.4172
SME_00579,BR-56800142,TAX-4192265082,Vertex Garments Care,Shila Sarkar,Bangladesh,Dhaka,Mohammadpur,Private Limited,Medium,7,Textile,Garments,2013,163,11.66,7,0,0,1,32710.64,31372.98,0.1152,0.4212,8.48,0.7256,0.6031,0.028,0.2689,0,1337.66,0.5895,0.4162,0.2791,0,0.2669,0,1,0,0.0131,0.4445,0.6031,0.5814,1,Warning,0,0.306,0,0.4823
SME_00580,BR-21009689,TAX-0221853760,Urban DairySupport Enterprises,Nafisa Sultana,Bangladesh,Rangpur,Mithapukur,Private Limited,Growth,2,AgriTech,DairySupport,2017,111,15.45,3,1,1,0,16903.0,13298.23,0.2002,0.0584,0.0,0.6995,0.815,0.7829,0.4548,1,3604.77,0.8166,0.7907,0.0105,0,0.7923,1,0,0,0.2507,0.7675,0.815,0.827,1,Normal,0,0.0054,0,0.5642
SME_00581,BR-67181685,TAX-7466505250,Smart ProcessedFood Works,Rahim Mahmud,Bangladesh,Mymensingh,Kotwali,Private Limited,Micro,3,Food,ProcessedFood,2023,40,11.65,11,0,0,0,59876.85,56516.0,0.1071,0.5103,20.82,0.7573,0.5804,0.0227,0.2933,0,3360.86,0.5021,0.4335,0.187,0,0.2526,0,0,0,0.022,0.2141,0.5804,0.5225,0,Warning,0,0.3112,0,0.4638
SME_00582,BR-98624969,TAX-7538125972,Trust Restaurant Works,Farhana Sarkar,Bangladesh,Rangpur,Sadar,Sole Proprietorship,Medium,3,Food,Restaurant,2025,20,10.76,10,0,0,1,50208.63,44787.27,0.1434,0.554,17.61,0.6842,0.6993,0.1103,0.2916,0,5421.36,0.5473,0.5377,0.0949,0,0.118,1,0,0,0.0721,0.4589,0.6993,0.5679,0,Warning,0,0.1972,0,0.4406
SME_00583,BR-24973107,TAX-5512633212,Golden HomeGoods Ventures,Adnan Rahman,Bangladesh,Barishal,Banaripara,Sole Proprietorship,Growth,0,Retail,HomeGoods,2022,51,5.3,15,1,0,1,33079.65,27051.81,0.0834,0.6115,21.43,0.5173,0.3928,0.0,0.2713,0,6027.84,0.3799,0.3363,0.2929,0,0.4108,1,0,0,0.0255,0.2919,0.3928,0.3825,0,Critical,1,0.663,0,0.4671
SME_00584,BR-33092449,TAX-0665410878,Nova FarmInputs Foods,Tariq Rahman,Bangladesh,Dhaka,Dhanmondi,Private Limited,Micro,2,AgriTech,FarmInputs,2025,17,6.4,7,0,0,1,26035.15,23400.53,0.0529,0.6795,18.65,0.6226,0.5303,0.3528,0.5605,0,2634.62,0.3974,0.3826,0.4996,1,0.4829,1,0,0,0.0789,0.0,0.5303,0.401,0,Warning,1,0.8655,1,0.5014
SME_00585,BR-61417269,TAX-2578688306,Secure Dyeing Studio,Adnan Hasan,Bangladesh,Khulna,Daulatpur,Sole Proprietorship,Small,7,Textile,Dyeing,2023,39,10.39,28,0,0,0,104736.58,84007.92,0.1368,0.3546,11.5,0.6594,0.6631,0.0,0.1946,0,20728.67,0.6057,0.427,0.0461,0,0.3559,0,0,0,-0.0193,0.6213,0.6631,0.6235,1,Normal,0,0.2135,0,0.4743
SME_00586,BR-71052481,TAX-5825321347,Bright FleetServices Traders,Mashrur Miah,Bangladesh,Dhaka,Mirpur,Sole Proprietorship,Growth,4,Logistics,FleetServices,2025,19,6.12,7,0,0,1,30718.73,24203.61,0.123,0.5772,20.05,0.5776,0.582,0.2842,0.4254,0,6515.12,0.4724,0.4484,0.3984,1,0.1209,0,0,0,0.0584,0.4288,0.582,0.4424,0,Warning,0,0.1918,0,0.4588
SME_00587,BR-69627955,TAX-7437945769,Green MetalWorks Partners,Muntasir Mahmud,Bangladesh,Mymensingh,Muktagacha,Sole Proprietorship,Growth,1,Manufacturing,MetalWorks,2015,138,11.49,5,0,1,0,60245.53,51319.8,0.1921,0.2485,3.07,0.6828,0.7705,0.4016,0.2268,1,8925.73,0.7414,0.7592,0.038,0,0.1307,0,0,0,0.1257,0.5688,0.7705,0.7224,1,Normal,0,0.0394,0,0.4357
SME_00588,BR-94487750,TAX-0100002047,Smart ColdStorage Digital,Karim Karim,Bangladesh,Rajshahi,Rajpara,Partnership,Micro,2,AgriTech,ColdStorage,2017,108,13.37,5,1,0,0,38855.39,36739.93,0.1579,0.3504,16.96,0.6783,0.6824,0.2474,0.3553,0,2115.46,0.6033,0.5348,0.1308,0,0.1296,0,0,0,0.0688,0.4286,0.6824,0.5977,1,Warning,0,0.2607,0,0.4106
SME_00589,BR-98459364,TAX-9036973262,Smart MetalWorks Works,Rumana Rahman,Bangladesh,Dhaka,Uttara,Sole Proprietorship,Small,1,Manufacturing,MetalWorks,2018,96,9.8,3,0,1,1,21647.76,17867.75,0.1617,0.3318,0.73,0.5495,0.6715,0.1921,0.2821,0,3780.02,0.6679,0.4994,0.2837,1,0.2167,0,1,0,0.0752,0.6775,0.6715,0.6412,0,Normal,1,0.7792,0,0.4145
SME_00590,BR-69059047,TAX-0114999169,Future Fashion Studio,Mashrur Hasan,Bangladesh,Rangpur,Gangachara,Private Limited,Medium,0,Retail,Fashion,2014,146,13.77,23,0,0,1,102599.0,92944.49,0.1368,0.6284,13.85,0.895,0.8983,0.549,0.4242,1,9654.51,0.6182,0.7479,0.0444,0,0.7119,1,0,0,0.155,0.6467,0.8983,0.6128,1,Normal,0,0.0041,1,0.5025
SME_00591,BR-61031686,TAX-7891174862,Smart Fabric Agro,Rafi Akter,Bangladesh,Dhaka,Dhanmondi,Private Limited,Micro,7,Textile,Fabric,2020,77,16.94,21,0,0,1,132266.47,120356.35,0.1643,0.4992,4.68,0.83,0.7267,0.4133,0.4062,0,11910.12,0.6735,0.6131,0.0235,0,0.4701,1,0,0,0.1317,0.6546,0.7267,0.667,1,Normal,0,0.0053,0,0.4218
SME_00592,BR-30671175,TAX-0506233044,Nova Bakery Solutions,Hasan Mahmud,Bangladesh,Rajshahi,Rajpara,Private Limited,Small,3,Food,Bakery,2020,76,9.85,13,0,1,1,55679.41,52576.05,0.0662,0.8497,29.06,0.6322,0.8279,0.1999,0.3549,0,3103.36,0.3734,0.496,0.062,0,0.169,1,0,0,0.0699,0.2191,0.8279,0.3751,0,Critical,1,0.8015,1,0.5032
SME_00593,BR-40535849,TAX-1086987722,Future Plastic Care,Rahim Islam,Bangladesh,Sylhet,Balaganj,Sole Proprietorship,Micro,1,Manufacturing,Plastic,2023,42,14.12,5,0,1,0,40566.13,31912.43,0.2121,0.0638,0.0,0.816,0.7832,0.102,0.2401,0,8653.7,0.8405,0.5876,0.0047,0,0.3776,1,0,0,0.0676,0.8171,0.7832,0.8394,1,Normal,0,0.0017,1,0.4991
SME_00594,BR-00701864,TAX-6916890585,Urban SupplyChain Ventures,Adnan Rahman,Bangladesh,Dhaka,Uttara,Partnership,Micro,4,Logistics,SupplyChain,2020,83,13.0,27,0,0,0,141398.53,109575.82,0.2128,0.1982,6.18,0.6918,0.6986,0.2275,0.3943,0,31822.71,0.7426,0.5517,0.0114,0,0.261,0,0,0,0.0516,0.8502,0.6986,0.764,1,Normal,0,0.2632,0,0.4427
SME_00595,BR-68159016,TAX-7777203853,Green HomeGoods Enterprises,Sajid Mahmud,Bangladesh,Rajshahi,Motihar,Private Limited,Small,0,Retail,HomeGoods,2023,36,3.33,7,1,0,0,27773.51,26212.05,0.0831,0.6252,23.88,0.3934,0.5333,0.2407,0.3451,0,1561.46,0.3673,0.3396,0.351,1,0.1333,0,0,0,0.0089,0.0488,0.5333,0.3788,0,Critical,1,0.8974,0,0.4427
SME_00596,BR-49071103,TAX-9753645397,Bright Plastic Traders,Karim Islam,Bangladesh,Mymensingh,Trishal,Partnership,Medium,1,Manufacturing,Plastic,2017,108,7.19,8,0,0,0,28603.88,25966.59,0.1359,0.5775,13.97,0.6308,0.5525,0.1107,0.1821,0,2637.3,0.5183,0.3599,0.7101,1,0.171,0,0,0,-0.0294,0.2735,0.5525,0.5169,0,Warning,1,0.8908,0,0.4508
SME_00597,BR-74158147,TAX-1686490219,Ever HealthServices Textiles,Hasan Mahmud,Bangladesh,Dhaka,Mohammadpur,Private Limited,Medium,5,Healthcare,HealthServices,2012,179,10.63,21,1,0,1,127823.39,102827.3,0.2186,0.3659,1.38,0.452,0.6307,0.1717,0.1931,0,24996.09,0.6796,0.5062,0.1373,1,0.3062,0,0,0,0.0632,0.6449,0.6307,0.6729,0,Normal,1,0.9487,0,0.445
SME_00598,BR-28489639,TAX-6456839913,Vertex SupplyChain Ventures,Samira Islam,Bangladesh,Khulna,Daulatpur,Sole Proprietorship,Medium,4,Logistics,SupplyChain,2018,98,7.85,13,0,0,0,94683.31,88915.15,0.0823,0.6617,17.26,0.8002,0.6111,0.5598,0.2846,1,5768.16,0.4794,0.6953,0.1766,0,0.4869,0,0,1,0.1753,0.3241,0.6111,0.4784,0,Warning,0,0.1063,0,0.5561
SME_00599,BR-51877531,TAX-6785978388,Golden Accessories Digital,Rafi Hasan,Bangladesh,Dhaka,Mohammadpur,Cooperative,Small,7,Textile,Accessories,2022,58,9.57,34,0,0,1,117453.36,104358.96,0.1089,0.4175,8.42,0.8254,0.7508,0.2802,0.3644,1,13094.39,0.6299,0.684,0.0221,0,0.1445,0,0,0,0.0853,0.5474,0.7508,0.6293,1,Normal,0,0.0102,0,0.4132
SME_00600,BR-14654900,TAX-9555259767,Green Delivery Foods,Hasan Jahan,Bangladesh,Sylhet,Beanibazar,Sole Proprietorship,Micro,4,Logistics,Delivery,2016,125,14.63,10,0,0,0,54826.24,42279.19,0.1492,0.3187,11.19,0.6828,0.64,0.5166,0.5143,1,12547.06,0.6255,0.6756,0.1387,0,0.7165,1,0,1,0.1509,0.6056,0.64,0.6759,1,Normal,0,0.0766,0,0.452
SME_00601,BR-86704010,TAX-4383958234,Secure Bakery Hub,Imran Hossain,Bangladesh,Dhaka,Dhanmondi,Private Limited,Micro,3,Food,Bakery,2014,148,17.95,7,1,0,1,42302.91,36035.2,0.193,0.339,8.85,0.673,0.6933,0.2397,0.1086,0,6267.71,0.6773,0.5637,0.028,0,0.2691,1,0,0,0.0787,0.7205,0.6933,0.6481,1,Normal,0,0.123,0,0.4409
SME_00602,BR-68487626,TAX-7164881075,Vertex Pharmacy Agro,Adnan Ahmed,Bangladesh,Rangpur,Sadar,Private Limited,Micro,5,Healthcare,Pharmacy,2019,88,12.17,6,0,1,0,91687.0,62120.82,0.2582,0.1714,0.0,0.5387,0.7522,0.1092,0.2132,0,29566.18,0.7998,0.5316,0.1668,1,0.5235,0,1,0,0.061,0.9667,0.7522,0.7813,0,Normal,1,0.9062,0,0.5353
SME_00603,BR-54960149,TAX-1109248508,Vertex Fabric Agro,Mehjabin Ahmed,Bangladesh,Barishal,Sadar,Sole Proprietorship,Small,7,Textile,Fabric,2022,49,7.85,3,0,1,0,23575.01,21939.48,0.1003,0.6167,18.98,0.5704,0.5687,0.086,0.3357,0,1635.53,0.4466,0.4506,0.3215,0,0.145,0,0,0,0.0705,0.2336,0.5687,0.4251,0,Warning,0,0.2204,0,0.4459
SME_00604,BR-67302150,TAX-0011702943,Trust HealthServices Traders,Sadia Sultana,Bangladesh,Dhaka,Mohammadpur,Private Limited,Micro,5,Healthcare,HealthServices,2016,130,4.0,8,1,0,1,45499.7,40717.13,0.1429,0.5199,14.26,0.421,0.5285,0.0465,0.4856,0,4782.57,0.4932,0.3807,0.161,0,0.2079,0,0,0,-0.0023,0.2955,0.5285,0.4986,0,Warning,0,0.1874,1,0.5136
SME_00605,BR-37527621,TAX-4633245460,Trust Fabric Digital,Arif Karim,Bangladesh,Chattogram,Panchlaish,Sole Proprietorship,Micro,7,Textile,Fabric,2023,38,9.55,18,0,0,1,100081.65,85533.98,0.0883,0.6059,13.89,0.6868,0.6793,0.0,0.2142,0,14547.68,0.5056,0.4786,0.0815,0,0.4453,0,0,0,0.079,0.4716,0.6793,0.5102,0,Warning,0,0.0652,0,0.4569
SME_00606,BR-76941606,TAX-4030783506,Future LendingTech Foods,Karim Akter,Bangladesh,Rajshahi,Rajpara,Private Limited,Micro,6,FinTech,LendingTech,2012,179,14.07,13,0,0,1,113044.64,79893.34,0.2629,0.0995,0.0,0.7591,0.6552,0.4504,0.345,0,33151.29,0.8417,0.7041,0.0098,0,0.1856,0,0,0,0.1517,1.0,0.6552,0.8302,1,Normal,0,0.0655,0,0.4766
SME_00607,BR-24387079,TAX-6394004945,Trust Dyeing Textiles,Sadia Rahman,Bangladesh,Sylhet,Balaganj,Private Limited,Medium,7,Textile,Dyeing,2021,61,10.77,9,0,0,1,76994.63,75561.33,0.1247,0.5445,18.9,0.6991,0.7658,0.631,0.3495,1,1433.3,0.5418,0.7248,0.2767,0,0.6676,0,0,1,0.2151,0.3933,0.7658,0.5597,0,Warning,0,0.0888,0,0.5579
SME_00608,BR-17418753,TAX-0779472903,Smart HomeGoods Ventures,Amin Chowdhury,Bangladesh,Chattogram,Kotwali,Sole Proprietorship,Small,0,Retail,HomeGoods,2021,66,18.62,5,0,0,1,15649.65,11658.09,0.2511,0.1664,0.0,0.7974,0.8073,0.4067,0.4976,0,3991.56,0.8515,0.6353,0.0043,0,0.5045,1,0,0,0.1009,0.9976,0.8073,0.8589,1,Normal,0,0.0099,0,0.4835
SME_00609,BR-16373078,TAX-7824018794,Nova Pharmacy Textiles,Sajid Karim,Bangladesh,Dhaka,Mohammadpur,Sole Proprietorship,Growth,5,Healthcare,Pharmacy,2015,132,17.36,10,0,0,0,84147.19,57715.45,0.2531,0.1406,0.63,0.7243,0.6924,0.5251,0.3698,0,26431.74,0.8218,0.6387,0.021,0,0.4839,1,0,1,0.1261,0.8808,0.6924,0.8406,1,Normal,0,0.0647,1,0.4909
SME_00610,BR-32448194,TAX-5463960564,Trust Beverage Mart,Muntasir Kabir,Bangladesh,Dhaka,Uttara,Private Limited,Medium,3,Food,Beverage,2026,8,11.41,17,0,0,0,64214.76,60864.12,0.0922,0.5964,15.22,0.8076,0.779,0.2031,0.3395,0,3350.63,0.544,0.4956,0.0843,0,0.1016,0,0,0,0.0331,0.3247,0.779,0.5681,0,Warning,0,0.0048,0,0.4425
SME_00611,BR-31769216,TAX-9212311814,Green ProcessedFood Hub,Adnan Miah,Bangladesh,Rangpur,Mithapukur,Sole Proprietorship,Small,3,Food,ProcessedFood,2023,41,5.52,12,1,0,0,48285.04,42824.92,0.0744,0.6519,20.42,0.4964,0.6794,0.1307,0.3226,0,5460.12,0.4166,0.4018,0.4644,1,0.159,0,0,0,0.0516,0.3057,0.6794,0.374,0,Critical,1,0.6551,0,0.4445
SME_00612,BR-01841386,TAX-0789701368,Golden FleetServices Logistics,Muntasir Mahmud,Bangladesh,Khulna,Sonadanga,Private Limited,Micro,4,Logistics,FleetServices,2024,27,6.85,10,0,0,0,37903.98,32308.1,0.0516,0.6477,18.18,0.6125,0.6809,0.0572,0.2776,0,5595.89,0.431,0.397,0.2979,0,0.4021,1,0,1,0.0506,0.3448,0.6809,0.4447,0,Warning,0,0.1788,0,0.4471
SME_00613,BR-76619808,TAX-2479117954,Rapid Accessories Agro,Sajid Akter,Bangladesh,Barishal,Banaripara,Private Limited,Small,7,Textile,Accessories,2020,74,10.09,6,0,0,0,17470.98,15896.12,0.1161,0.482,16.45,0.5614,0.5716,0.0,0.3995,0,1574.86,0.5012,0.3508,0.625,1,0.1493,1,0,0,-0.0051,0.2534,0.5716,0.4754,0,Warning,0,0.1887,1,0.5082
SME_00614,BR-49582772,TAX-3605661425,Trust Dyeing Traders,Sajid Chowdhury,Bangladesh,Khulna,Daulatpur,Private Limited,Micro,7,Textile,Dyeing,2018,102,8.3,15,1,0,0,117344.6,104235.9,0.0659,0.7545,25.63,0.6382,0.6037,0.0954,0.2328,0,13108.7,0.3723,0.3129,0.709,0,0.4929,1,0,0,0.0176,0.1196,0.6037,0.3773,0,Critical,0,0.255,0,0.4745
SME_00615,BR-35851509,TAX-4029349981,Urban MetalWorks Logistics,Nafisa Mahmud,Bangladesh,Rangpur,Mithapukur,Sole Proprietorship,Small,1,Manufacturing,MetalWorks,2023,37,11.24,3,0,0,1,30124.4,27073.19,0.1173,0.4796,18.23,0.5219,0.7702,0.1879,0.1803,0,3051.22,0.5223,0.5296,0.1764,1,0.2302,0,0,0,0.1104,0.3518,0.7702,0.5208,0,Warning,1,0.9178,0,0.4415
SME_00616,BR-04705478,TAX-1564932071,Vertex Pharmacy Hub,Amin Islam,Bangladesh,Dhaka,Mohammadpur,Private Limited,Small,5,Healthcare,Pharmacy,2021,65,11.59,11,0,0,1,121142.04,87710.69,0.2353,0.2242,1.75,0.6601,0.7007,0.5512,0.2874,0,33431.35,0.7728,0.6242,0.0267,1,0.5834,0,0,0,0.1399,0.9989,0.7007,0.7722,0,Normal,0,0.0799,0,0.4685
SME_00617,BR-42507912,TAX-4521170071,Green Diagnostics Partners,Karim Kabir,Bangladesh,Dhaka,Mohammadpur,Cooperative,Small,5,Healthcare,Diagnostics,2015,140,8.31,42,0,1,1,234222.11,195713.45,0.1998,0.2889,5.53,0.6615,0.6735,0.1039,0.3735,0,38508.66,0.7052,0.4919,0.0363,0,0.5129,0,0,0,0.0365,0.6966,0.6735,0.6811,1,Normal,0,0.2176,0,0.4627
SME_00618,BR-60437870,TAX-6508198814,Golden AgroProcessing Solutions,Amin Hossain,Bangladesh,Rangpur,Gangachara,Sole Proprietorship,Micro,2,AgriTech,AgroProcessing,2012,169,18.42,4,0,0,0,28398.26,22947.87,0.2011,0.3205,0.0,0.7897,0.6928,0.4549,0.2348,0,5450.4,0.7539,0.6456,0.0089,0,0.2837,0,0,0,0.1325,0.8674,0.6928,0.7745,1,Normal,0,0.0476,0,0.4453
SME_00619,BR-47847346,TAX-4036581158,Vertex Electronics Traders,Sadia Miah,Bangladesh,Rangpur,Sadar,Partnership,Medium,0,Retail,Electronics,2026,8,8.68,8,0,0,0,26778.7,18305.25,0.187,0.353,0.0,0.6417,0.6388,0.1869,0.2724,0,8473.45,0.6986,0.5838,0.1001,0,0.2948,0,0,1,0.1198,0.6982,0.6388,0.6728,1,Normal,0,0.2175,0,0.4756
SME_00620,BR-80830429,TAX-0595278322,Prime Grocery Mart,Sadia Chowdhury,Bangladesh,Chattogram,Kotwali,Sole Proprietorship,Medium,0,Retail,Grocery,2017,115,4.92,9,1,0,1,50638.33,45937.26,0.1119,0.5985,17.47,0.7122,0.7684,0.1078,0.2142,1,4701.07,0.5294,0.5974,0.1175,0,0.2032,0,0,0,0.0324,0.3259,0.7684,0.5444,0,Warning,0,0.0183,0,0.442
SME_00621,BR-57708709,TAX-0487069368,Rapid Payments Studio,Arif Karim,Bangladesh,Chattogram,Kotwali,Partnership,Medium,6,FinTech,Payments,2026,10,8.13,7,1,0,0,103605.88,82327.98,0.1909,0.2785,11.29,0.5789,0.6146,0.086,0.3913,0,21277.9,0.6453,0.5408,0.1239,1,0.2475,0,0,0,0.0879,0.4837,0.6146,0.6167,0,Normal,0,0.1555,1,0.4961
SME_00622,BR-68136315,TAX-7167867152,Trust Restaurant Ventures,Shila Ahmed,Bangladesh,Khulna,Sonadanga,Private Limited,Small,3,Food,Restaurant,2018,96,12.32,17,0,0,0,71155.22,63665.59,0.1761,0.3318,3.65,0.7946,0.7979,0.6179,0.3764,1,7489.63,0.7319,0.7475,0.0081,0,0.6288,1,0,1,0.1478,0.6648,0.7979,0.7315,1,Normal,0,0.0069,0,0.4631
SME_00623,BR-07292149,TAX-7400081633,Green Fabric Enterprises,Sajid Sarkar,Bangladesh,Chattogram,Pahartali,Partnership,Small,7,Textile,Fabric,2013,159,17.19,12,0,0,0,134811.5,115168.64,0.1655,0.4883,4.65,0.7793,0.6943,0.1678,0.3409,0,19642.86,0.6621,0.5351,0.0255,0,0.2479,1,0,0,0.0509,0.43,0.6943,0.6982,1,Normal,0,0.0458,0,0.4179
SME_00624,BR-59272326,TAX-4893533953,Blue Restaurant Textiles,Sajid Jahan,Bangladesh,Dhaka,Mohammadpur,Private Limited,Micro,3,Food,Restaurant,2014,144,11.45,10,1,0,0,35181.99,30079.22,0.1828,0.1388,7.65,0.6862,0.8638,0.334,0.3413,1,5102.76,0.752,0.6939,0.0176,0,0.0692,1,0,0,0.0524,0.7572,0.8638,0.7992,1,Normal,0,0.0146,0,0.4205
SME_00625,BR-20345176,TAX-8669665404,Trust Accessories Traders,Nusrat Hasan,Bangladesh,Barishal,Bakerganj,Sole Proprietorship,Medium,7,Textile,Accessories,2023,46,12.85,15,0,0,1,34889.63,29107.08,0.1302,0.6294,14.8,0.7493,0.7612,0.1426,0.1557,0,5782.55,0.5568,0.5114,0.0732,0,0.2369,0,0,0,0.0481,0.6664,0.7612,0.5244,1,Warning,0,0.0063,0,0.4672
SME_00626,BR-52679890,TAX-3562222539,Trust ProcessedFood Traders,Muntasir Chowdhury,Bangladesh,Dhaka,Dhanmondi,Sole Proprietorship,Small,3,Food,ProcessedFood,2022,50,10.42,9,1,1,1,67158.89,55460.39,0.1347,0.7045,15.87,0.6429,0.7068,0.4744,0.2388,0,11698.5,0.5096,0.5958,0.0772,0,0.0958,0,0,0,0.1309,0.5243,0.7068,0.4955,0,Warning,0,0.1785,1,0.5297
SME_00627,BR-84082912,TAX-9533854246,Rapid LendingTech Hub,Rahim Kabir,Bangladesh,Sylhet,Beanibazar,Sole Proprietorship,Micro,6,FinTech,LendingTech,2015,142,7.47,61,0,1,0,169687.95,135455.2,0.2005,0.3167,0.0,0.8705,0.8473,0.6451,0.3181,1,34232.76,0.7966,0.8233,0.0059,0,0.7707,1,0,0,0.2061,0.6945,0.8473,0.7861,1,Normal,0,0.0283,0,0.4727
SME_00628,BR-64856295,TAX-7817263537,Bright Fashion Care,Tanvir Jahan,Bangladesh,Dhaka,Dhanmondi,Private Limited,Small,0,Retail,Fashion,2014,148,7.27,10,0,0,0,97967.23,86137.33,0.1027,0.6305,16.12,0.6633,0.5877,0.3252,0.396,1,11829.9,0.4802,0.5593,0.7428,1,0.1053,0,0,0,0.0787,0.3679,0.5877,0.5253,0,Warning,0,0.25,0,0.4372
SME_00629,BR-13462082,TAX-5178627816,Alpha Restaurant Partners,Nusrat Akter,Bangladesh,Dhaka,Gulshan,Private Limited,Growth,3,Food,Restaurant,2022,54,14.29,10,1,0,1,74859.77,67493.47,0.1653,0.4099,9.21,0.8583,0.742,0.2376,0.3122,0,7366.29,0.6789,0.6082,0.0138,0,0.0957,0,0,0,0.0862,0.7354,0.742,0.6775,1,Normal,0,0.003,0,0.4044
SME_00630,BR-96436356,TAX-4242551629,Green LendingTech Works,Mehjabin Rahman,Bangladesh,Sylhet,Balaganj,Partnership,Small,6,FinTech,LendingTech,2026,6,12.98,3,0,0,1,57543.8,43880.69,0.2298,0.127,0.0,0.6826,0.737,0.5503,0.2661,0,13663.11,0.809,0.6801,0.0075,0,0.4835,0,0,1,0.1756,0.8842,0.737,0.8305,1,Normal,0,0.3145,0,0.4702
SME_00631,BR-84317124,TAX-8901994952,Rapid Fabric Digital,Hasan Rahman,Bangladesh,Chattogram,Pahartali,Private Limited,Small,7,Textile,Fabric,2020,83,12.06,7,0,1,1,66403.67,54478.21,0.1183,0.4907,9.41,0.6815,0.6541,0.2879,0.3545,0,11925.46,0.5733,0.542,0.0413,0,0.073,0,0,0,0.0865,0.5898,0.6541,0.5793,1,Warning,0,0.1498,0,0.4076
SME_00632,BR-97034197,TAX-5104954311,Bright LendingTech Textiles,Nafisa Sarkar,Bangladesh,Sylhet,Balaganj,Sole Proprietorship,Small,6,FinTech,LendingTech,2017,113,17.75,18,1,0,1,95377.01,58917.9,0.3409,0.0,0.0,0.8205,0.9334,1.0,0.474,1,36459.11,0.9557,0.8779,0.0123,0,0.8531,0,0,0,0.2265,1.0,0.9334,0.9317,1,Normal,0,0.0041,1,0.6932
SME_00633,BR-29866120,TAX-3808252796,Bright Electronics Mart,Sajid Sarkar,Bangladesh,Dhaka,Mirpur,Sole Proprietorship,Small,0,Retail,Electronics,2020,83,14.99,4,0,0,1,12521.88,10798.76,0.1859,0.2178,1.26,0.7306,0.7202,0.5595,0.323,0,1723.12,0.7517,0.5972,0.014,0,0.6211,1,0,0,0.1327,0.5742,0.7202,0.7145,1,Normal,0,0.1009,0,0.467
SME_00634,BR-31215033,TAX-2850362426,Bright ColdStorage Care,Karim Ahmed,Bangladesh,Rangpur,Gangachara,Sole Proprietorship,Small,2,AgriTech,ColdStorage,2012,168,16.33,3,0,0,0,30234.42,26555.24,0.1133,0.4539,20.7,0.5954,0.7065,0.4105,0.3896,0,3679.18,0.5138,0.6173,0.1816,0,0.2001,0,0,0,0.1876,0.3711,0.7065,0.5015,0,Warning,0,0.2317,0,0.4346
SME_00635,BR-35139441,TAX-5258153288,Future Fashion Ventures,Rafi Miah,Bangladesh,Sylhet,Zindabazar,Cooperative,Small,0,Retail,Fashion,2014,147,9.25,9,0,0,0,25280.61,22342.7,0.1052,0.5606,21.48,0.515,0.6609,0.1117,0.3304,0,2937.91,0.4569,0.4005,0.4526,0,0.1389,0,0,0,0.0304,0.2061,0.6609,0.5032,0,Warning,0,0.0663,0,0.4442
SME_00636,BR-43079374,TAX-2690792408,Rapid Electronics Agro,Rumana Rahman,Bangladesh,Barishal,Bakerganj,Private Limited,Small,0,Retail,Electronics,2015,143,19.69,21,0,0,0,108095.76,91092.09,0.2103,0.3163,0.0,0.7902,0.8244,0.3606,0.3202,0,17003.68,0.7863,0.6528,0.0063,0,0.2408,0,0,1,0.1142,0.9399,0.8244,0.7915,1,Normal,0,0.0067,0,0.4065
SME_00637,BR-29951594,TAX-2411212355,Prime FleetServices Partners,Rahim Sultana,Bangladesh,Dhaka,Dhanmondi,Private Limited,Medium,4,Logistics,FleetServices,2026,9,10.45,9,0,0,0,65778.09,53492.17,0.141,0.36,4.05,0.6901,0.5708,0.4481,0.3397,0,12285.93,0.6347,0.543,0.2914,1,0.091,0,1,0,0.1081,0.5803,0.5708,0.6558,0,Normal,0,0.2104,0,0.4226
SME_00638,BR-67915348,TAX-3210747363,Secure Clinic Digital,Karim Rahman,Bangladesh,Chattogram,Panchlaish,Sole Proprietorship,Micro,5,Healthcare,Clinic,2014,154,11.59,7,0,0,0,77609.3,52834.87,0.2075,0.1731,0.0,0.6443,0.7342,0.5586,0.456,1,24774.44,0.7729,0.7281,0.0507,0,0.8274,1,0,0,0.163,0.9408,0.7342,0.7445,1,Normal,0,0.1277,0,0.4666
SME_00639,BR-40065292,TAX-5284753468,Vertex Payments Partners,Shila Chowdhury,Bangladesh,Chattogram,Halishahar,Sole Proprietorship,Medium,6,FinTech,Payments,2015,137,9.89,3,0,0,1,50858.94,38037.71,0.2095,0.2615,0.0,0.5543,0.6461,0.2874,0.4107,0,12821.23,0.7231,0.5295,0.3081,0,0.0704,0,1,0,0.0677,0.6857,0.6461,0.7166,1,Normal,0,0.2276,0,0.4492
SME_00640,BR-05460513,TAX-6376637234,Alpha Dyeing Enterprises,Mehjabin Miah,Bangladesh,Khulna,Khalishpur,Private Limited,Small,7,Textile,Dyeing,2020,75,11.53,12,1,0,1,69370.36,62062.39,0.1175,0.426,12.34,0.7,0.7021,0.0,0.3463,0,7307.96,0.5839,0.4667,0.0693,0,0.2183,0,0,0,0.0261,0.303,0.7021,0.5995,1,Warning,0,0.1331,1,0.4946
SME_00641,BR-69931833,TAX-2226409264,Bright Diagnostics Textiles,Shila Hasan,Bangladesh,Chattogram,Panchlaish,Partnership,Medium,5,Healthcare,Diagnostics,2017,108,4.92,13,0,0,1,88602.46,74036.19,0.1519,0.1643,0.0,0.5988,0.708,0.0976,0.2388,0,14566.27,0.7157,0.5128,0.1263,1,0.378,1,1,0,0.0821,0.6388,0.708,0.6939,0,Normal,0,0.2296,0,0.4679
SME_00642,BR-23980749,TAX-8333479022,Smart SMEFinance Partners,Nafisa Rahman,Bangladesh,Dhaka,Uttara,Cooperative,Medium,6,FinTech,SMEFinance,2014,149,15.77,3,0,1,1,79221.03,49282.32,0.2999,0.0,0.0,0.7717,0.6658,0.5462,0.2644,0,29938.72,0.8987,0.6347,0.0173,0,0.5308,0,0,1,0.0975,1.0,0.6658,0.8974,1,Normal,0,0.0655,1,0.583
SME_00643,BR-82894815,TAX-3941865889,Smart Fashion Mart,Amin Akter,Bangladesh,Chattogram,Kotwali,Private Limited,Medium,0,Retail,Fashion,2013,163,9.62,18,0,0,1,98548.78,90427.14,0.1332,0.5197,13.68,0.5916,0.6353,0.0,0.3348,0,8121.64,0.5381,0.3588,0.6667,0,0.2575,1,0,0,-0.0212,0.4536,0.6353,0.5205,0,Warning,1,0.6684,0,0.4759
SME_00644,BR-02489097,TAX-3709060094,Secure LightManufacturing Hub,Ritu Ahmed,Bangladesh,Dhaka,Dhanmondi,Partnership,Small,1,Manufacturing,LightManufacturing,2018,101,12.85,14,1,1,0,102585.6,78273.95,0.2452,0.1227,0.0,0.9628,0.6757,0.39,0.3779,1,24311.64,0.8622,0.8347,0.012,0,0.1385,0,0,0,0.1367,1.0,0.6757,0.8787,1,Normal,0,0.0911,0,0.4436
SME_00645,BR-04945771,TAX-2829235200,Nova FleetServices Logistics,Rumana Islam,Bangladesh,Chattogram,Pahartali,Private Limited,Growth,4,Logistics,FleetServices,2025,13,6.35,18,0,0,0,62170.02,53150.66,0.1645,0.3743,15.5,0.7277,0.7391,0.3118,0.426,1,9019.36,0.6301,0.6822,0.0926,0,0.0949,0,0,0,0.07,0.6278,0.7391,0.6381,1,Normal,0,0.0472,0,0.4131
SME_00646,BR-13508835,TAX-6799159828,Blue Accessories Traders,Tariq Sultana,Bangladesh,Dhaka,Dhanmondi,Cooperative,Small,7,Textile,Accessories,2017,113,10.71,13,1,1,0,112626.7,96308.12,0.1659,0.446,11.53,0.7291,0.7134,0.0266,0.0883,0,16318.58,0.6312,0.4725,0.0377,1,0.6846,1,0,0,0.0392,0.5207,0.7134,0.6449,0,Normal,0,0.1514,0,0.4878
SME_00647,BR-40029846,TAX-1701811477,Ever HomeGoods Digital,Tariq Hasan,Bangladesh,Dhaka,Gulshan,Partnership,Medium,0,Retail,HomeGoods,2016,124,9.11,13,0,0,1,24161.24,18355.09,0.1754,0.2677,0.0,0.6735,0.7125,0.1674,0.4632,0,5806.15,0.7267,0.5339,0.0147,0,0.305,0,0,0,0.0609,0.6856,0.7125,0.7441,1,Normal,0,0.3425,1,0.4936
SME_00648,BR-84462129,TAX-1920875050,Golden Beverage Care,Samira Chowdhury,Bangladesh,Rajshahi,Boalia,Private Limited,Medium,3,Food,Beverage,2025,16,7.89,12,0,0,0,58171.37,50459.75,0.1477,0.3413,1.88,0.5655,0.6142,0.162,0.3737,1,7711.62,0.6408,0.6156,0.1483,0,0.1089,0,0,0,0.0618,0.4286,0.6142,0.6362,1,Normal,0,0.2293,0,0.4373
SME_00649,BR-07558646,TAX-1011885221,Alpha FleetServices Hub,Samira Jahan,Bangladesh,Chattogram,Panchlaish,Cooperative,Micro,4,Logistics,FleetServices,2014,148,20.49,15,1,0,0,115000.82,96699.25,0.2045,0.2872,2.29,0.7586,0.8993,0.2919,0.3656,0,18301.57,0.7841,0.6469,0.0109,0,0.3831,0,0,1,0.1208,0.8715,0.8993,0.8042,1,Normal,0,0.0051,0,0.4131
SME_00650,BR-15581038,TAX-1267030476,Trust Electronics Mart,Samira Miah,Bangladesh,Chattogram,Panchlaish,Sole Proprietorship,Small,0,Retail,Electronics,2023,41,14.91,3,1,0,0,11917.63,10296.28,0.1931,0.2717,1.35,0.6244,0.5921,0.481,0.1843,0,1621.36,0.7032,0.6248,0.1309,0,0.3116,1,1,0,0.166,0.6937,0.5921,0.6914,1,Normal,0,0.0997,0,0.4628
SME_00651,BR-11249325,TAX-3545993677,Urban AgroProcessing Agro,Samira Ahmed,Bangladesh,Khulna,Daulatpur,Private Limited,Small,2,AgriTech,AgroProcessing,2013,160,14.75,4,0,0,0,31893.96,27238.31,0.182,0.4293,12.17,0.735,0.6667,0.508,0.3265,0,4655.65,0.6378,0.6192,0.0652,0,0.1388,0,0,0,0.1213,0.6239,0.6667,0.6503,1,Normal,0,0.2899,0,0.458
SME_00652,BR-95710758,TAX-7545482532,Fresh Dyeing Studio,Rumana Rahman,Bangladesh,Mymensingh,Muktagacha,Sole Proprietorship,Micro,7,Textile,Dyeing,2018,101,11.27,6,0,0,0,42168.32,36864.38,0.1514,0.4553,11.5,0.5619,0.6464,0.2966,0.3693,0,5303.94,0.5751,0.4984,0.4658,0,0.1126,0,1,0,0.0883,0.503,0.6464,0.5357,1,Warning,0,0.3144,0,0.4094
SME_00653,BR-86366058,TAX-6433310461,Smart SupplyChain Works,Rafi Islam,Bangladesh,Chattogram,Panchlaish,Private Limited,Small,4,Logistics,SupplyChain,2021,62,13.44,8,0,1,1,49146.07,37968.54,0.1406,0.5738,2.73,0.5805,0.6788,0.2322,0.21,0,11177.53,0.5937,0.4701,0.2768,0,0.187,0,1,0,0.0516,0.7318,0.6788,0.5788,1,Warning,0,0.1741,0,0.4314
SME_00654,BR-05343911,TAX-8776320244,Bright LightManufacturing Care,Anika Akter,Bangladesh,Rajshahi,Motihar,Private Limited,Small,1,Manufacturing,LightManufacturing,2025,16,13.05,11,0,1,1,101188.58,79005.04,0.2185,0.1254,0.0,0.7996,0.8132,0.3159,0.0616,1,22183.54,0.8348,0.7184,0.0116,0,0.4661,0,0,0,0.0813,0.7681,0.8132,0.8811,1,Normal,0,0.0454,1,0.4963
SME_00655,BR-21868555,TAX-4484409892,Golden Garments Enterprises,Rahim Hossain,Bangladesh,Rangpur,Sadar,Private Limited,Small,7,Textile,Garments,2026,9,4.98,11,1,1,0,36003.56,32760.77,0.0422,0.9084,26.74,0.5915,0.635,0.2167,0.4141,0,3242.79,0.3103,0.3449,0.6455,1,0.2264,0,0,0,0.0323,0.0,0.635,0.3225,0,Critical,1,0.8547,1,0.5157
SME_00656,BR-71408943,TAX-0436453549,Alpha DairySupport Enterprises,Farhana Rahman,Bangladesh,Khulna,Sonadanga,Partnership,Micro,2,AgriTech,DairySupport,2015,135,12.19,18,1,0,0,68277.2,59859.11,0.1874,0.5228,9.85,0.7201,0.8257,0.4232,0.3246,0,8418.09,0.6594,0.6972,0.0265,0,0.1395,0,0,0,0.1691,0.6168,0.8257,0.6716,1,Normal,0,0.0057,0,0.4351
SME_00657,BR-38857370,TAX-8431919172,Green Accessories Solutions,Nafisa Chowdhury,Bangladesh,Barishal,Banaripara,Private Limited,Medium,7,Textile,Accessories,2021,71,3.08,18,0,1,1,37637.69,39855.95,-0.0024,0.9214,28.21,0.4952,0.6146,0.0,0.4606,0,-2218.26,0.2438,0.2538,0.5018,1,0.5024,0,0,0,-0.0272,0.0,0.6146,0.2273,0,Critical,1,0.7409,1,0.6587
SME_00658,BR-82812110,TAX-0250474620,Trust LightManufacturing Care,Shakil Kabir,Bangladesh,Mymensingh,Kotwali,Sole Proprietorship,Small,1,Manufacturing,LightManufacturing,2014,152,17.56,5,0,1,0,63027.31,47880.49,0.1928,0.3625,3.85,0.5287,0.6217,0.4928,0.3463,0,15146.82,0.6584,0.6103,0.0662,0,0.0903,0,0,0,0.1365,0.8108,0.6217,0.6365,1,Normal,0,0.0974,0,0.4444
SME_00659,BR-67077017,TAX-5144707750,Blue Delivery Digital,Hasan Sultana,Bangladesh,Dhaka,Dhanmondi,Sole Proprietorship,Medium,4,Logistics,Delivery,2023,46,17.79,10,0,0,1,60802.04,50406.64,0.1687,0.2383,0.0,0.8642,0.839,0.1777,0.2404,0,10395.4,0.7847,0.6021,0.0036,0,0.2167,0,0,0,0.0766,0.7904,0.839,0.7794,1,Normal,0,0.0029,0,0.4419
SME_00660,BR-50120677,TAX-9936472190,Fresh FarmInputs Care,Rumana Ahmed,Bangladesh,Chattogram,Pahartali,Sole Proprietorship,Micro,2,AgriTech,FarmInputs,2013,166,13.85,5,0,0,0,23753.27,20440.03,0.1519,0.4484,7.53,0.8915,0.9684,0.3936,0.352,1,3313.24,0.7145,0.7765,0.0097,0,0.0669,0,0,0,0.1031,0.6262,0.9684,0.7132,1,Normal,0,0.0031,0,0.417
SME_00661,BR-92913089,TAX-3303915481,Golden Plastic Works,Ritu Jahan,Bangladesh,Sylhet,Beanibazar,Private Limited,Small,1,Manufacturing,Plastic,2012,169,5.13,8,0,0,0,83607.25,72269.27,0.1806,0.4379,8.67,0.5524,0.6612,0.0403,0.3452,0,11337.99,0.6186,0.4391,0.4306,0,0.2146,1,1,0,0.024,0.6117,0.6612,0.6569,1,Normal,0,0.1645,0,0.4633
SME_00662,BR-93157250,TAX-5290082404,Nova Dyeing Enterprises,Shakil Jahan,Bangladesh,Rangpur,Sadar,Partnership,Micro,7,Textile,Dyeing,2025,23,11.2,11,0,0,0,49016.52,39298.26,0.1145,0.4606,18.11,0.5884,0.7575,0.2227,0.2247,0,9718.27,0.5344,0.4639,0.1926,0,0.0746,0,0,0,0.032,0.552,0.7575,0.5548,0,Warning,0,0.1991,0,0.4215
SME_00663,BR-50212959,TAX-9940486989,Golden LightManufacturing Solutions,Mehjabin Sarkar,Bangladesh,Khulna,Daulatpur,Sole Proprietorship,Medium,1,Manufacturing,LightManufacturing,2017,118,8.32,3,0,0,1,47294.59,35732.44,0.134,0.5107,11.45,0.5084,0.4524,0.089,0.3427,0,11562.15,0.5041,0.3893,0.1263,1,0.1354,0,0,0,-0.0165,0.6903,0.4524,0.5063,0,Warning,1,0.9206,0,0.4684
SME_00664,BR-02573549,TAX-2588365685,Urban Electronics Traders,Shakil Kabir,Bangladesh,Dhaka,Mirpur,Private Limited,Small,0,Retail,Electronics,2012,169,10.98,38,0,0,1,103134.3,84305.21,0.1845,0.2738,0.0,0.8967,0.8807,0.1451,0.2006,1,18829.1,0.8034,0.6888,0.0085,0,0.424,0,0,0,0.0476,0.811,0.8807,0.8047,1,Normal,0,0.0277,0,0.4521
SME_00665,BR-13322191,TAX-6872842939,Urban AgroProcessing Foods,Mehjabin Miah,Bangladesh,Rajshahi,Boalia,Partnership,Growth,2,AgriTech,AgroProcessing,2021,62,12.57,13,1,0,0,44370.27,32449.24,0.1421,0.4697,15.9,0.6977,0.6933,0.0,0.2565,0,11921.04,0.5748,0.4632,0.1553,0,0.3242,0,0,1,0.0282,0.6287,0.6933,0.59,1,Warning,0,0.171,1,0.5039
SME_00666,BR-11775031,TAX-9058285829,Alpha HealthServices Foods,Tanvir Miah,Bangladesh,Dhaka,Dhanmondi,Partnership,Small,5,Healthcare,HealthServices,2025,17,9.58,6,0,0,0,57151.33,46785.47,0.1893,0.4131,5.55,0.6961,0.5278,0.202,0.3822,0,10365.86,0.649,0.5288,0.3709,0,0.0692,0,1,0,0.0784,0.6093,0.5278,0.6226,1,Normal,0,0.2327,0,0.4232
SME_00667,BR-26394528,TAX-4105374301,Blue AccountingTech Partners,Rahim Islam,Bangladesh,Mymensingh,Trishal,Partnership,Small,6,FinTech,AccountingTech,2013,158,11.31,29,0,0,0,144995.07,108442.29,0.2817,0.0247,0.0,0.921,0.8291,0.4971,0.3552,1,36552.78,0.9343,0.8913,0.0087,0,0.3639,0,0,0,0.176,0.9003,0.8291,0.8959,1,Normal,0,0.0056,0,0.4839
SME_00668,BR-10846194,TAX-4903848140,Golden Accessories Hub,Shila Chowdhury,Bangladesh,Khulna,Sonadanga,Sole Proprietorship,Micro,7,Textile,Accessories,2019,88,8.33,7,0,1,0,46948.83,47119.79,0.0582,0.6889,20.06,0.6572,0.6984,0.4657,0.4257,1,-170.96,0.4291,0.6057,0.2626,0,0.1906,1,0,0,0.0971,0.0931,0.6984,0.444,0,Warning,0,0.151,0,0.543
SME_00669,BR-14601451,TAX-9128495482,Bright Packaging Traders,Shila Miah,Bangladesh,Sylhet,Zindabazar,Private Limited,Small,1,Manufacturing,Packaging,2026,10,8.84,10,0,1,1,69880.16,57860.45,0.1409,0.5665,12.74,0.4485,0.5544,0.2272,0.2655,0,12019.71,0.4986,0.4388,0.1532,0,0.0707,0,0,0,0.0339,0.5461,0.5544,0.5,0,Warning,0,0.2026,0,0.4237
SME_00670,BR-99093591,TAX-6113300705,Future DairySupport Agro,Karim Jahan,Bangladesh,Barishal,Bakerganj,Partnership,Small,2,AgriTech,DairySupport,2014,152,11.43,7,0,1,1,33318.77,29006.13,0.1375,0.5818,10.06,0.5678,0.6501,0.3879,0.1866,0,4312.64,0.5447,0.5735,0.3774,0,0.0936,1,1,0,0.1531,0.5025,0.6501,0.5185,0,Warning,0,0.1437,0,0.4722
SME_00671,BR-87275276,TAX-4098690119,Blue Grocery Partners,Sajid Sarkar,Bangladesh,Rajshahi,Motihar,Sole Proprietorship,Small,0,Retail,Grocery,2016,124,7.7,24,0,0,1,98521.3,86312.52,0.1565,0.2927,6.25,0.7114,0.7466,0.2933,0.2708,1,12208.78,0.6867,0.7053,0.0491,0,0.1556,0,0,0,0.0983,0.6027,0.7466,0.6448,1,Normal,0,0.0352,0,0.4064
SME_00672,BR-44644271,TAX-3683508305,Green SupplyChain Works,Shakil Kabir,Bangladesh,Rajshahi,Motihar,Cooperative,Micro,4,Logistics,SupplyChain,2025,18,7.27,8,0,0,1,54628.66,43075.32,0.1527,0.3872,9.87,0.5716,0.7254,0.1191,0.3858,1,11553.34,0.6154,0.6017,0.379,0,0.1585,0,0,0,0.058,0.6081,0.7254,0.6333,1,Normal,0,0.2714,0,0.446
SME_00673,BR-24610006,TAX-9681139156,Golden Dyeing Partners,Mashrur Ahmed,Bangladesh,Mymensingh,Muktagacha,Private Limited,Micro,7,Textile,Dyeing,2022,51,11.06,10,0,0,1,58432.34,53855.66,0.1241,0.3131,7.54,0.7189,0.7306,0.1272,0.315,0,4576.68,0.6471,0.5057,0.0155,0,0.1338,1,0,0,0.0394,0.5305,0.7306,0.6367,1,Normal,0,0.2246,0,0.4514
SME_00674,BR-93616007,TAX-5820626606,Green Clinic Enterprises,Karim Sarkar,Bangladesh,Barishal,Banaripara,Private Limited,Micro,5,Healthcare,Clinic,2026,9,7.59,19,1,0,0,58473.62,47949.55,0.1937,0.2947,0.0,0.7246,0.7521,0.2398,0.2976,1,10524.07,0.7524,0.6964,0.0229,0,0.0794,0,0,0,0.0581,0.8104,0.7521,0.7604,1,Normal,0,0.0355,0,0.4209
SME_00675,BR-77264238,TAX-6086683527,Smart Delivery Works,Arif Hasan,Bangladesh,Barishal,Banaripara,Private Limited,Growth,4,Logistics,Delivery,2012,172,8.08,13,0,0,0,120945.97,101363.12,0.1316,0.6393,16.29,0.4869,0.7004,0.2263,0.3597,0,19582.86,0.4901,0.4443,0.2597,1,0.1272,0,0,0,0.0363,0.4718,0.7004,0.4848,0,Warning,1,0.9563,0,0.4311
SME_00676,BR-59049333,TAX-4829332110,Blue FarmInputs Solutions,Nusrat Islam,Bangladesh,Dhaka,Mohammadpur,Cooperative,Small,2,AgriTech,FarmInputs,2026,10,12.29,9,0,0,0,22917.29,20224.75,0.1246,0.4676,9.35,0.7755,0.7604,0.5428,0.3571,0,2692.55,0.62,0.6197,0.0195,0,0.4998,1,0,1,0.1652,0.4624,0.7604,0.6193,1,Normal,0,0.0106,0,0.4668
SME_00677,BR-40583741,TAX-5114107657,Urban Fabric Hub,Mehjabin Ahmed,Bangladesh,Rajshahi,Motihar,Partnership,Micro,7,Textile,Fabric,2014,144,1.84,18,0,0,0,55867.54,55648.6,-0.003,0.9312,26.55,0.5407,0.5643,0.1158,0.2799,0,218.95,0.2492,0.3025,0.3035,0,0.3311,0,0,1,0.0104,0.0,0.5643,0.2374,0,Critical,0,0.3001,1,0.5878
SME_00678,BR-74166654,TAX-4169559240,Golden ProcessedFood Ventures,Hasan Mahmud,Bangladesh,Dhaka,Dhanmondi,Private Limited,Growth,3,Food,ProcessedFood,2019,94,9.35,41,1,0,0,158311.02,145255.97,0.1215,0.4887,14.08,0.7789,0.5543,0.0,0.3455,0,13055.06,0.5522,0.4493,0.0942,0,0.4563,0,0,0,0.0388,0.5138,0.5543,0.5507,1,Warning,0,0.3458,0,0.4872
SME_00679,BR-85349639,TAX-1100821463,Golden Fashion Enterprises,Mehjabin Chowdhury,Bangladesh,Barishal,Bakerganj,Private Limited,Micro,0,Retail,Fashion,2018,107,9.09,11,0,1,0,60484.38,54006.15,0.0891,0.5818,17.37,0.7056,0.69,0.2421,0.4,0,6478.23,0.4992,0.5237,0.1206,0,0.1595,0,0,0,0.0934,0.3504,0.69,0.5107,0,Warning,0,0.1039,0,0.4295
SME_00680,BR-30083708,TAX-7313943956,Vertex FarmInputs Logistics,Nafisa Islam,Bangladesh,Rajshahi,Rajpara,Sole Proprietorship,Small,2,AgriTech,FarmInputs,2014,147,13.49,10,1,0,1,55580.59,46633.03,0.1723,0.37,5.63,0.6625,0.6287,0.3198,0.2679,0,8947.56,0.656,0.5406,0.15,0,0.1047,0,1,0,0.0741,0.6592,0.6287,0.6505,1,Normal,0,0.0517,0,0.4151
SME_00681,BR-30333626,TAX-0794491826,Rapid Electronics Studio,Tanvir Jahan,Bangladesh,Chattogram,Panchlaish,Sole Proprietorship,Medium,0,Retail,Electronics,2013,161,15.61,10,0,0,1,54247.68,41063.52,0.212,0.1809,2.11,0.7864,0.6506,0.3559,0.3739,0,13184.16,0.7748,0.6461,0.0232,0,0.1441,0,0,0,0.121,0.7226,0.6506,0.7681,1,Normal,0,0.1177,0,0.4265
SME_00682,BR-59033034,TAX-9974767830,Golden Plastic Partners,Farhana Sultana,Bangladesh,Dhaka,Uttara,Sole Proprietorship,Growth,1,Manufacturing,Plastic,2024,28,13.44,20,0,0,0,81474.53,64061.88,0.1668,0.3443,7.9,0.6921,0.7229,0.0,0.1331,0,17412.65,0.6679,0.5104,0.0219,0,0.3808,0,0,0,0.048,0.7417,0.7229,0.6801,1,Normal,0,0.0216,1,0.5061
SME_00683,BR-85926593,TAX-4852367558,Bright Fashion Ventures,Rafi Sarkar,Bangladesh,Chattogram,Pahartali,Private Limited,Medium,0,Retail,Fashion,2026,9,5.45,6,0,0,1,22950.58,21021.62,0.0926,0.5468,17.8,0.6763,0.6867,0.2099,0.3761,0,1928.96,0.5019,0.4481,0.2052,0,0.0981,0,0,0,0.0292,0.2084,0.6867,0.5154,0,Warning,0,0.2266,0,0.4329
SME_00684,BR-35816357,TAX-9664984755,Rapid Restaurant Partners,Farhana Islam,Bangladesh,Sylhet,Zindabazar,Private Limited,Small,3,Food,Restaurant,2024,27,11.25,8,0,0,0,51471.3,43093.42,0.1179,0.5649,9.77,0.604,0.844,0.4561,0.3043,0,8377.88,0.575,0.6438,0.1659,0,0.0469,0,1,0,0.1764,0.4976,0.844,0.5523,1,Warning,0,0.1448,0,0.4526
SME_00685,BR-36344878,TAX-7034674899,Blue Delivery Solutions,Mashrur Akter,Bangladesh,Dhaka,Uttara,Private Limited,Growth,4,Logistics,Delivery,2016,124,12.92,4,0,0,0,62133.57,55504.65,0.1467,0.3976,5.08,0.8806,0.7216,0.4259,0.3978,1,6628.93,0.6874,0.7203,0.0155,0,0.106,0,0,0,0.0895,0.5636,0.7216,0.6868,1,Normal,0,0.0012,0,0.4269
SME_00686,BR-52094270,TAX-6235436029,Golden DairySupport Care,Adnan Miah,Bangladesh,Dhaka,Gulshan,Sole Proprietorship,Micro,2,AgriTech,DairySupport,2018,104,4.62,4,0,0,1,19947.32,18404.09,0.107,0.549,19.3,0.4395,0.4422,0.4505,0.3703,0,1543.23,0.4191,0.5007,0.1975,0,0.1899,0,0,0,0.138,0.2708,0.4422,0.4086,0,Warning,0,0.2053,0,0.4812
SME_00687,BR-80308427,TAX-2250943498,Prime Beverage Textiles,Rumana Chowdhury,Bangladesh,Barishal,Banaripara,Sole Proprietorship,Growth,3,Food,Beverage,2025,20,16.27,7,0,0,1,73750.99,60512.63,0.1412,0.4689,12.08,0.8942,0.724,0.3284,0.4046,0,13238.36,0.6345,0.6157,0.0512,0,0.1204,1,0,0,0.109,0.4724,0.724,0.6348,1,Normal,0,0.0032,0,0.4263
SME_00688,BR-63845246,TAX-2854597636,Secure Accessories Hub,Imran Chowdhury,Bangladesh,Mymensingh,Kotwali,Partnership,Medium,7,Textile,Accessories,2023,46,3.78,9,0,0,0,44775.76,45013.7,0.0054,0.8491,28.59,0.5107,0.6378,0.0,0.2795,0,-237.93,0.2693,0.256,0.7831,1,0.2843,0,0,0,-0.0427,0.0,0.6378,0.298,0,Critical,1,0.7057,1,0.5711
SME_00689,BR-47107852,TAX-0926212953,Smart Pharmacy Textiles,Rumana Hasan,Bangladesh,Dhaka,Dhanmondi,Partnership,Growth,5,Healthcare,Pharmacy,2018,99,12.98,26,0,0,1,75843.91,54760.98,0.2395,0.273,0.0,0.8388,0.6129,0.0915,0.0966,0,21082.93,0.7908,0.5481,0.2056,1,0.5662,0,1,0,0.0692,0.8803,0.6129,0.798,0,Normal,1,0.6745,1,0.5079
SME_00690,BR-97495674,TAX-5260690172,Urban Bakery Textiles,Shakil Mahmud,Bangladesh,Chattogram,Pahartali,Cooperative,Micro,3,Food,Bakery,2015,133,13.99,12,0,0,0,32888.77,25049.88,0.1581,0.3792,10.59,0.6332,0.6513,0.6812,0.3721,0,7838.89,0.6158,0.5803,0.2013,0,0.5853,0,0,1,0.1677,0.5654,0.6513,0.6591,1,Normal,0,0.1906,1,0.4984
SME_00691,BR-56531163,TAX-6649210935,Blue Plastic Solutions,Amin Hasan,Bangladesh,Rangpur,Gangachara,Private Limited,Micro,1,Manufacturing,Plastic,2021,65,11.27,5,0,0,1,24670.83,19232.14,0.1906,0.3498,2.62,0.6896,0.69,0.2118,0.2907,0,5438.69,0.7069,0.5827,0.0181,0,0.1857,0,0,0,0.0869,0.7772,0.69,0.7113,1,Normal,0,0.2525,0,0.4246
SME_00692,BR-43802486,TAX-5098802779,Smart Dyeing Agro,Samira Jahan,Bangladesh,Sylhet,Zindabazar,Cooperative,Medium,7,Textile,Dyeing,2012,171,11.72,6,0,0,0,44443.75,36609.98,0.1737,0.2741,7.54,0.6348,0.5869,0.2592,0.3562,1,7833.77,0.6561,0.6034,0.3368,1,0.0979,0,1,0,0.0464,0.5091,0.5869,0.6528,0,Normal,1,0.8592,0,0.4102
SME_00693,BR-26411284,TAX-9141774162,Nova MetalWorks Hub,Nafisa Karim,Bangladesh,Rajshahi,Motihar,Private Limited,Small,1,Manufacturing,MetalWorks,2012,178,17.24,21,1,0,0,106566.83,87104.3,0.2087,0.3376,5.03,0.6826,0.6578,0.3645,0.3409,0,19462.54,0.7053,0.6129,0.0284,1,0.141,0,0,0,0.1061,0.8443,0.6578,0.7049,0,Normal,1,0.6507,0,0.4143
SME_00694,BR-54601128,TAX-0733197969,Vertex DairySupport Logistics,Sajid Jahan,Bangladesh,Chattogram,Panchlaish,Cooperative,Small,2,AgriTech,DairySupport,2015,139,6.39,18,0,0,0,64435.58,60814.92,0.0637,0.8031,23.15,0.4282,0.5988,0.1746,0.2883,0,3620.66,0.3337,0.388,0.4328,1,0.247,0,0,0,0.0688,0.202,0.5988,0.3366,0,Critical,1,0.9129,0,0.4801
SME_00695,BR-61894080,TAX-7913561973,Vertex Garments Agro,Anika Karim,Bangladesh,Chattogram,Kotwali,Partnership,Growth,7,Textile,Garments,2019,85,10.57,9,1,0,0,51618.74,46702.91,0.1406,0.6138,19.82,0.7911,0.591,0.0459,0.3222,0,4915.83,0.5203,0.4619,0.1954,0,0.298,0,0,0,0.0285,0.2591,0.591,0.5268,0,Warning,0,0.1272,0,0.4531
SME_00696,BR-68943609,TAX-3371582167,Ever Restaurant Hub,Amin Islam,Bangladesh,Dhaka,Mirpur,Sole Proprietorship,Small,3,Food,Restaurant,2013,158,11.01,7,1,0,0,63588.32,50972.1,0.1493,0.569,11.33,0.6171,0.6807,0.1738,0.2047,0,12616.22,0.5653,0.4779,0.3652,0,0.2601,0,1,0,0.0634,0.6572,0.6807,0.5455,1,Warning,0,0.2875,0,0.4578
SME_00697,BR-71179589,TAX-7092694736,Bright Pharmacy Digital,Shila Rahman,Bangladesh,Sylhet,Zindabazar,Sole Proprietorship,Small,5,Healthcare,Pharmacy,2015,132,9.69,18,0,0,0,123276.97,92239.3,0.2329,0.169,0.0,0.482,0.7001,0.5198,0.1758,1,31037.67,0.7597,0.7407,0.3359,0,0.3676,1,1,0,0.1709,0.8885,0.7001,0.755,1,Normal,1,0.9522,0,0.4873
SME_00698,BR-92821835,TAX-1040399648,Nova Warehousing Enterprises,Adnan Mahmud,Bangladesh,Dhaka,Mirpur,Partnership,Small,4,Logistics,Warehousing,2018,96,12.91,5,1,1,1,47845.37,45296.99,0.1355,0.6432,7.19,0.5969,0.5945,0.4002,0.3859,0,2548.38,0.5393,0.4933,0.062,0,0.0533,0,0,0,0.0516,0.3453,0.5945,0.5248,0,Warning,1,0.6844,0,0.4421
SME_00699,BR-37241194,TAX-9808551149,Prime SupplyChain Works,Tariq Jahan,Bangladesh,Dhaka,Uttara,Sole Proprietorship,Micro,4,Logistics,SupplyChain,2020,83,15.08,11,0,0,1,55506.45,37173.96,0.2337,0.299,0.0,0.8379,0.9411,0.3389,0.1983,0,18332.49,0.8392,0.7003,0.0061,0,0.3201,0,0,1,0.1316,1.0,0.9411,0.8598,1,Normal,0,0.0056,0,0.4841
SME_00700,BR-25439346,TAX-7360833828,Green LightManufacturing Works,Farhana Hasan,Bangladesh,Sylhet,Balaganj,Sole Proprietorship,Micro,1,Manufacturing,LightManufacturing,2014,150,11.63,35,0,1,0,234152.26,179095.85,0.2125,0.0898,0.0,0.7134,0.6616,0.4356,0.3642,0,55056.41,0.7949,0.5864,0.0127,0,0.5091,0,0,0,0.1073,0.9818,0.6616,0.7564,1,Normal,0,0.1996,0,0.444
SME_00701,BR-98937809,TAX-0391231340,Trust Plastic Digital,Rahim Sarkar,Bangladesh,Rangpur,Sadar,Cooperative,Micro,1,Manufacturing,Plastic,2018,102,14.52,10,1,0,0,42424.7,31934.22,0.1937,0.263,1.27,0.5708,0.5789,0.3363,0.1809,0,10490.47,0.694,0.5086,0.1036,0,0.229,0,0,0,0.0589,0.7151,0.5789,0.6971,1,Normal,0,0.1528,0,0.4436
SME_00702,BR-68696725,TAX-5032093789,Prime FarmInputs Textiles,Hasan Jahan,Bangladesh,Mymensingh,Trishal,Sole Proprietorship,Medium,2,AgriTech,FarmInputs,2023,37,9.43,6,0,0,1,26279.16,23981.29,0.0777,0.5098,18.66,0.5756,0.6515,0.3924,0.3802,0,2297.87,0.4687,0.4678,0.5584,0,0.15,0,0,0,0.11,0.2659,0.6515,0.4383,0,Warning,0,0.2794,0,0.4465
SME_00703,BR-39381883,TAX-6830238128,Prime Grocery Logistics,Farhana Miah,Bangladesh,Khulna,Sonadanga,Cooperative,Medium,0,Retail,Grocery,2012,179,10.4,12,0,1,1,56059.12,46849.83,0.1426,0.5216,10.51,0.816,0.8078,0.2668,0.4928,1,9209.29,0.633,0.6771,0.0261,0,0.0973,0,0,0,0.0513,0.563,0.8078,0.6416,1,Normal,0,0.0074,0,0.4472
SME_00704,BR-93920822,TAX-2285588556,Fresh Fabric Textiles,Anika Miah,Bangladesh,Khulna,Sonadanga,Private Limited,Small,7,Textile,Fabric,2025,17,7.53,7,0,0,0,51270.88,46729.73,0.1187,0.3928,14.53,0.5683,0.6339,0.0,0.2957,0,4541.15,0.5451,0.3489,0.8053,1,0.0946,0,0,0,-0.0872,0.3056,0.6339,0.5371,0,Warning,1,0.8735,0,0.4723
SME_00705,BR-89687408,TAX-2528709462,Smart LightManufacturing Studio,Amin Miah,Bangladesh,Chattogram,Panchlaish,Private Limited,Small,1,Manufacturing,LightManufacturing,2016,126,11.0,4,0,0,1,42319.01,37192.18,0.1339,0.3081,8.29,0.7102,0.7665,0.2764,0.3211,0,5126.84,0.6576,0.5598,0.0127,0,0.05,0,0,0,0.0723,0.311,0.7665,0.6213,1,Normal,0,0.0196,0,0.4143
SME_00706,BR-89448788,TAX-0095144352,Trust Bakery Digital,Anika Miah,Bangladesh,Chattogram,Pahartali,Private Limited,Medium,3,Food,Bakery,2016,120,9.21,14,0,1,0,68132.62,58285.5,0.0792,0.5571,21.18,0.7123,0.6592,0.2116,0.3894,0,9847.13,0.4728,0.4703,0.0666,0,0.2333,0,0,0,0.0547,0.3104,0.6592,0.4916,0,Warning,0,0.222,0,0.4342
SME_00707,BR-86536874,TAX-5570165860,Blue AccountingTech Traders,Nafisa Hasan,Bangladesh,Khulna,Sonadanga,Partnership,Medium,6,FinTech,AccountingTech,2018,107,13.28,18,0,0,0,118556.28,84319.63,0.2594,0.0,0.0,0.8017,0.6394,0.2654,0.322,1,34236.64,0.8656,0.7718,0.041,0,0.206,0,0,1,0.1068,1.0,0.6394,0.8153,1,Normal,0,0.0498,1,0.5189
SME_00708,BR-00667146,TAX-2719859052,Green LendingTech Foods,Tariq Sultana,Bangladesh,Chattogram,Panchlaish,Private Limited,Growth,6,FinTech,LendingTech,2025,15,9.44,7,0,0,1,103426.34,80784.39,0.2189,0.2387,0.0,0.533,0.6486,0.0,0.2259,0,22641.94,0.7326,0.4599,0.1775,0,0.518,0,1,0,0.0308,0.8217,0.6486,0.732,1,Normal,0,0.2889,1,0.5068
SME_00709,BR-30159878,TAX-7715026153,Nova ProcessedFood Studio,Rahim Islam,Bangladesh,Rajshahi,Boalia,Sole Proprietorship,Small,3,Food,ProcessedFood,2019,91,4.67,7,0,0,0,41723.91,40323.68,0.0705,0.5743,18.83,0.5617,0.5703,0.4077,0.2742,0,1400.22,0.4306,0.4386,0.3996,0,0.0999,0,0,0,0.0799,0.0855,0.5703,0.4444,0,Warning,0,0.2363,1,0.503
SME_00710,BR-67347268,TAX-4592281464,Urban Beverage Traders,Muntasir Miah,Bangladesh,Barishal,Sadar,Cooperative,Medium,3,Food,Beverage,2013,161,6.76,5,0,0,0,76369.43,76726.69,0.117,0.3606,9.84,0.6081,0.7225,0.0,0.3364,0,-357.26,0.5977,0.4456,0.2629,1,0.2182,0,1,1,0.0349,0.3453,0.7225,0.6252,0,Normal,1,0.9386,0,0.5369
SME_00711,BR-71418982,TAX-9412116161,Ever Garments Textiles,Samira Sultana,Bangladesh,Rangpur,Gangachara,Sole Proprietorship,Small,7,Textile,Garments,2023,47,11.27,8,0,0,0,49616.49,45190.31,0.1243,0.51,14.56,0.6565,0.7324,0.1713,0.1612,0,4426.18,0.5575,0.4955,0.1136,0,0.139,0,0,0,0.0477,0.3745,0.7324,0.5253,1,Warning,0,0.0442,0,0.447
SME_00712,BR-99669917,TAX-0977612956,Trust SupplyChain Enterprises,Shakil Chowdhury,Bangladesh,Dhaka,Dhanmondi,Sole Proprietorship,Small,4,Logistics,SupplyChain,2016,126,8.94,6,0,0,0,53192.71,44310.8,0.1164,0.586,15.58,0.5988,0.4519,0.3662,0.4667,0,8881.91,0.4681,0.5135,0.2605,1,0.1063,0,0,0,0.1198,0.1992,0.4519,0.4578,0,Warning,0,0.228,0,0.4526
SME_00713,BR-14420391,TAX-7801217783,Prime LendingTech Mart,Adnan Chowdhury,Bangladesh,Chattogram,Kotwali,Private Limited,Medium,6,FinTech,LendingTech,2014,155,14.37,5,0,1,0,70063.77,50975.86,0.2677,0.0,0.0,0.7134,0.7538,0.624,0.3218,0,19087.9,0.8772,0.7217,0.0092,0,0.5298,0,0,1,0.1909,1.0,0.7538,0.8989,1,Normal,0,0.0177,1,0.5172
SME_00714,BR-74946171,TAX-4664262388,Blue Accessories Traders,Adnan Sultana,Bangladesh,Dhaka,Gulshan,Private Limited,Small,7,Textile,Accessories,2012,171,16.82,28,0,0,1,121437.46,98306.67,0.1995,0.2007,0.0,0.8782,0.8522,0.4104,0.313,0,23130.79,0.8236,0.7265,0.0074,0,0.2879,0,0,1,0.1762,0.7302,0.8522,0.8466,1,Normal,0,0.0026,0,0.4275
SME_00715,BR-87241869,TAX-6494241787,Future LendingTech Logistics,Rumana Mahmud,Bangladesh,Chattogram,Kotwali,Partnership,Small,6,FinTech,LendingTech,2019,95,6.08,12,0,0,0,81783.68,67158.26,0.1529,0.3806,11.11,0.5937,0.6131,0.0992,0.2105,0,14625.42,0.5944,0.4434,0.0953,0,0.3326,0,0,0,0.0233,0.7086,0.6131,0.62,1,Normal,0,0.1671,0,0.4353
SME_00716,BR-26441226,TAX-5212217470,Green Packaging Care,Nusrat Hasan,Bangladesh,Chattogram,Kotwali,Private Limited,Small,1,Manufacturing,Packaging,2021,60,4.35,13,1,0,0,79358.84,70292.0,0.1378,0.4383,16.37,0.5877,0.5588,0.0,0.4088,0,9066.84,0.5316,0.3832,0.4465,0,0.1566,0,0,0,-0.038,0.4739,0.5588,0.5828,0,Warning,0,0.1091,1,0.5099
SME_00717,BR-93640136,TAX-4322889244,Smart Beverage Agro,Rahim Mahmud,Bangladesh,Dhaka,Mirpur,Sole Proprietorship,Small,3,Food,Beverage,2016,127,18.93,15,0,0,0,65875.31,46062.01,0.1872,0.2591,7.64,1.0,0.9105,0.7375,0.3577,0,19813.3,0.7941,0.6736,0.0053,0,0.6795,1,0,1,0.1467,0.8803,0.9105,0.7839,1,Normal,0,0.0066,1,0.5309
SME_00718,BR-67772003,TAX-1763956123,Ever Fashion Care,Amin Akter,Bangladesh,Mymensingh,Muktagacha,Private Limited,Small,0,Retail,Fashion,2019,90,12.41,14,0,1,0,57405.06,51753.74,0.1261,0.6373,16.24,0.5502,0.5236,0.3513,0.329,0,5651.32,0.4657,0.4781,0.5053,0,0.0623,0,0,0,0.0987,0.4555,0.5236,0.4731,0,Warning,0,0.3126,0,0.4387
SME_00719,BR-29999570,TAX-2085340918,Rapid Delivery Studio,Tariq Kabir,Bangladesh,Khulna,Khalishpur,Sole Proprietorship,Medium,4,Logistics,Delivery,2017,115,10.16,7,1,0,1,64230.73,53528.49,0.1428,0.6724,8.99,0.6072,0.6214,0.4628,0.3273,0,10702.24,0.5366,0.5525,0.0939,0,0.0537,0,0,0,0.0997,0.6464,0.6214,0.5297,0,Warning,0,0.2588,0,0.4833
SME_00720,BR-26333955,TAX-2299859969,Future Accessories Studio,Ritu Chowdhury,Bangladesh,Rangpur,Sadar,Sole Proprietorship,Small,7,Textile,Accessories,2015,135,8.76,11,1,0,0,73243.22,66329.11,0.0889,0.5731,15.4,0.7979,0.7573,0.0,0.2696,0,6914.11,0.5397,0.4523,0.0739,0,0.1183,0,0,0,-0.0391,0.4024,0.7573,0.5002,0,Warning,0,0.0048,0,0.4589
SME_00721,BR-25981351,TAX-0936550113,Ever ProcessedFood Logistics,Imran Miah,Bangladesh,Dhaka,Mirpur,Sole Proprietorship,Micro,3,Food,ProcessedFood,2016,129,10.26,8,0,1,1,54112.36,50504.08,0.14,0.3188,3.43,0.5506,0.6526,0.4255,0.5109,0,3608.28,0.6356,0.4769,0.2592,1,0.6895,0,1,1,0.1094,0.4534,0.6526,0.6338,0,Normal,1,0.9147,0,0.463
SME_00722,BR-10188792,TAX-7285669533,Smart ProcessedFood Textiles,Adnan Rahman,Bangladesh,Dhaka,Uttara,Partnership,Medium,3,Food,ProcessedFood,2022,48,4.84,12,0,1,0,94569.25,82733.79,0.0621,0.6829,14.52,0.6036,0.6103,0.253,0.2463,0,11835.46,0.4363,0.4069,0.563,1,0.1194,0,0,0,0.0618,0.3958,0.6103,0.3964,0,Critical,1,0.706,0,0.438
SME_00723,BR-86723839,TAX-6838375445,Nova Fashion Partners,Rahim Kabir,Bangladesh,Chattogram,Kotwali,Partnership,Small,0,Retail,Fashion,2015,137,16.1,11,0,1,1,58160.1,48375.01,0.1819,0.356,6.13,0.8137,0.7186,0.5452,0.4358,0,9785.09,0.7079,0.6423,0.0157,0,0.5953,1,0,1,0.1626,0.6814,0.7186,0.6975,1,Normal,0,0.0058,0,0.4371
SME_00724,BR-71867012,TAX-6182824906,Ever Garments Hub,Arif Ahmed,Bangladesh,Dhaka,Gulshan,Partnership,Growth,7,Textile,Garments,2018,100,8.23,7,0,0,1,123215.64,111606.09,0.1339,0.444,12.17,0.5576,0.6585,0.2159,0.3728,1,11609.55,0.561,0.5438,0.359,1,0.2094,0,0,0,0.0282,0.4795,0.6585,0.5316,0,Warning,1,0.8593,0,0.4126
SME_00725,BR-02749903,TAX-9417202949,Golden Electronics Traders,Imran Kabir,Bangladesh,Dhaka,Gulshan,Sole Proprietorship,Micro,0,Retail,Electronics,2013,167,17.94,4,1,0,1,26706.65,20937.42,0.2245,0.2366,7.12,0.7709,0.6679,0.5713,0.4193,0,5769.23,0.7479,0.6085,0.0259,0,0.6785,0,0,0,0.1289,0.8071,0.6679,0.7567,1,Normal,0,0.156,0,0.4585
SME_00726,BR-74488108,TAX-6880960257,Ever Fashion Agro,Nusrat Karim,Bangladesh,Rangpur,Gangachara,Sole Proprietorship,Small,0,Retail,Fashion,2016,120,10.4,10,0,0,1,60023.12,46684.16,0.1415,0.6837,15.28,0.6027,0.6636,0.1279,0.3552,0,13338.96,0.5079,0.4359,0.3101,1,0.2343,1,0,0,0.0261,0.4058,0.6636,0.4923,0,Warning,1,0.7997,1,0.4895
SME_00727,BR-11528559,TAX-9242177949,Rapid MetalWorks Solutions,Karim Mahmud,Bangladesh,Dhaka,Dhanmondi,Partnership,Small,1,Manufacturing,MetalWorks,2013,161,9.19,8,0,0,0,59136.34,52337.75,0.1825,0.109,0.0,0.7241,0.7154,0.1915,0.282,1,6798.59,0.7772,0.6773,0.0276,0,0.2451,0,0,1,0.0668,0.6191,0.7154,0.7415,1,Normal,0,0.0438,0,0.4627
SME_00728,BR-55407680,TAX-7815250697,Fresh Fashion Digital,Muntasir Kabir,Bangladesh,Dhaka,Uttara,Sole Proprietorship,Medium,0,Retail,Fashion,2012,176,12.16,3,0,1,0,36608.97,31901.99,0.118,0.4732,13.13,0.575,0.5175,0.0996,0.377,0,4706.98,0.5142,0.4139,0.477,1,0.0989,0,0,0,0.0428,0.4147,0.5175,0.5315,0,Warning,1,0.8674,0,0.4425
SME_00729,BR-66359810,TAX-5179561820,Fresh Restaurant Mart,Adnan Akter,Bangladesh,Rajshahi,Rajpara,Private Limited,Micro,3,Food,Restaurant,2012,179,3.47,12,1,0,0,50978.24,43401.6,0.1222,0.6615,15.02,0.6713,0.6066,0.0,0.2958,0,7576.63,0.5001,0.3984,0.3905,1,0.1545,0,1,0,-0.0378,0.4364,0.6066,0.488,0,Warning,1,0.894,0,0.4764
SME_00730,BR-86495096,TAX-1812046077,Urban Beverage Foods,Tanvir Chowdhury,Bangladesh,Khulna,Daulatpur,Cooperative,Growth,3,Food,Beverage,2015,135,12.02,16,0,0,1,85220.05,73265.94,0.1247,0.4289,9.14,0.7943,0.7579,0.4049,0.4159,1,11954.11,0.6326,0.7015,0.0136,0,0.0672,0,0,0,0.0882,0.4036,0.7579,0.624,1,Normal,0,0.0013,0,0.4193
SME_00731,BR-93779520,TAX-3778468131,Smart DairySupport Logistics,Shila Kabir,Bangladesh,Rajshahi,Motihar,Partnership,Small,2,AgriTech,DairySupport,2017,109,10.95,41,1,1,0,63169.83,53471.94,0.1344,0.5252,12.77,0.7083,0.6342,0.1443,0.3774,0,9697.89,0.5633,0.5692,0.0438,0,0.1071,0,0,0,0.1045,0.618,0.6342,0.5437,1,Warning,1,0.7099,0,0.4436
SME_00732,BR-63009331,TAX-0184010446,Future Grocery Textiles,Muntasir Mahmud,Bangladesh,Chattogram,Halishahar,Cooperative,Small,0,Retail,Grocery,2024,26,12.17,7,0,1,1,36649.01,29384.97,0.1387,0.543,8.14,0.6013,0.6504,0.2585,0.3449,0,7264.04,0.5701,0.4703,0.475,1,0.0527,0,1,0,0.0592,0.4605,0.6504,0.5931,0,Warning,0,0.1809,0,0.4191
SME_00733,BR-98081727,TAX-1778595953,Blue Electronics Works,Amin Kabir,Bangladesh,Mymensingh,Kotwali,Sole Proprietorship,Small,0,Retail,Electronics,2020,73,2.89,7,0,0,1,29602.1,28357.14,0.0503,0.8667,27.53,0.5087,0.6312,0.0,0.2795,0,1244.97,0.3067,0.2876,0.663,0,0.3463,0,0,0,-0.0649,0.127,0.6312,0.3121,0,Critical,0,0.2561,1,0.5227
SME_00734,BR-61448361,TAX-4856241843,Fresh DairySupport Digital,Farhana Rahman,Bangladesh,Dhaka,Gulshan,Sole Proprietorship,Micro,2,AgriTech,DairySupport,2019,88,15.58,5,0,1,0,19140.85,15780.01,0.1457,0.6173,14.51,0.5747,0.6855,0.7125,0.2982,0,3360.84,0.5288,0.5863,0.3008,0,0.6641,1,0,0,0.2249,0.6449,0.6855,0.5165,0,Warning,0,0.18,0,0.6034
SME_00735,BR-68548454,TAX-6978127405,Blue HomeGoods Partners,Amin Ahmed,Bangladesh,Chattogram,Pahartali,Private Limited,Small,0,Retail,HomeGoods,2015,141,15.98,10,0,0,1,40583.82,35666.47,0.1547,0.4784,16.26,0.674,0.6176,0.1677,0.3796,0,4917.35,0.5636,0.505,0.2174,0,0.1811,0,1,0,0.0642,0.4989,0.6176,0.5253,1,Warning,0,0.2347,0,0.4295
SME_00736,BR-78644034,TAX-7107585367,Nova Clinic Digital,Tariq Rahman,Bangladesh,Sylhet,Zindabazar,Private Limited,Micro,5,Healthcare,Clinic,2017,108,16.61,10,1,0,0,143829.66,105277.0,0.2939,0.0,0.0,0.7649,0.7782,0.3854,0.2017,0,38552.65,0.9127,0.688,0.0117,0,0.5416,0,0,0,0.1374,1.0,0.7782,0.9629,1,Normal,0,0.0039,1,0.5019
SME_00737,BR-26146524,TAX-8018720850,Future Packaging Agro,Sajid Mahmud,Bangladesh,Barishal,Banaripara,Private Limited,Small,1,Manufacturing,Packaging,2020,82,10.52,6,0,0,0,61389.54,58686.7,0.1253,0.4294,15.87,0.6852,0.7516,0.0,0.2532,0,2702.85,0.578,0.4522,0.0542,0,0.1808,0,0,0,-0.0139,0.492,0.7516,0.6176,1,Normal,0,0.0596,0,0.4769
SME_00738,BR-94119852,TAX-5050258048,Green MetalWorks Foods,Rafi Mahmud,Bangladesh,Chattogram,Panchlaish,Sole Proprietorship,Medium,1,Manufacturing,MetalWorks,2024,31,13.09,8,0,1,0,38088.64,29252.33,0.2214,0.4049,0.0,0.7964,0.8805,0.6459,0.2365,0,8836.3,0.7873,0.6807,0.0118,0,0.6725,0,0,0,0.1658,0.9231,0.8805,0.8162,1,Normal,0,0.0033,1,0.5211
SME_00739,BR-00014065,TAX-1760144607,Ever DairySupport Enterprises,Anika Hasan,Bangladesh,Rajshahi,Rajpara,Private Limited,Small,2,AgriTech,DairySupport,2016,130,6.45,3,0,1,1,26501.25,23409.86,0.0765,0.5626,18.71,0.5234,0.6625,0.284,0.4426,0,3091.39,0.4484,0.4389,0.3658,0,0.0536,0,0,0,0.0639,0.1854,0.6625,0.4343,0,Warning,0,0.2048,0,0.4438
SME_00740,BR-22051611,TAX-4693000608,Vertex ProcessedFood Ventures,Farhana Jahan,Bangladesh,Dhaka,Dhanmondi,Partnership,Micro,3,Food,ProcessedFood,2020,81,13.55,16,0,0,1,47847.54,36640.99,0.1607,0.3707,8.98,0.751,0.7136,0.508,0.2402,1,11206.54,0.6604,0.7127,0.0434,0,0.101,0,0,0,0.0957,0.8385,0.7136,0.6504,1,Normal,0,0.0172,0,0.47
SME_00741,BR-30825466,TAX-0378501907,Golden Grocery Studio,Sadia Sarkar,Bangladesh,Dhaka,Mohammadpur,Sole Proprietorship,Micro,0,Retail,Grocery,2025,12,5.32,6,0,0,1,33069.9,33374.64,0.1005,0.3597,9.84,0.4703,0.6478,0.3038,0.2619,0,-304.74,0.5459,0.3545,0.5053,1,0.1001,0,0,0,-0.0122,0.1714,0.6478,0.5539,0,Warning,1,0.9587,1,0.4933
SME_00742,BR-29811768,TAX-5377679367,Trust Fashion Textiles,Rumana Hasan,Bangladesh,Dhaka,Mirpur,Sole Proprietorship,Micro,0,Retail,Fashion,2022,55,3.23,9,0,0,1,43193.87,42018.84,0.0603,0.5842,20.99,0.5673,0.6,0.1007,0.2394,0,1175.02,0.4153,0.3537,0.4715,0,0.2651,0,0,0,0.0255,0.0526,0.6,0.3974,0,Critical,0,0.2468,0,0.4801
SME_00743,BR-15011468,TAX-5221516525,Golden Fabric Textiles,Imran Chowdhury,Bangladesh,Sylhet,Balaganj,Cooperative,Micro,7,Textile,Fabric,2013,159,8.8,4,0,0,0,44146.33,40258.04,0.0535,0.8213,30.79,0.5803,0.5404,0.0,0.2645,0,3888.29,0.2992,0.3109,0.4359,1,0.3486,1,0,0,-0.0965,0.1075,0.5404,0.2794,0,Critical,1,0.8192,1,0.5135
SME_00744,BR-96469366,TAX-7182603040,Bright Grocery Traders,Arif Hasan,Bangladesh,Chattogram,Pahartali,Sole Proprietorship,Small,0,Retail,Grocery,2024,26,8.89,6,0,1,1,54442.71,54304.67,0.0872,0.627,19.43,0.5777,0.6459,0.0283,0.2569,0,138.03,0.4463,0.3663,0.614,1,0.3258,1,0,1,0.0339,0.1868,0.6459,0.4755,0,Warning,1,0.884,1,0.4927
SME_00745,BR-33101098,TAX-5022333554,Fresh Beverage Enterprises,Ritu Miah,Bangladesh,Sylhet,Beanibazar,Private Limited,Micro,3,Food,Beverage,2020,76,7.24,8,0,0,0,32657.09,31438.99,0.1051,0.5317,15.25,0.5788,0.7482,0.1904,0.3351,0,1218.1,0.522,0.4263,0.2719,1,0.0888,0,0,0,0.0139,0.3108,0.7482,0.5209,0,Warning,1,0.9024,0,0.4527
SME_00746,BR-26646713,TAX-5212236387,Urban Beverage Ventures,Rahim Karim,Bangladesh,Dhaka,Gulshan,Private Limited,Growth,3,Food,Beverage,2019,95,12.67,9,0,0,0,59896.72,45374.96,0.1749,0.2257,0.26,0.7947,0.848,0.1374,0.2244,0,14521.76,0.7804,0.5752,0.0068,0,0.3346,1,0,1,0.0682,0.8948,0.848,0.758,1,Normal,0,0.0107,0,0.4489
SME_00747,BR-44011794,TAX-3076024856,Future ColdStorage Works,Adnan Mahmud,Bangladesh,Barishal,Banaripara,Private Limited,Micro,2,AgriTech,ColdStorage,2025,20,1.43,12,0,0,0,51595.2,47894.4,0.0341,0.5954,24.78,0.5636,0.4875,0.3271,0.389,0,3700.8,0.3507,0.4328,0.4132,1,0.1196,0,0,0,0.107,0.0626,0.4875,0.3698,0,Critical,1,0.9345,0,0.4707
SME_00748,BR-85258006,TAX-7066991020,Golden Beverage Hub,Anika Jahan,Bangladesh,Barishal,Banaripara,Private Limited,Micro,3,Food,Beverage,2024,34,0.62,21,0,0,0,49596.11,47920.11,0.0272,0.8632,32.61,0.5583,0.6021,0.0,0.3293,0,1676.0,0.266,0.2866,0.5416,0,0.3754,1,0,0,-0.0376,0.1385,0.6021,0.2545,0,Critical,0,0.1261,1,0.5665
SME_00749,BR-79875524,TAX-1381550628,Secure Payments Works,Rumana Ahmed,Bangladesh,Dhaka,Uttara,Private Limited,Medium,6,FinTech,Payments,2012,169,19.12,14,0,0,0,101084.38,61672.49,0.3364,0.0,0.0,0.8378,0.8974,0.9089,0.411,1,39411.89,0.9524,0.8912,0.0111,0,0.7005,1,0,0,0.255,1.0,0.8974,0.9128,1,Normal,0,0.0044,1,0.6702
SME_00750,BR-45668475,TAX-1949537502,Secure SMEFinance Foods,Farhana Chowdhury,Bangladesh,Dhaka,Uttara,Sole Proprietorship,Small,6,FinTech,SMEFinance,2017,108,15.22,16,0,1,1,114459.58,81046.88,0.2871,0.0,0.0,0.7029,0.5699,0.6389,0.1884,0,33412.7,0.8583,0.6764,0.2574,1,0.6962,1,1,0,0.2518,1.0,0.5699,0.8356,0,Normal,0,0.2028,1,0.5664
SME_00751,BR-43084449,TAX-1066215674,Golden LightManufacturing Traders,Anika Sarkar,Bangladesh,Dhaka,Mirpur,Sole Proprietorship,Small,1,Manufacturing,LightManufacturing,2023,42,5.2,21,0,0,0,105171.49,102090.05,0.0649,0.6809,26.56,0.7357,0.5793,0.2013,0.2681,1,3081.44,0.3961,0.5325,0.3576,1,0.4956,1,0,0,0.0666,0.0699,0.5793,0.3858,0,Critical,0,0.3481,1,0.4896
SME_00752,BR-36021322,TAX-1247375237,Smart ColdStorage Care,Tariq Kabir,Bangladesh,Barishal,Sadar,Private Limited,Growth,2,AgriTech,ColdStorage,2024,35,9.15,13,1,0,0,21774.37,18083.02,0.1009,0.6233,18.69,0.6143,0.6768,0.1907,0.3393,0,3691.34,0.4744,0.4504,0.1865,0,0.1779,0,0,0,0.042,0.3911,0.6768,0.4788,0,Warning,0,0.2077,0,0.4321
SME_00753,BR-93686127,TAX-0882933778,Alpha MetalWorks Digital,Nusrat Mahmud,Bangladesh,Dhaka,Uttara,Partnership,Growth,1,Manufacturing,MetalWorks,2020,80,14.74,9,0,0,1,79659.9,62857.25,0.2256,0.1753,2.17,0.6447,0.7404,0.1171,0.2901,0,16802.65,0.7777,0.5455,0.0166,0,0.3395,1,0,1,0.048,0.7577,0.7404,0.7811,1,Normal,0,0.3103,0,0.4638
SME_00754,BR-98677786,TAX-0426362990,Bright ProcessedFood Partners,Mashrur Sultana,Bangladesh,Khulna,Khalishpur,Sole Proprietorship,Medium,3,Food,ProcessedFood,2016,131,14.04,17,0,1,0,46028.71,41032.58,0.167,0.3546,1.03,0.8393,0.5815,0.3022,0.3496,0,4996.13,0.7017,0.6305,0.0897,0,0.2352,0,1,0,0.1467,0.7687,0.5815,0.7263,1,Normal,0,0.1076,0,0.4132
SME_00755,BR-27611614,TAX-0342258597,Future Clinic Enterprises,Arif Chowdhury,Bangladesh,Chattogram,Kotwali,Sole Proprietorship,Micro,5,Healthcare,Clinic,2015,133,13.03,17,0,1,0,190300.33,138786.48,0.2907,0.0,0.0,0.6909,0.7577,0.5865,0.1627,0,51513.85,0.893,0.7039,0.025,0,0.9017,1,0,0,0.2042,1.0,0.7577,0.8883,1,Normal,0,0.0412,1,0.5548
SME_00756,BR-93200831,TAX-7355193948,Nova Packaging Partners,Anika Jahan,Bangladesh,Mymensingh,Trishal,Partnership,Small,1,Manufacturing,Packaging,2023,39,13.68,13,0,1,1,93074.79,77268.79,0.166,0.3231,7.49,0.679,0.7461,0.4169,0.3099,0,15806.0,0.6758,0.6394,0.0136,0,0.113,0,0,0,0.1396,0.5775,0.7461,0.6665,1,Normal,0,0.0276,0,0.4174
SME_00757,BR-88004612,TAX-0606082927,Fresh AgroProcessing Hub,Mehjabin Miah,Bangladesh,Khulna,Khalishpur,Sole Proprietorship,Growth,2,AgriTech,AgroProcessing,2015,132,9.48,4,0,0,0,42108.19,37420.44,0.0779,0.6414,7.99,0.6182,0.5919,0.3673,0.3026,0,4687.75,0.4911,0.5286,0.0995,0,0.0728,0,0,0,0.1176,0.397,0.5919,0.516,0,Warning,0,0.3295,0,0.4463
SME_00758,BR-23308216,TAX-3823732110,Prime Accessories Works,Ritu Rahman,Bangladesh,Khulna,Sonadanga,Sole Proprietorship,Growth,7,Textile,Accessories,2013,161,13.49,5,0,1,0,60996.65,55148.5,0.1374,0.5098,18.37,0.7282,0.7764,0.7773,0.3988,1,5848.15,0.5699,0.7606,0.1245,0,0.5953,1,0,0,0.2198,0.3915,0.7764,0.5895,1,Warning,0,0.0291,0,0.591
SME_00759,BR-56794481,TAX-5577561561,Ever HomeGoods Foods,Nafisa Rahman,Bangladesh,Rangpur,Gangachara,Cooperative,Micro,0,Retail,HomeGoods,2023,45,9.43,8,0,0,1,29355.19,24026.45,0.1227,0.6531,16.43,0.3804,0.6354,0.3026,0.3797,0,5328.74,0.448,0.4211,0.579,1,0.0616,0,0,0,0.0653,0.3942,0.6354,0.4437,0,Warning,1,0.9317,0,0.4458
SME_00760,BR-16798016,TAX-2432887996,Nova Bakery Ventures,Rumana Hossain,Bangladesh,Dhaka,Gulshan,Sole Proprietorship,Small,3,Food,Bakery,2026,10,7.24,14,0,0,1,37567.98,36569.01,0.0387,0.8283,24.23,0.6535,0.6722,0.0,0.3182,0,998.97,0.3556,0.3548,0.1794,0,0.3589,0,0,0,-0.0156,0.2565,0.6722,0.3614,0,Critical,0,0.3132,1,0.5179
SME_00761,BR-89124570,TAX-5733454588,Secure Diagnostics Mart,Tanvir Akter,Bangladesh,Barishal,Sadar,Cooperative,Small,5,Healthcare,Diagnostics,2012,172,12.17,9,0,0,1,102957.01,78535.91,0.2385,0.0631,0.0,0.8509,0.6019,0.438,0.3245,1,24421.1,0.8363,0.7808,0.0699,0,0.1154,0,1,0,0.1185,0.8571,0.6019,0.8268,1,Normal,0,0.3441,0,0.4588
SME_00762,BR-63184472,TAX-0189017115,Nova Grocery Hub,Karim Ahmed,Bangladesh,Dhaka,Dhanmondi,Cooperative,Micro,0,Retail,Grocery,2018,96,11.49,18,0,0,0,52833.75,47723.23,0.153,0.4811,10.45,0.7797,0.6252,0.4737,0.4516,0,5110.51,0.6115,0.5542,0.2642,0,0.3306,0,1,1,0.1124,0.7029,0.6252,0.5883,1,Warning,0,0.0356,0,0.4479
SME_00763,BR-83503736,TAX-9234722917,Golden HomeGoods Partners,Rahim Sultana,Bangladesh,Khulna,Daulatpur,Sole Proprietorship,Medium,0,Retail,HomeGoods,2015,141,12.84,20,0,1,1,99275.04,87430.47,0.0902,0.6814,15.34,0.5264,0.6493,0.2516,0.4974,0,11844.58,0.449,0.4418,0.5526,0,0.1288,0,0,0,0.0841,0.3941,0.6493,0.4929,0,Warning,0,0.1854,0,0.4622
SME_00764,BR-17428444,TAX-4062371030,Fresh HomeGoods Logistics,Rumana Sarkar,Bangladesh,Barishal,Bakerganj,Private Limited,Micro,0,Retail,HomeGoods,2021,61,5.84,19,0,1,1,39595.52,34731.52,0.098,0.5116,12.67,0.8417,0.5921,0.3002,0.2362,0,4864.01,0.5528,0.5664,0.0959,0,0.0688,0,0,0,0.1098,0.4646,0.5921,0.542,1,Warning,0,0.0942,0,0.4219
SME_00765,BR-87301089,TAX-1572523485,Trust Garments Hub,Karim Hossain,Bangladesh,Sylhet,Beanibazar,Private Limited,Small,7,Textile,Garments,2022,58,13.14,19,0,0,0,140620.43,116346.6,0.1105,0.5212,11.23,0.6313,0.8141,0.0768,0.3374,0,24273.83,0.5706,0.5027,0.0766,0,0.2298,1,0,0,0.0604,0.5557,0.8141,0.5765,1,Warning,0,0.119,0,0.4416
SME_00766,BR-03910766,TAX-7417965043,Rapid Electronics Works,Sajid Rahman,Bangladesh,Sylhet,Beanibazar,Private Limited,Micro,0,Retail,Electronics,2023,45,5.59,5,0,0,0,38064.81,36018.3,0.0756,0.7253,21.1,0.5081,0.6819,0.0697,0.3678,0,2046.51,0.4005,0.3582,0.5173,1,0.2432,1,0,0,0.0219,0.2162,0.6819,0.3702,0,Critical,1,0.9475,0,0.4796
SME_00767,BR-90676524,TAX-4096825478,Smart MetalWorks Agro,Mehjabin Kabir,Bangladesh,Dhaka,Dhanmondi,Sole Proprietorship,Small,1,Manufacturing,MetalWorks,2023,43,8.56,12,1,1,1,74632.71,64297.72,0.1173,0.6488,13.22,0.7547,0.6291,0.4175,0.4165,1,10334.98,0.5269,0.6547,0.1977,0,0.0867,0,0,0,0.0889,0.3838,0.6291,0.5416,0,Warning,0,0.1247,0,0.4601
SME_00768,BR-65379025,TAX-6734347061,Nova Electronics Ventures,Ritu Islam,Bangladesh,Chattogram,Panchlaish,Sole Proprietorship,Micro,0,Retail,Electronics,2019,88,9.75,6,0,1,0,64768.67,52538.33,0.1457,0.2219,8.24,0.7181,0.7227,0.2014,0.2777,1,12230.34,0.6802,0.6926,0.0305,0,0.2494,0,0,0,0.1013,0.5698,0.7227,0.6561,1,Normal,0,0.1364,0,0.4173
SME_00769,BR-97425766,TAX-1700195238,Nova Grocery Foods,Farhana Mahmud,Bangladesh,Chattogram,Halishahar,Sole Proprietorship,Small,0,Retail,Grocery,2024,24,10.23,3,0,0,1,11644.91,8951.43,0.193,0.4364,6.78,0.6364,0.7597,0.0699,0.2627,0,2693.47,0.6717,0.5407,0.0317,0,0.3082,1,0,0,0.0588,0.682,0.7597,0.7053,1,Normal,0,0.0806,0,0.4803
SME_00770,BR-87413037,TAX-0801437012,Blue SupplyChain Studio,Imran Miah,Bangladesh,Khulna,Khalishpur,Private Limited,Micro,4,Logistics,SupplyChain,2014,152,4.59,8,1,0,1,70631.5,66160.73,0.0902,0.7344,23.0,0.5203,0.5392,0.0,0.1714,0,4470.77,0.3775,0.334,0.2669,0,0.4155,0,0,0,-0.0538,0.2255,0.5392,0.4134,0,Warning,0,0.2348,0,0.4817
SME_00771,BR-71920557,TAX-8385154845,Smart Packaging Mart,Samira Kabir,Bangladesh,Khulna,Khalishpur,Cooperative,Growth,1,Manufacturing,Packaging,2019,94,14.7,20,0,0,1,65803.01,52251.29,0.1508,0.4022,8.88,0.9415,0.8806,0.5055,0.3402,1,13551.72,0.71,0.782,0.0097,0,0.0569,0,0,0,0.1114,0.6651,0.8806,0.7213,1,Normal,0,0.0145,0,0.4528
SME_00772,BR-10752779,TAX-9698291357,Nova Bakery Traders,Tariq Islam,Bangladesh,Chattogram,Kotwali,Private Limited,Micro,3,Food,Bakery,2013,165,10.79,12,1,1,1,131215.21,107251.95,0.1319,0.4672,10.21,0.6523,0.7591,0.0,0.1864,0,23963.26,0.5994,0.4521,0.02,0,0.5306,1,0,0,0.0286,0.6229,0.7591,0.6017,1,Normal,0,0.0421,0,0.4705
SME_00773,BR-10363061,TAX-9732897542,Prime Delivery Partners,Rafi Akter,Bangladesh,Chattogram,Halishahar,Private Limited,Small,4,Logistics,Delivery,2019,93,15.98,30,0,0,1,62091.45,51926.17,0.2085,0.2766,0.0,0.7596,0.9345,0.4974,0.4146,1,10165.29,0.8079,0.7873,0.0054,0,0.2632,1,0,0,0.1215,0.8251,0.9345,0.8042,1,Normal,0,0.0084,0,0.434
SME_00774,BR-27498958,TAX-6611360859,Rapid AccountingTech Studio,Arif Hossain,Bangladesh,Dhaka,Mirpur,Cooperative,Micro,6,FinTech,AccountingTech,2022,58,8.02,10,0,0,1,54497.21,44103.02,0.1824,0.2235,7.27,0.7571,0.705,0.398,0.238,1,10394.19,0.7191,0.7011,0.032,0,0.1063,0,0,0,0.073,0.8214,0.705,0.7181,1,Normal,0,0.1932,0,0.4369
SME_00775,BR-65532776,TAX-5025974284,Alpha Electronics Textiles,Karim Sultana,Bangladesh,Chattogram,Kotwali,Private Limited,Micro,0,Retail,Electronics,2019,95,10.97,39,0,0,0,59602.84,52334.46,0.1697,0.3239,9.49,0.8672,0.9392,0.5184,0.366,1,7268.38,0.7372,0.8074,0.0144,0,0.0862,0,0,0,0.1304,0.4887,0.9392,0.7454,1,Normal,0,0.0024,0,0.4375
SME_00776,BR-75235830,TAX-5594688686,Green Dyeing Agro,Shila Chowdhury,Bangladesh,Dhaka,Dhanmondi,Sole Proprietorship,Micro,7,Textile,Dyeing,2024,32,16.72,10,0,0,0,77976.69,60837.58,0.2018,0.0998,5.53,0.8899,0.7259,0.3602,0.3058,0,17139.11,0.799,0.6958,0.0093,0,0.0967,0,0,1,0.1431,0.7504,0.7259,0.8008,1,Normal,0,0.0046,0,0.4278
SME_00777,BR-78008443,TAX-7767805175,Urban Delivery Agro,Anika Miah,Bangladesh,Barishal,Sadar,Private Limited,Micro,4,Logistics,Delivery,2014,149,11.86,9,0,0,0,103180.95,87718.94,0.1498,0.1906,7.93,0.8336,1.0,0.4771,0.3105,1,15462.01,0.7627,0.795,0.0044,0,0.0999,0,0,0,0.1277,0.5979,1.0,0.7823,1,Normal,0,0.0085,0,0.4505
SME_00778,BR-55532444,TAX-6515278578,Vertex HomeGoods Mart,Ritu Sarkar,Bangladesh,Rajshahi,Boalia,Partnership,Micro,0,Retail,HomeGoods,2016,131,17.32,4,0,0,0,25662.32,22311.26,0.1384,0.6942,12.02,0.8756,0.7081,0.2856,0.2683,0,3351.06,0.5767,0.5506,0.0309,0,0.0354,0,0,0,0.0462,0.6178,0.7081,0.5583,1,Warning,0,0.0036,0,0.4342
SME_00779,BR-94981171,TAX-9818827745,Ever Payments Hub,Farhana Ahmed,Bangladesh,Dhaka,Mohammadpur,Sole Proprietorship,Small,6,FinTech,Payments,2024,31,9.19,18,0,0,0,149297.17,134473.58,0.1687,0.3856,0.0,0.6614,0.762,0.2727,0.3008,0,14823.59,0.7019,0.5515,0.0122,0,0.4736,1,0,0,0.0915,0.5322,0.762,0.7325,1,Normal,0,0.0351,0,0.3997
SME_00780,BR-78124793,TAX-9060516448,Urban Fabric Logistics,Ritu Rahman,Bangladesh,Sylhet,Beanibazar,Partnership,Medium,7,Textile,Fabric,2018,107,13.23,7,0,0,1,45466.63,43558.26,0.1073,0.6044,13.69,0.6511,0.6362,0.0,0.4118,0,1908.38,0.5086,0.4068,0.2417,0,0.1865,0,0,0,0.0044,0.1924,0.6362,0.5001,0,Warning,0,0.2493,1,0.5169
SME_00781,BR-96415013,TAX-6125926369,Secure LightManufacturing Mart,Shakil Sarkar,Bangladesh,Barishal,Banaripara,Cooperative,Micro,1,Manufacturing,LightManufacturing,2018,99,11.58,6,0,0,0,62548.72,56837.65,0.149,0.4576,14.08,0.645,0.66,0.2756,0.3171,0,5711.07,0.5769,0.4989,0.1911,0,0.0354,0,1,0,0.0451,0.4062,0.66,0.562,1,Warning,0,0.2158,0,0.41
SME_00782,BR-93471508,TAX-6856508203,Vertex Accessories Textiles,Samira Miah,Bangladesh,Dhaka,Dhanmondi,Sole Proprietorship,Small,7,Textile,Accessories,2023,40,12.72,19,1,1,0,128258.35,110817.54,0.1045,0.515,15.89,0.6679,0.724,0.3985,0.3813,0,17440.81,0.5337,0.5365,0.1044,0,0.2959,0,0,0,0.1086,0.2973,0.724,0.541,0,Warning,0,0.0411,0,0.4298
SME_00783,BR-82841384,TAX-4699540874,Urban Bakery Partners,Imran Jahan,Bangladesh,Dhaka,Gulshan,Partnership,Small,3,Food,Bakery,2024,27,6.16,18,0,0,0,52771.27,46584.05,0.0679,0.647,20.44,0.6722,0.5597,0.1608,0.2655,0,6187.22,0.4222,0.4127,0.4584,1,0.2037,1,0,0,0.0587,0.1544,0.5597,0.4307,0,Warning,1,0.7652,0,0.4413
SME_00784,BR-55974767,TAX-7516055369,Secure Warehousing Ventures,Shakil Sarkar,Bangladesh,Dhaka,Dhanmondi,Sole Proprietorship,Micro,4,Logistics,Warehousing,2015,138,8.66,18,1,0,1,71931.95,64046.59,0.1477,0.4423,0.0,0.4265,0.5753,0.0102,0.3654,0,7885.36,0.5961,0.4676,0.0295,0,0.3039,0,0,1,0.0669,0.6331,0.5753,0.5614,1,Warning,0,0.2313,1,0.5045
SME_00785,BR-54448376,TAX-2580887833,Rapid Accessories Ventures,Arif Kabir,Bangladesh,Dhaka,Gulshan,Sole Proprietorship,Small,7,Textile,Accessories,2022,51,7.15,7,0,0,1,52674.25,51735.12,0.0867,0.6007,18.66,0.6113,0.659,0.3257,0.3888,1,939.13,0.4639,0.5737,0.5518,1,0.1065,0,0,0,0.082,0.1542,0.659,0.4543,0,Warning,1,0.9092,0,0.4673
SME_00786,BR-42359876,TAX-9187315782,Future ColdStorage Agro,Tanvir Akter,Bangladesh,Mymensingh,Trishal,Sole Proprietorship,Micro,2,AgriTech,ColdStorage,2018,96,11.6,9,0,0,1,43959.46,40680.37,0.1327,0.3981,6.91,0.657,0.7562,0.2163,0.2354,0,3279.09,0.6323,0.5657,0.0207,0,0.2292,1,0,0,0.1038,0.4415,0.7562,0.5889,1,Warning,0,0.0699,0,0.4224
SME_00787,BR-87577515,TAX-8881706569,Alpha LendingTech Studio,Nafisa Chowdhury,Bangladesh,Rangpur,Gangachara,Private Limited,Micro,6,FinTech,LendingTech,2022,49,8.75,9,0,0,1,82147.03,61261.3,0.2549,0.122,0.0,0.6644,0.5176,0.117,0.224,0,20885.73,0.7883,0.5471,0.2908,1,0.4352,0,1,1,0.0908,0.9433,0.5176,0.7748,0,Normal,1,0.8162,1,0.5042
SME_00788,BR-16505148,TAX-3919320168,Urban DairySupport Textiles,Sajid Rahman,Bangladesh,Dhaka,Uttara,Private Limited,Small,2,AgriTech,DairySupport,2017,119,14.81,14,0,0,0,62431.32,56433.86,0.1325,0.525,16.86,0.6377,0.6656,0.4647,0.3543,0,5997.45,0.5339,0.5911,0.2369,0,0.0727,0,0,0,0.1458,0.424,0.6656,0.5212,0,Warning,0,0.221,0,0.4637
SME_00789,BR-19107278,TAX-8093060607,Ever SMEFinance Hub,Nafisa Mahmud,Bangladesh,Sylhet,Zindabazar,Sole Proprietorship,Growth,6,FinTech,SMEFinance,2025,14,13.69,23,0,1,0,111159.17,88783.42,0.2386,0.2161,0.0,0.8125,0.8083,0.5454,0.4639,0,22375.75,0.833,0.7034,0.006,0,0.8166,0,0,0,0.196,0.7824,0.8083,0.8389,1,Normal,0,0.0093,0,0.447
SME_00790,BR-48640804,TAX-0416154417,Ever SupplyChain Mart,Adnan Ahmed,Bangladesh,Dhaka,Gulshan,Sole Proprietorship,Growth,4,Logistics,SupplyChain,2021,68,6.36,11,1,1,0,74360.62,68879.24,0.0812,0.7228,18.36,0.5344,0.5048,0.0467,0.3125,0,5481.38,0.3925,0.3809,0.2677,1,0.1989,0,0,0,0.0301,0.1961,0.5048,0.3767,0,Critical,1,0.709,0,0.4665
SME_00791,BR-48321011,TAX-2204421741,Prime Plastic Textiles,Nusrat Hasan,Bangladesh,Rajshahi,Boalia,Sole Proprietorship,Growth,1,Manufacturing,Plastic,2018,101,8.43,30,0,0,1,130075.12,112602.41,0.1439,0.4194,10.5,0.7134,0.7849,0.2761,0.1905,0,17472.71,0.6341,0.5581,0.013,0,0.1344,1,0,0,0.0703,0.554,0.7849,0.6231,1,Normal,0,0.0049,0,0.42
SME_00792,BR-20341630,TAX-4865350878,Blue Beverage Hub,Shila Rahman,Bangladesh,Mymensingh,Trishal,Sole Proprietorship,Small,3,Food,Beverage,2020,82,4.99,15,0,1,0,71797.27,71007.49,0.0159,0.8417,32.59,0.6027,0.5289,0.1294,0.3962,0,789.78,0.2563,0.3006,0.5402,0,0.3972,0,0,0,0.0233,0.0916,0.5289,0.2824,0,Critical,0,0.3124,1,0.5636
SME_00793,BR-03343381,TAX-9995907096,Urban FarmInputs Enterprises,Nusrat Kabir,Bangladesh,Chattogram,Pahartali,Private Limited,Micro,2,AgriTech,FarmInputs,2017,112,19.85,8,0,0,0,61233.25,46764.89,0.1969,0.3626,0.0,0.8971,0.7801,0.355,0.422,1,14468.36,0.7762,0.7778,0.013,0,0.1327,0,0,0,0.1076,0.944,0.7801,0.8175,1,Normal,0,0.0059,0,0.4356
SME_00794,BR-27547310,TAX-2914019392,Prime HomeGoods Enterprises,Rafi Hasan,Bangladesh,Dhaka,Dhanmondi,Private Limited,Small,0,Retail,HomeGoods,2023,37,10.45,15,0,0,1,49664.09,39342.34,0.1735,0.263,10.7,0.8544,0.7167,0.1754,0.3932,0,10321.76,0.7052,0.5812,0.0112,0,0.1856,0,0,0,0.0686,0.6124,0.7167,0.6868,1,Normal,0,0.0034,0,0.4426
SME_00795,BR-44442829,TAX-9449429960,Secure Electronics Foods,Arif Karim,Bangladesh,Rajshahi,Boalia,Private Limited,Micro,0,Retail,Electronics,2020,82,12.65,25,0,1,0,57141.05,44460.63,0.1868,0.0881,0.0,0.7757,0.877,0.1308,0.1492,0,12680.42,0.8238,0.5623,0.0072,0,0.4313,1,0,0,0.0579,0.8561,0.877,0.8442,1,Normal,0,0.0058,0,0.4856
SME_00796,BR-62573406,TAX-1324893459,Rapid FarmInputs Solutions,Farhana Hossain,Bangladesh,Rangpur,Sadar,Partnership,Micro,2,AgriTech,FarmInputs,2015,137,7.21,30,1,0,0,77931.28,62864.45,0.1134,0.5307,6.0,0.7913,0.7123,0.3545,0.2794,1,15066.83,0.6079,0.6932,0.0586,0,0.0832,0,0,0,0.0983,0.5656,0.7123,0.6157,1,Normal,0,0.0353,0,0.417
SME_00797,BR-29397549,TAX-3148535715,Green Fashion Digital,Rumana Sultana,Bangladesh,Dhaka,Dhanmondi,Private Limited,Micro,0,Retail,Fashion,2021,64,10.13,18,0,0,0,71140.3,62272.17,0.1318,0.4407,6.37,0.6604,0.5059,0.0484,0.3128,0,8868.13,0.5805,0.3947,0.3876,0,0.1049,0,1,0,-0.0158,0.3865,0.5059,0.5457,1,Warning,0,0.097,0,0.4469
SME_00798,BR-40482909,TAX-0820842046,Secure Grocery Hub,Tanvir Jahan,Bangladesh,Dhaka,Mirpur,Sole Proprietorship,Small,0,Retail,Grocery,2024,33,11.14,9,0,0,0,44430.34,36244.52,0.1822,0.2161,0.0,0.6334,0.5724,0.0092,0.2661,0,8185.82,0.7113,0.4545,0.1356,0,0.3555,0,1,0,0.0226,0.6912,0.5724,0.6955,1,Normal,1,0.7917,1,0.5109
SME_00799,BR-45833655,TAX-8359974590,Fresh HealthServices Care,Ritu Sarkar,Bangladesh,Dhaka,Uttara,Sole Proprietorship,Small,5,Healthcare,HealthServices,2014,153,12.09,8,0,0,0,104223.72,90994.73,0.165,0.4937,11.03,0.6017,0.6952,0.3302,0.3794,0,13228.99,0.5963,0.482,0.4829,0,0.1101,0,1,0,0.0561,0.5491,0.6952,0.5357,1,Warning,0,0.1936,0,0.4187
SME_00800,BR-07533115,TAX-8688581159,Prime Pharmacy Studio,Nafisa Kabir,Bangladesh,Rajshahi,Motihar,Cooperative,Micro,5,Healthcare,Pharmacy,2015,141,17.0,13,0,1,1,64724.78,53551.38,0.2357,0.1392,0.0,0.7302,0.618,0.662,0.2958,0,11173.4,0.7984,0.6876,0.088,0,0.5486,1,1,1,0.2091,0.8563,0.618,0.8049,1,Normal,0,0.2609,1,0.5121
