businessID,businessName,sector,sizeClass,yearsInBusiness,employees,annualRevenue,annualIncome,loanAmount,loanDuration,creditScore,defaultProbability,riskScore,debtToIncomeRatio,debtToEquityRatio,currentRatio,cashFlowStability,revenueVolatility,latePayments,anomalyFlag,fraudFlag,readinessScore,readinessTier,esgScoreE,esgScoreS,esgScoreG,esgComposite,esgTier,qfintrustComposite,loanDecision,registrationDate
SME_00001,Golden Payments Solutions,FinTech,Medium,9,36,1599518.52,185030.28,799759.26,48,710,0.2541,25.41,4.322,1.04,2.46,0.73,0.493,0,1,0,74.37,A,68.17,75.74,83.31,75.74,A,75.06,APPROVE,2026-06-10
SME_00002,Nova Bakery Foods,Food,Growth,10,5,789748.92,201502.68,394874.46,12,804,0.08330000000000004,8.33,1.96,0.0,3.0,1.0,0.428,0,1,0,84.63,A,83.74,93.04,100.0,93.04,A,88.84,APPROVE,2026-06-10
SME_00003,Ever Dyeing Care,Textile,Growth,4,5,397936.32,49751.4,198968.16,36,561,0.5252,52.52,3.999,2.67,1.5,0.25,0.366,1,0,0,48.37,C,46.88,52.09,57.3,52.09,B,50.23,CONDITIONAL REVIEW,2026-06-10
SME_00004,Nova Diagnostics Digital,Healthcare,Medium,5,5,649285.32,98262.12,324642.66,48,659,0.34640000000000004,34.64,3.304,1.37,1.9,0.45,0.182,0,0,0,46.03,C,57.59,63.99,70.39,63.99,B,55.01,APPROVE,2026-06-10
SME_00005,Smart Electronics Hub,Retail,Growth,14,24,524745.0,133752.48,262372.5,12,739,0.20109999999999995,20.11,1.962,0.99,3.0,1.0,0.345,0,0,0,67.58,B,67.9,75.44,82.98,75.44,A,71.51,APPROVE,2026-06-10
SME_00006,Future Fabric Enterprises,Textile,Small,12,17,867549.84,201372.24,433774.92,60,733,0.2128,21.28,2.154,0.52,2.84,0.92,0.332,0,0,0,73.01,A,71.38,79.31,87.24,79.31,A,76.16,APPROVE,2026-06-10
SME_00007,Urban Clinic Textiles,Healthcare,Micro,6,8,975668.16,251865.0,487834.08,36,710,0.254,25.4,1.937,0.95,2.82,0.91,0.201,0,0,0,54.71,B,61.13,67.92,74.71,67.92,B,61.31,APPROVE,2026-06-10
SME_00008,Alpha Payments Enterprises,FinTech,Micro,3,9,599214.6,142618.8,299607.3,36,725,0.22809999999999997,22.81,2.101,1.48,2.78,0.89,0.361,0,0,0,60.85,B,61.38,68.2,75.02,68.2,B,64.53,APPROVE,2026-06-10
SME_00009,Vertex HomeGoods Digital,Retail,Micro,4,6,281357.64,25182.6,140678.82,48,565,0.5174000000000001,51.74,5.586,2.37,1.27,0.13,0.216,1,0,0,49.47,C,51.24,56.93,62.62,56.93,B,53.2,CONDITIONAL REVIEW,2026-06-10
SME_00010,Prime Bakery Textiles,Food,Micro,8,15,683161.44,40507.92,341580.72,60,640,0.38270000000000004,38.27,8.432,1.87,1.98,0.49,0.38,1,0,0,70.13,A,61.7,68.55,75.41,68.55,B,69.34,CONDITIONAL REVIEW,2026-06-10
SME_00011,Green AgroProcessing Digital,AgriTech,Small,8,7,367843.56,55707.84,183921.78,60,668,0.3317,33.17,3.302,1.14,2.27,0.64,0.321,0,0,0,58.99,B,65.75,73.05,80.36,73.05,A,66.02,APPROVE,2026-06-10
SME_00012,Prime Garments Traders,Textile,Medium,3,8,961581.12,126919.08,480790.56,48,630,0.40069999999999995,40.07,3.788,1.76,2.06,0.53,0.124,0,0,0,43.04,C,55.55,61.72,67.89,61.72,B,52.38,CONDITIONAL REVIEW,2026-06-10
SME_00013,Fresh Warehousing Traders,Logistics,Medium,1,13,741316.08,2311.68,370658.04,36,528,0.5861000000000001,58.61,9.9,2.91,1.38,0.19,0.18,1,1,1,32.25,C,40.17,44.63,49.09,44.63,C,38.44,FRAUD REVIEW,2026-06-10
SME_00014,Blue AccountingTech Studio,FinTech,Small,7,8,810931.56,213905.64,405465.78,36,814,0.06579999999999997,6.58,1.896,0.0,3.0,1.0,0.6,0,0,0,79.01,A,79.17,87.97,96.77,87.97,A,83.49,APPROVE,2026-06-10
SME_00015,Bright Bakery Digital,Food,Micro,12,8,1563669.96,225514.08,781834.98,60,641,0.38049999999999995,38.05,3.467,2.04,1.91,0.45,0.376,0,0,0,58.5,B,54.4,60.44,66.48,60.44,B,59.47,CONDITIONAL REVIEW,2026-06-10
SME_00016,Nova Plastic Agro,Manufacturing,Medium,2,9,610058.64,136378.08,305029.32,36,635,0.391,39.1,2.237,1.97,1.99,0.49,0.213,0,0,0,57.98,B,59.89,66.55,73.2,66.55,B,62.27,CONDITIONAL REVIEW,2026-06-10
SME_00017,Trust Beverage Studio,Food,Small,6,15,707973.24,126831.24,353986.62,36,685,0.2996,29.96,2.791,1.09,2.3,0.65,0.452,0,0,0,77.53,A,68.62,76.25,83.88,76.25,A,76.89,APPROVE,2026-06-10
SME_00018,Blue Electronics Partners,Retail,Micro,2,24,553166.64,82032.96,276583.32,60,536,0.5718,57.18,3.372,2.83,1.65,0.32,0.284,1,0,1,51.74,B,50.09,55.66,61.23,55.66,B,53.7,FRAUD REVIEW,2026-06-10
SME_00019,Future SMEFinance Traders,FinTech,Small,4,13,1090477.44,246038.04,545238.72,48,735,0.20930000000000004,20.93,2.216,0.03,2.92,0.96,0.385,0,0,0,71.75,A,63.47,70.52,77.57,70.52,A,71.13,APPROVE,2026-06-10
SME_00020,Nova FleetServices Ventures,Logistics,Small,9,15,1023239.52,189108.6,511619.76,36,683,0.3034,30.34,2.705,1.27,2.03,0.52,0.422,0,0,0,54.6,B,64.14,71.27,78.4,71.27,A,62.94,APPROVE,2026-06-10
SME_00021,Alpha Clinic Partners,Healthcare,Micro,4,8,1106005.56,169720.56,553002.78,12,737,0.20609999999999995,20.61,3.258,0.67,2.64,0.82,0.087,0,1,0,46.8,C,64.91,72.12,79.33,72.12,A,59.46,APPROVE,2026-06-10
SME_00022,Future FarmInputs Hub,AgriTech,Medium,4,6,337273.44,35078.52,168636.72,24,463,0.7044,70.44,4.807,3.9,1.21,0.1,0.256,1,1,1,32.61,C,33.44,37.15,40.87,37.15,C,34.88,FRAUD REVIEW,2026-06-10
SME_00023,Green Accessories Agro,Textile,Medium,14,13,1302623.04,388455.96,651311.52,60,778,0.13029999999999997,13.03,1.677,0.15,3.0,1.0,0.48,0,1,0,71.58,A,80.19,89.1,98.01,89.1,A,80.34,APPROVE,2026-06-10
SME_00024,Trust Dyeing Ventures,Textile,Medium,2,10,978484.8,451.8,489242.4,12,486,0.6626000000000001,66.26,9.9,3.35,1.0,0.0,0.151,2,0,1,48.26,C,49.04,54.49,59.94,54.49,B,51.38,FRAUD REVIEW,2026-06-10
SME_00025,Smart LendingTech Hub,FinTech,Micro,3,4,625360.32,133534.68,312680.16,48,743,0.19479999999999997,19.48,2.342,0.68,2.25,0.63,0.426,0,0,1,77.3,A,67.01,74.45,81.9,74.45,A,75.88,FRAUD REVIEW,2026-06-10
SME_00026,Urban Plastic Agro,Manufacturing,Medium,13,7,921713.04,243558.12,460856.52,36,611,0.4346,43.46,1.892,2.12,2.07,0.54,0.071,1,1,1,37.01,C,52.16,57.95,63.75,57.95,B,47.48,FRAUD REVIEW,2026-06-10
SME_00027,Bright Restaurant Textiles,Food,Medium,8,9,865898.52,177411.36,432949.26,24,556,0.5343,53.43,2.44,2.62,1.87,0.44,0.324,1,0,0,44.07,C,45.46,50.51,55.56,50.51,B,47.29,CONDITIONAL REVIEW,2026-06-10
SME_00028,Secure Grocery Mart,Retail,Micro,1,7,228488.16,14507.28,114244.08,48,496,0.6436,64.36,7.875,2.86,1.35,0.18,0.236,1,1,1,41.29,C,46.91,52.12,57.33,52.12,B,46.7,FRAUD REVIEW,2026-06-10
SME_00029,Green Fashion Hub,Retail,Medium,6,22,1604833.2,101136.48,802416.6,60,583,0.4857,48.57,7.934,2.35,1.78,0.39,0.108,1,0,0,41.08,C,53.08,58.98,64.88,58.98,B,50.03,CONDITIONAL REVIEW,2026-06-10
SME_00030,Trust Clinic Agro,Healthcare,Small,8,12,911982.12,119123.52,455991.06,60,736,0.20699999999999996,20.7,3.828,1.36,2.58,0.79,0.236,0,0,0,61.59,B,70.95,78.83,86.71,78.83,A,70.21,APPROVE,2026-06-10
SME_00031,Urban HealthServices Mart,Healthcare,Small,4,21,1159015.68,259989.12,579507.84,12,708,0.2582,25.82,2.229,1.71,2.36,0.68,0.591,0,1,0,81.03,A,65.49,72.77,80.05,72.77,A,76.9,APPROVE,2026-06-10
SME_00032,Fresh Garments Logistics,Textile,Micro,8,11,468077.28,96906.6,234038.64,24,700,0.272,27.2,2.415,1.29,2.6,0.8,0.286,0,0,0,61.53,B,65.07,72.3,79.53,72.3,A,66.91,APPROVE,2026-06-10
SME_00033,Golden ColdStorage Foods,AgriTech,Small,9,9,281015.88,28900.8,140507.94,48,469,0.6921999999999999,69.22,4.862,3.03,1.0,0.0,0.234,2,1,0,30.12,C,40.58,45.09,49.6,45.09,C,37.61,REJECT,2026-06-10
SME_00034,Bright ColdStorage Digital,AgriTech,Micro,4,5,362955.72,54094.92,181477.86,60,682,0.3063,30.63,3.355,1.05,2.65,0.83,0.6,0,1,0,64.41,B,64.35,71.5,78.65,71.5,A,67.95,APPROVE,2026-06-10
SME_00035,Bright ProcessedFood Textiles,Food,Micro,12,9,1503834.36,10461.24,751917.18,36,578,0.494,49.4,9.9,1.91,1.33,0.17,0.112,1,1,0,50.58,B,59.39,65.99,72.59,65.99,B,58.28,CONDITIONAL REVIEW,2026-06-10
SME_00036,Secure LightManufacturing Works,Manufacturing,Micro,7,9,690663.6,102327.0,345331.8,60,730,0.21850000000000003,21.85,3.375,0.69,2.2,0.6,0.426,0,0,0,80.22,A,66.9,74.33,81.76,74.33,A,77.28,APPROVE,2026-06-10
SME_00037,Smart HomeGoods Studio,Retail,Growth,14,4,359383.68,70874.04,179691.84,48,695,0.28200000000000003,28.2,2.535,1.23,2.38,0.69,0.327,0,0,0,57.87,B,60.75,67.5,74.25,67.5,B,62.69,APPROVE,2026-06-10
SME_00038,Blue Bakery Partners,Food,Small,1,7,463880.4,108489.48,231940.2,24,695,0.28180000000000005,28.18,2.138,1.14,2.31,0.65,0.26,0,0,0,51.06,B,59.63,66.26,72.89,66.26,B,58.66,APPROVE,2026-06-10
SME_00039,Fresh Packaging Foods,Manufacturing,Small,5,7,991833.24,106408.08,495916.62,36,582,0.487,48.7,4.661,2.49,1.51,0.25,0.206,1,0,0,51.03,B,50.98,56.65,62.32,56.65,B,53.84,CONDITIONAL REVIEW,2026-06-10
SME_00040,Green Delivery Mart,Logistics,Small,10,12,2029919.88,234334.08,1014959.94,24,667,0.33309999999999995,33.31,4.331,0.68,2.25,0.62,0.196,0,0,0,49.05,C,63.86,70.96,78.06,70.96,A,60.0,APPROVE,2026-06-10
SME_00041,Future ProcessedFood Textiles,Food,Growth,13,12,1369274.4,189179.28,684637.2,24,636,0.38939999999999997,38.94,3.619,1.9,1.83,0.42,0.507,0,1,0,68.1,B,59.8,66.44,73.08,66.44,B,67.27,CONDITIONAL REVIEW,2026-06-10
SME_00042,Prime LendingTech Logistics,FinTech,Small,3,6,722836.68,179969.16,361418.34,60,624,0.41000000000000003,41.0,2.008,2.31,2.19,0.59,0.411,1,1,0,74.2,A,56.17,62.41,68.65,62.41,B,68.31,CONDITIONAL REVIEW,2026-06-10
SME_00043,Alpha Diagnostics Hub,Healthcare,Growth,14,12,1589197.2,357243.48,794598.6,24,705,0.2633,26.33,2.224,1.27,2.4,0.7,0.532,0,0,0,75.67,A,63.16,70.18,77.2,70.18,A,72.93,APPROVE,2026-06-10
SME_00044,Prime AgroProcessing Mart,AgriTech,Small,3,8,421520.64,46140.84,210760.32,60,489,0.6572,65.72,4.568,2.7,1.63,0.32,0.2,1,0,0,40.59,C,40.46,44.96,49.46,44.96,C,42.78,REJECT,2026-06-10
SME_00045,Golden Payments Partners,FinTech,Micro,6,3,462510.72,182460.6,231255.36,48,786,0.11570000000000003,11.57,1.267,0.0,3.0,1.0,0.401,0,1,0,64.74,B,70.07,77.86,85.65,77.86,A,71.3,APPROVE,2026-06-10
SME_00046,Urban AccountingTech Digital,FinTech,Small,5,7,609660.48,169742.4,304830.24,12,795,0.09930000000000005,9.93,1.796,0.0,3.0,1.0,0.415,0,1,0,80.18,A,72.47,80.52,88.57,80.52,A,80.35,APPROVE,2026-06-10
SME_00047,Smart ColdStorage Care,AgriTech,Small,6,17,432053.28,26221.08,216026.64,60,558,0.5307,53.07,8.239,1.87,1.46,0.23,0.15,1,0,1,42.44,C,53.12,59.02,64.92,59.02,B,50.73,FRAUD REVIEW,2026-06-10
SME_00048,Green LightManufacturing Studio,Manufacturing,Medium,13,3,729223.92,6642.0,364611.96,48,530,0.5813999999999999,58.14,9.9,2.44,1.32,0.16,0.577,1,0,1,56.53,B,48.82,54.24,59.66,54.24,B,55.39,FRAUD REVIEW,2026-06-10
SME_00049,Ever Diagnostics Logistics,Healthcare,Medium,11,10,1635399.48,424373.52,817699.74,48,747,0.1874,18.74,1.927,0.25,2.57,0.79,0.426,0,0,0,58.32,B,67.55,75.05,82.56,75.05,A,66.69,APPROVE,2026-06-10
SME_00050,Golden Fashion Traders,Retail,Small,12,23,761284.44,98446.44,380642.22,60,744,0.1935,19.35,3.866,1.16,2.36,0.68,0.301,0,0,0,71.28,A,74.75,83.05,91.36,83.05,A,77.16,APPROVE,2026-06-10
SME_00051,Urban Packaging Traders,Manufacturing,Growth,4,6,640220.76,21051.84,320110.38,12,495,0.646,64.6,9.9,2.66,1.26,0.13,0.304,2,0,1,32.64,C,42.58,47.31,52.04,47.31,C,39.98,FRAUD REVIEW,2026-06-10
SME_00052,Vertex Grocery Foods,Retail,Small,14,9,812204.76,127492.44,406102.38,12,701,0.2702,27.02,3.185,1.02,2.49,0.74,0.289,0,0,0,57.11,B,63.8,70.89,77.98,70.89,A,64.0,APPROVE,2026-06-10
SME_00053,Future SMEFinance Care,FinTech,Micro,6,4,331448.4,98471.88,165724.2,24,679,0.3114,31.14,1.683,1.33,2.96,0.98,0.36,0,0,0,59.62,B,58.41,64.9,71.39,64.9,B,62.26,APPROVE,2026-06-10
SME_00054,Bright FleetServices Mart,Logistics,Small,9,24,1040718.0,256376.76,520359.0,60,677,0.31499999999999995,31.5,2.03,1.8,2.54,0.77,0.308,1,0,0,63.3,B,62.58,69.53,76.48,69.53,B,66.41,APPROVE,2026-06-10
SME_00055,Nova Diagnostics Studio,Healthcare,Micro,10,9,2002600.2,297761.28,1001300.1,36,598,0.4585,45.85,3.363,2.04,2.17,0.59,0.219,1,0,0,46.78,C,55.63,61.81,67.99,61.81,B,54.3,CONDITIONAL REVIEW,2026-06-10
SME_00056,Secure LendingTech Digital,FinTech,Medium,10,9,1293861.0,333663.48,646930.5,24,787,0.11539999999999995,11.54,1.939,0.0,2.86,0.93,0.348,0,0,0,77.34,A,73.77,81.97,90.17,81.97,A,79.66,APPROVE,2026-06-10
SME_00057,Trust ProcessedFood Hub,Food,Micro,9,20,578253.72,60688.32,289126.86,12,507,0.6239,62.39,4.764,3.42,1.71,0.36,0.206,1,0,0,37.12,C,31.45,34.94,38.43,34.94,C,36.03,REJECT,2026-06-10
SME_00058,Ever Restaurant Works,Food,Small,7,13,758532.36,13484.64,379266.18,60,558,0.5306,53.06,9.9,2.78,1.38,0.19,0.297,1,0,1,58.77,B,50.18,55.76,61.34,55.76,B,57.27,FRAUD REVIEW,2026-06-10
SME_00059,Ever Grocery Foods,Retail,Small,9,5,524910.84,57203.64,262455.42,48,546,0.5526,55.26,4.588,2.07,1.85,0.42,0.145,1,0,0,38.25,C,48.82,54.24,59.66,54.24,B,46.25,CONDITIONAL REVIEW,2026-06-10
SME_00060,Future Fashion Digital,Retail,Micro,13,6,181309.68,51643.08,90654.84,48,750,0.1815,18.15,1.755,0.97,2.95,0.97,0.562,0,0,0,76.2,A,72.45,80.5,88.55,80.5,A,78.35,APPROVE,2026-06-10
SME_00061,Nova Warehousing Partners,Logistics,Micro,6,12,938563.68,191060.28,469281.84,48,697,0.2782,27.82,2.456,1.48,2.42,0.71,0.334,0,0,0,68.84,B,62.43,69.37,76.31,69.37,B,69.11,APPROVE,2026-06-10
SME_00062,Ever Restaurant Partners,Food,Medium,7,6,434045.64,53647.44,217022.82,60,612,0.4326,43.26,4.045,1.53,1.9,0.45,0.265,1,0,0,40.95,C,51.86,57.62,63.38,57.62,B,49.28,CONDITIONAL REVIEW,2026-06-10
SME_00063,Vertex Restaurant Foods,Food,Micro,3,3,141249.24,28652.16,70624.62,36,742,0.1965,19.65,2.465,0.75,2.61,0.8,0.247,0,0,0,68.16,B,72.71,80.79,88.87,80.79,A,74.47,APPROVE,2026-06-10
SME_00064,Ever HealthServices Digital,Healthcare,Small,5,9,956148.12,170764.08,478074.06,36,719,0.23829999999999996,23.83,2.8,1.04,2.6,0.8,0.54,0,1,0,75.09,A,65.92,73.24,80.56,73.24,A,74.16,APPROVE,2026-06-10
SME_00065,Fresh SupplyChain Partners,Logistics,Small,11,4,464817.36,25023.72,232408.68,12,614,0.42889999999999995,42.89,9.288,1.64,1.75,0.38,0.298,1,0,1,50.34,B,59.16,65.73,72.3,65.73,B,58.04,FRAUD REVIEW,2026-06-10
SME_00066,Prime ProcessedFood Agro,Food,Micro,9,24,979976.76,227907.24,489988.38,36,674,0.32020000000000004,32.02,2.15,1.1,2.38,0.69,0.203,0,0,1,62.9,B,63.88,70.98,78.08,70.98,A,66.94,FRAUD REVIEW,2026-06-10
SME_00067,Secure Restaurant Digital,Food,Micro,3,10,484925.04,63215.76,242462.52,36,617,0.4232,42.32,3.835,1.87,1.79,0.4,0.293,1,0,0,47.43,C,55.82,62.02,68.22,62.02,B,54.73,CONDITIONAL REVIEW,2026-06-10
SME_00068,Urban MetalWorks Agro,Manufacturing,Medium,8,5,434738.52,5922.48,217369.26,24,503,0.6314,63.14,9.9,2.84,1.33,0.16,0.236,1,0,0,35.7,C,33.36,37.07,40.78,37.07,C,36.39,REJECT,2026-06-10
SME_00069,Smart Fashion Traders,Retail,Growth,12,6,243569.64,68479.68,121784.82,36,725,0.2268,22.68,1.778,0.93,2.68,0.84,0.194,0,0,0,55.97,B,68.24,75.82,83.4,75.82,A,65.89,APPROVE,2026-06-10
SME_00070,Bright Restaurant Digital,Food,Micro,2,3,181682.76,13874.4,90841.38,36,502,0.6329,63.29,6.547,2.81,1.3,0.15,0.458,2,1,0,41.87,C,41.45,46.05,50.66,46.05,C,43.96,REJECT,2026-06-10
SME_00071,Golden LightManufacturing Partners,Manufacturing,Growth,1,5,698213.4,71684.88,349106.7,24,680,0.3094,30.94,4.87,0.91,2.19,0.59,0.323,0,0,0,58.64,B,57.67,64.08,70.49,64.08,B,61.36,APPROVE,2026-06-10
SME_00072,Trust ColdStorage Solutions,AgriTech,Small,6,17,568113.72,50698.8,284056.86,60,640,0.38270000000000004,38.27,5.603,1.25,2.09,0.55,0.48,1,0,0,59.95,B,63.64,70.71,77.78,70.71,A,65.33,CONDITIONAL REVIEW,2026-06-10
SME_00073,Alpha Accessories Agro,Textile,Medium,10,34,1227095.4,115806.24,613547.7,12,666,0.33409999999999995,33.41,5.298,1.59,2.08,0.54,0.517,0,0,0,58.26,B,67.05,74.5,81.95,74.5,A,66.38,APPROVE,2026-06-10
SME_00074,Nova MetalWorks Partners,Manufacturing,Medium,5,14,650178.72,28549.44,325089.36,12,530,0.5811,58.11,9.9,2.49,1.55,0.27,0.149,1,0,1,37.78,C,47.9,53.22,58.54,53.22,B,45.5,FRAUD REVIEW,2026-06-10
SME_00075,Ever Fashion Hub,Retail,Medium,12,9,477711.12,112703.28,238855.56,48,719,0.23829999999999996,23.83,2.119,1.2,2.47,0.73,0.25,0,0,0,68.62,B,67.8,75.33,82.86,75.33,A,71.97,APPROVE,2026-06-10
SME_00076,Smart Plastic Agro,Manufacturing,Medium,12,7,1020137.28,58704.36,510068.64,48,596,0.46140000000000003,46.14,8.689,2.19,1.73,0.37,0.333,1,0,1,39.57,C,51.46,57.18,62.9,57.18,B,48.38,FRAUD REVIEW,2026-06-10
SME_00077,Bright MetalWorks Traders,Manufacturing,Small,8,5,737248.68,257807.4,368624.34,48,775,0.13560000000000005,13.56,1.43,0.0,3.0,1.0,0.374,0,0,0,72.17,A,72.23,80.26,88.29,80.26,A,76.22,APPROVE,2026-06-10
SME_00078,Alpha Warehousing Traders,Logistics,Small,5,31,1171314.48,282208.56,585657.24,24,709,0.2562,25.62,2.075,1.13,2.48,0.74,0.289,0,0,0,74.41,A,69.77,77.52,85.27,77.52,A,75.97,APPROVE,2026-06-10
SME_00079,Future Beverage Works,Food,Small,1,8,182400.72,-1390.68,91200.36,48,449,0.7291000000000001,72.91,9.9,3.19,1.0,0.0,0.165,1,1,1,24.44,D,32.36,35.96,39.56,35.96,C,30.2,FRAUD REVIEW,2026-06-10
SME_00080,Smart SMEFinance Ventures,FinTech,Micro,12,32,1552938.24,389226.96,776469.12,48,727,0.22360000000000002,22.36,1.995,0.92,2.68,0.84,0.312,0,0,1,52.9,B,63.1,70.11,77.12,70.11,A,61.5,FRAUD REVIEW,2026-06-10
SME_00081,Ever SupplyChain Ventures,Logistics,Medium,13,21,1119281.88,183054.36,559640.94,24,706,0.26160000000000005,26.16,3.057,1.17,2.11,0.56,0.37,0,0,0,78.85,A,71.42,79.36,87.3,79.36,A,79.1,APPROVE,2026-06-10
SME_00082,Future FarmInputs Agro,AgriTech,Micro,6,3,132956.52,13164.6,66478.26,36,559,0.5299,52.99,5.05,2.23,1.44,0.22,0.332,1,0,0,41.6,C,48.41,53.79,59.17,53.79,B,47.7,CONDITIONAL REVIEW,2026-06-10
SME_00083,Nova LendingTech Textiles,FinTech,Micro,7,6,714595.2,99181.92,357297.6,12,740,0.1996,19.96,3.602,0.41,2.52,0.76,0.283,0,0,0,53.91,B,66.18,73.53,80.88,73.53,A,63.72,APPROVE,2026-06-10
SME_00084,Golden Electronics Traders,Retail,Micro,11,6,529562.28,123609.36,264781.14,36,738,0.20279999999999998,20.28,2.142,1.05,3.0,1.0,0.418,0,0,0,64.94,B,58.92,65.47,72.02,65.47,B,65.2,APPROVE,2026-06-10
SME_00085,Urban Electronics Agro,Retail,Micro,10,9,486803.04,99726.0,243401.52,24,682,0.30600000000000005,30.6,2.441,0.83,2.45,0.73,0.302,0,0,0,46.81,C,58.96,65.51,72.06,65.51,B,56.16,APPROVE,2026-06-10
SME_00086,Rapid Grocery Digital,Retail,Small,2,9,569659.32,58325.04,284829.66,60,654,0.35640000000000005,35.64,4.883,1.61,2.17,0.59,0.161,0,0,0,48.3,C,60.29,66.99,73.69,66.99,B,57.64,CONDITIONAL REVIEW,2026-06-10
SME_00087,Smart HealthServices Textiles,Healthcare,Small,10,54,1155838.44,287358.6,577919.22,36,727,0.22419999999999995,22.42,2.011,0.93,2.8,0.9,0.383,0,0,0,65.12,B,70.91,78.79,86.67,78.79,A,71.96,APPROVE,2026-06-10
SME_00088,Alpha Beverage Solutions,Food,Small,13,5,417028.32,48275.28,208514.16,24,675,0.3173,31.73,4.319,1.49,1.99,0.5,0.281,1,0,0,63.8,B,65.07,72.3,79.53,72.3,A,68.05,APPROVE,2026-06-10
SME_00089,Smart Grocery Solutions,Retail,Micro,11,10,285351.84,52361.52,142675.92,24,710,0.2541,25.41,2.725,0.86,2.39,0.7,0.196,0,0,0,65.42,B,67.3,74.78,82.26,74.78,A,70.1,APPROVE,2026-06-10
SME_00090,Fresh Restaurant Mart,Food,Small,7,13,677219.64,94380.72,338609.82,60,699,0.27449999999999997,27.45,3.588,0.72,2.2,0.6,0.508,0,0,0,70.73,A,69.16,76.84,84.52,76.84,A,73.78,APPROVE,2026-06-10
SME_00091,Golden Electronics Foods,Retail,Small,8,9,342714.6,88921.08,171357.3,36,717,0.241,24.1,1.927,0.99,2.42,0.71,0.312,0,0,0,71.86,A,71.37,79.3,87.23,79.3,A,75.58,APPROVE,2026-06-10
SME_00092,Urban HealthServices Enterprises,Healthcare,Medium,4,10,1512139.44,307653.36,756069.72,24,584,0.484,48.4,2.458,2.12,1.75,0.37,0.197,1,0,1,38.75,C,51.2,56.89,62.58,56.89,B,47.82,FRAUD REVIEW,2026-06-10
SME_00093,Smart Bakery Foods,Food,Small,10,5,492322.56,155574.24,246161.28,12,702,0.269,26.9,1.582,1.2,2.97,0.99,0.52,0,1,0,54.25,B,58.12,64.58,71.04,64.58,B,59.41,APPROVE,2026-06-10
SME_00094,Ever AgroProcessing Textiles,AgriTech,Small,4,10,554337.24,15801.36,277168.62,48,552,0.5418000000000001,54.18,9.9,3.05,1.59,0.29,0.382,1,0,0,56.93,B,53.96,59.95,65.95,59.95,B,58.44,CONDITIONAL REVIEW,2026-06-10
SME_00095,Urban LightManufacturing Mart,Manufacturing,Small,5,12,758462.52,207529.32,379231.26,12,757,0.1694,16.94,1.827,0.79,2.81,0.91,0.366,0,0,0,67.62,B,73.16,81.29,89.42,81.29,A,74.46,APPROVE,2026-06-10
SME_00096,Future Warehousing Textiles,Logistics,Growth,4,11,534226.92,57454.56,267113.46,36,649,0.3657,36.57,4.649,1.23,2.05,0.53,0.153,1,1,0,46.14,C,60.15,66.83,73.51,66.83,B,56.48,CONDITIONAL REVIEW,2026-06-10
SME_00097,Alpha FarmInputs Textiles,AgriTech,Medium,5,13,334802.52,34951.8,167401.26,60,561,0.5251,52.51,4.789,2.86,1.73,0.36,0.269,1,0,0,58.36,B,52.44,58.27,64.1,58.27,B,58.31,CONDITIONAL REVIEW,2026-06-10
SME_00098,Smart HomeGoods Agro,Retail,Small,5,21,749155.08,83190.84,374577.54,60,621,0.4165,41.65,4.503,1.76,1.83,0.41,0.216,1,0,0,62.22,B,59.69,66.32,72.95,66.32,B,64.27,CONDITIONAL REVIEW,2026-06-10
SME_00099,Future Fashion Foods,Retail,Small,1,16,1053164.88,125739.6,526582.44,12,616,0.4253,42.53,4.188,1.91,1.84,0.42,0.312,0,0,0,54.03,B,55.31,61.46,67.61,61.46,B,57.75,CONDITIONAL REVIEW,2026-06-10
SME_00100,Trust Accessories Solutions,Textile,Micro,10,9,836722.92,9773.4,418361.46,12,628,0.40280000000000005,40.28,9.9,2.07,1.38,0.19,0.306,1,0,0,71.86,A,64.7,71.89,79.08,71.89,A,71.88,CONDITIONAL REVIEW,2026-06-10
SME_00101,Fresh Accessories Agro,Textile,Growth,6,4,342629.88,23935.8,171314.94,36,584,0.4831,48.31,7.157,1.98,1.89,0.44,0.147,1,0,1,50.57,B,53.28,59.2,65.12,59.2,B,54.89,FRAUD REVIEW,2026-06-10
SME_00102,Future HealthServices Studio,Healthcare,Small,14,6,791808.72,105664.56,395904.36,24,624,0.41180000000000005,41.18,3.747,1.62,2.11,0.55,0.165,1,0,0,50.34,B,53.89,59.88,65.87,59.88,B,55.11,CONDITIONAL REVIEW,2026-06-10
SME_00103,Rapid MetalWorks Logistics,Manufacturing,Micro,3,8,706258.44,20836.92,353129.22,36,601,0.4526,45.26,9.9,1.81,1.54,0.27,0.164,0,0,1,46.89,C,51.92,57.69,63.46,57.69,B,52.29,FRAUD REVIEW,2026-06-10
SME_00104,Vertex Garments Agro,Textile,Growth,10,11,1514575.68,198810.6,757287.84,36,609,0.43879999999999997,43.88,3.809,2.12,1.45,0.22,0.139,1,0,1,41.3,C,51.98,57.76,63.54,57.76,B,49.53,FRAUD REVIEW,2026-06-10
SME_00105,Green Payments Digital,FinTech,Medium,3,7,1235338.08,159146.16,617669.04,36,675,0.3188,31.88,3.881,1.83,2.09,0.54,0.28,0,0,0,54.68,B,59.41,66.01,72.61,66.01,B,60.34,APPROVE,2026-06-10
SME_00106,Vertex Pharmacy Mart,Healthcare,Micro,8,5,763595.16,98184.12,381797.58,24,663,0.34030000000000005,34.03,3.889,1.21,2.16,0.58,0.304,0,0,1,58.97,B,57.86,64.29,70.72,64.29,B,61.63,FRAUD REVIEW,2026-06-10
SME_00107,Fresh ProcessedFood Mart,Food,Micro,7,4,354606.0,51861.6,177303.0,24,713,0.24880000000000002,24.88,3.419,1.22,2.46,0.73,0.293,0,0,0,59.22,B,63.15,70.17,77.19,70.17,A,64.69,APPROVE,2026-06-10
SME_00108,Secure LightManufacturing Ventures,Manufacturing,Micro,7,3,439879.56,65925.48,219939.78,60,633,0.3942,39.42,3.336,1.01,1.82,0.41,0.286,1,0,0,55.69,B,63.53,70.59,77.65,70.59,A,63.14,CONDITIONAL REVIEW,2026-06-10
SME_00109,Blue Grocery Mart,Retail,Small,9,8,542774.28,116669.52,271387.14,60,693,0.28469999999999995,28.47,2.326,1.58,2.45,0.73,0.171,0,0,0,53.46,B,63.66,70.73,77.8,70.73,A,62.09,APPROVE,2026-06-10
SME_00110,Green Accessories Textiles,Textile,Micro,12,4,363567.48,81105.72,181783.74,12,715,0.24480000000000002,24.48,2.241,1.01,2.5,0.75,0.112,0,1,0,49.67,C,66.19,73.54,80.89,73.54,A,61.61,APPROVE,2026-06-10
SME_00111,Golden Restaurant Ventures,Food,Growth,5,5,281682.0,46230.48,140841.0,24,579,0.49239999999999995,49.24,3.046,2.5,1.77,0.38,0.106,1,0,1,41.42,C,50.77,56.41,62.05,56.41,B,48.91,FRAUD REVIEW,2026-06-10
SME_00112,Rapid Packaging Foods,Manufacturing,Growth,12,7,1294907.28,355035.36,647453.64,48,748,0.18589999999999995,18.59,1.824,0.54,2.81,0.9,0.462,0,1,0,82.08,A,70.02,77.8,85.58,77.8,A,79.94,APPROVE,2026-06-10
SME_00113,Ever LightManufacturing Hub,Manufacturing,Small,3,4,429853.92,38907.48,214926.96,48,571,0.5075000000000001,50.75,5.524,2.05,1.6,0.3,0.134,1,0,0,36.77,C,49.84,55.38,60.92,55.38,B,46.08,CONDITIONAL REVIEW,2026-06-10
SME_00114,Ever FleetServices Mart,Logistics,Small,4,11,1159190.76,244975.44,579595.38,24,719,0.23819999999999997,23.82,2.366,0.3,2.78,0.89,0.305,0,0,0,62.63,B,68.83,76.48,84.13,76.48,A,69.56,APPROVE,2026-06-10
SME_00115,Golden Plastic Studio,Manufacturing,Small,5,14,1664569.2,245974.44,832284.6,12,576,0.49839999999999995,49.84,3.384,2.3,2.26,0.63,0.245,1,0,1,49.24,C,45.19,50.21,55.23,50.21,B,49.73,FRAUD REVIEW,2026-06-10
SME_00116,Trust Garments Mart,Textile,Micro,14,6,697785.24,99546.12,348892.62,24,683,0.3032,30.32,3.505,1.79,2.45,0.72,0.39,1,0,0,64.7,B,66.39,73.77,81.15,73.77,A,69.23,APPROVE,2026-06-10
SME_00117,Future Pharmacy Agro,Healthcare,Medium,2,7,788213.04,153088.92,394106.52,24,573,0.5028,50.28,2.574,2.34,1.85,0.42,0.301,1,0,1,46.25,C,42.63,47.37,52.11,47.37,C,46.81,FRAUD REVIEW,2026-06-10
SME_00118,Fresh Diagnostics Solutions,Healthcare,Micro,6,12,3146990.16,747304.8,1573495.08,60,718,0.24019999999999997,24.02,2.106,2.0,2.67,0.83,0.112,0,0,0,46.11,C,63.09,70.1,77.11,70.1,A,58.1,APPROVE,2026-06-10
SME_00119,Bright Restaurant Textiles,Food,Micro,6,6,477416.04,36483.0,238708.02,60,497,0.6421,64.21,6.543,2.99,1.02,0.01,0.264,1,0,1,40.89,C,41.7,46.33,50.96,46.33,C,43.61,FRAUD REVIEW,2026-06-10
SME_00120,Secure FleetServices Digital,Logistics,Small,12,6,474865.2,129585.12,237432.6,12,757,0.16969999999999996,16.97,1.832,0.9,3.0,1.0,0.52,0,1,0,84.64,A,74.61,82.9,91.19,82.9,A,83.77,APPROVE,2026-06-10
SME_00121,Rapid Warehousing Ventures,Logistics,Micro,7,19,952694.28,149022.84,476347.14,12,585,0.4818,48.18,3.196,1.91,2.25,0.63,0.241,1,0,0,54.51,B,59.69,66.32,72.95,66.32,B,60.41,CONDITIONAL REVIEW,2026-06-10
SME_00122,Smart Delivery Solutions,Logistics,Small,14,15,2073713.16,295053.0,1036856.58,60,706,0.2621,26.21,3.514,1.2,2.55,0.77,0.423,0,0,0,57.71,B,61.85,68.72,75.59,68.72,B,63.22,APPROVE,2026-06-10
SME_00123,Future Grocery Enterprises,Retail,Medium,11,13,404089.32,145204.32,202044.66,60,801,0.08979999999999999,8.98,1.391,0.0,3.0,1.0,0.239,0,0,0,69.12,B,80.78,89.75,98.73,89.75,A,79.44,APPROVE,2026-06-10
SME_00124,Trust Beverage Traders,Food,Medium,10,16,623829.36,58441.08,311914.68,48,702,0.2682,26.82,5.337,1.03,2.3,0.65,0.22,0,0,0,56.3,B,67.19,74.65,82.12,74.65,A,65.47,APPROVE,2026-06-10
SME_00125,Trust Fashion Enterprises,Retail,Small,11,3,342258.12,61748.28,171129.06,36,680,0.3085,30.85,2.771,1.21,2.35,0.68,0.299,0,0,1,57.27,B,56.46,62.73,69.0,62.73,B,60.0,FRAUD REVIEW,2026-06-10
SME_00126,Fresh Bakery Enterprises,Food,Medium,2,20,665183.88,22775.4,332591.94,60,533,0.5767,57.67,9.9,2.16,1.23,0.11,0.208,1,0,1,39.05,C,46.68,51.87,57.06,51.87,B,45.46,FRAUD REVIEW,2026-06-10
SME_00127,Vertex ColdStorage Textiles,AgriTech,Small,7,11,423250.2,3128.28,211625.1,60,502,0.6334,63.34,9.9,3.21,1.13,0.06,0.33,1,1,0,40.75,C,39.32,43.69,48.06,43.69,C,42.22,REJECT,2026-06-10
SME_00128,Alpha Grocery Partners,Retail,Medium,8,17,931465.44,91710.36,465732.72,36,646,0.37139999999999995,37.14,5.078,1.95,1.83,0.41,0.232,0,0,0,43.3,C,52.48,58.31,64.14,58.31,B,50.8,CONDITIONAL REVIEW,2026-06-10
SME_00129,Alpha Electronics Foods,Retail,Small,3,11,357500.88,22728.12,178750.44,36,666,0.3339,33.39,7.865,0.88,2.09,0.54,0.344,1,0,0,62.68,B,65.99,73.32,80.65,73.32,A,68.0,APPROVE,2026-06-10
SME_00130,Ever Delivery Enterprises,Logistics,Micro,2,9,388846.44,102179.4,194423.22,24,733,0.21199999999999997,21.2,1.903,0.61,3.0,1.0,0.388,0,0,0,57.32,B,64.28,71.42,78.56,71.42,A,64.37,APPROVE,2026-06-10
SME_00131,Secure Plastic Digital,Manufacturing,Growth,2,8,406765.8,41167.68,203382.9,60,574,0.502,50.2,4.94,2.31,1.53,0.26,0.258,1,0,0,43.22,C,52.62,58.47,64.32,58.47,B,50.84,CONDITIONAL REVIEW,2026-06-10
SME_00132,Prime Garments Textiles,Textile,Micro,11,11,949901.88,178035.96,474950.94,48,593,0.46709999999999996,46.71,2.668,2.27,1.83,0.41,0.361,1,0,0,59.25,B,52.24,58.04,63.84,58.04,B,58.64,CONDITIONAL REVIEW,2026-06-10
SME_00133,Green Delivery Traders,Logistics,Micro,10,7,753830.4,127115.76,376915.2,12,537,0.5699000000000001,56.99,2.965,2.67,1.82,0.41,0.12,1,0,1,33.91,C,46.29,51.43,56.57,51.43,B,42.67,FRAUD REVIEW,2026-06-10
SME_00134,Prime DairySupport Enterprises,AgriTech,Micro,4,15,373442.64,74355.48,186721.32,60,621,0.41600000000000004,41.6,2.511,2.14,2.05,0.52,0.255,1,0,0,47.03,C,53.62,59.58,65.54,59.58,B,53.3,CONDITIONAL REVIEW,2026-06-10
SME_00135,Urban Delivery Partners,Logistics,Small,11,3,250305.6,-3704.76,125152.8,60,523,0.5948,59.48,9.9,2.89,1.13,0.07,0.092,2,1,0,32.2,C,45.34,50.38,55.42,50.38,B,41.29,CONDITIONAL REVIEW,2026-06-10
SME_00136,Bright Electronics Traders,Retail,Small,10,7,420992.88,89466.6,210496.44,24,703,0.2669,26.69,2.353,0.78,2.6,0.8,0.235,0,0,0,55.62,B,63.5,70.56,77.62,70.56,A,63.09,APPROVE,2026-06-10
SME_00137,Rapid Fabric Hub,Textile,Small,12,31,1757630.04,139074.48,878815.02,48,711,0.253,25.3,6.319,1.28,2.32,0.66,0.344,0,0,0,58.36,B,69.93,77.7,85.47,77.7,A,68.03,APPROVE,2026-06-10
SME_00138,Urban Beverage Care,Food,Growth,13,6,389784.72,45031.08,194892.36,60,715,0.24529999999999996,24.53,4.328,0.95,2.14,0.57,0.501,0,0,1,59.19,B,62.69,69.65,76.62,69.65,B,64.42,FRAUD REVIEW,2026-06-10
SME_00139,Ever AccountingTech Solutions,FinTech,Small,13,8,947084.88,154947.0,473542.44,60,798,0.09530000000000005,9.53,3.056,0.0,2.98,0.99,0.51,0,1,0,71.9,A,75.85,84.28,92.71,84.28,A,78.09,APPROVE,2026-06-10
SME_00140,Green Grocery Mart,Retail,Small,3,5,189303.6,-1183.2,94651.8,36,580,0.49129999999999996,49.13,9.9,2.56,1.16,0.08,0.239,1,1,0,47.49,C,56.21,62.45,68.7,62.45,B,54.97,CONDITIONAL REVIEW,2026-06-10
SME_00141,Green Beverage Traders,Food,Small,11,11,614916.96,-9720.12,307458.48,60,590,0.47319999999999995,47.32,9.9,2.07,1.66,0.33,0.437,1,1,0,49.06,C,57.76,64.18,70.6,64.18,B,56.62,CONDITIONAL REVIEW,2026-06-10
SME_00142,Alpha Restaurant Digital,Food,Medium,6,6,524326.92,45584.04,262163.46,60,570,0.5096,50.96,5.751,2.24,1.73,0.37,0.127,1,0,0,50.88,B,52.72,58.58,64.44,58.58,B,54.73,CONDITIONAL REVIEW,2026-06-10
SME_00143,Ever Fabric Logistics,Textile,Micro,6,8,1304497.68,35967.36,652248.84,24,460,0.7098,70.98,9.9,3.43,1.0,0.0,0.15,2,1,0,26.47,D,36.25,40.28,44.31,40.28,C,33.38,REJECT,2026-06-10
SME_00144,Alpha FleetServices Care,Logistics,Micro,9,15,1174111.44,226832.28,587055.72,48,721,0.2339,23.39,2.588,0.67,2.58,0.79,0.351,0,0,0,61.86,B,70.2,78.0,85.8,78.0,A,69.93,APPROVE,2026-06-10
SME_00145,Golden Beverage Ventures,Food,Small,9,6,463770.0,30926.16,231885.0,12,499,0.6376999999999999,63.77,7.498,2.88,1.48,0.24,0.134,1,1,1,33.65,C,40.82,45.36,49.9,45.36,C,39.5,FRAUD REVIEW,2026-06-10
SME_00146,Prime MetalWorks Enterprises,Manufacturing,Medium,6,14,1422701.76,265794.48,711350.88,60,730,0.21809999999999996,21.81,2.676,0.62,2.24,0.62,0.355,0,0,0,54.62,B,65.12,72.36,79.6,72.36,A,63.49,APPROVE,2026-06-10
SME_00147,Rapid DairySupport Logistics,AgriTech,Medium,14,15,819396.72,89730.24,409698.36,60,609,0.43789999999999996,43.79,4.566,2.09,1.76,0.38,0.422,1,0,0,73.79,A,58.6,65.11,71.62,65.11,B,69.45,CONDITIONAL REVIEW,2026-06-10
SME_00148,Green Beverage Hub,Food,Small,3,17,562476.6,37524.12,281238.3,24,492,0.6517,65.17,7.495,3.35,1.12,0.06,0.344,2,1,1,43.84,C,46.22,51.36,56.5,51.36,B,47.6,FRAUD REVIEW,2026-06-10
SME_00149,Urban Bakery Logistics,Food,Medium,1,10,1171095.36,185269.68,585547.68,36,510,0.6183000000000001,61.83,3.161,3.09,1.59,0.3,0.127,1,1,0,33.56,C,42.03,46.7,51.37,46.7,C,40.13,REJECT,2026-06-10
SME_00150,Golden Electronics Partners,Retail,Small,0,63,848481.48,100597.32,424240.74,24,710,0.25439999999999996,25.44,4.217,1.27,2.28,0.64,0.385,0,0,0,68.43,B,72.33,80.37,88.41,80.37,A,74.4,APPROVE,2026-06-10
SME_00151,Future AccountingTech Mart,FinTech,Micro,12,17,1686058.68,544890.48,843029.34,36,759,0.16469999999999996,16.47,1.547,0.59,3.0,1.0,0.541,0,0,0,66.16,B,64.86,72.07,79.28,72.07,A,69.11,APPROVE,2026-06-10
SME_00152,Urban Garments Studio,Textile,Micro,6,11,824656.44,172243.32,412328.22,24,614,0.4295,42.95,2.394,1.7,2.29,0.65,0.549,1,1,1,56.51,B,51.98,57.76,63.54,57.76,B,57.13,FRAUD REVIEW,2026-06-10
SME_00153,Trust Grocery Works,Retail,Micro,6,5,357207.84,54297.0,178603.92,36,630,0.3993,39.93,3.289,1.65,2.08,0.54,0.328,0,0,0,50.21,B,50.63,56.26,61.89,56.26,B,53.23,CONDITIONAL REVIEW,2026-06-10
SME_00154,Future Bakery Traders,Food,Small,9,9,1035591.36,113962.8,517795.68,48,544,0.5570999999999999,55.71,4.544,2.56,1.24,0.12,0.171,1,1,0,37.92,C,48.29,53.66,59.03,53.66,B,45.79,CONDITIONAL REVIEW,2026-06-10
SME_00155,Golden Electronics Partners,Retail,Small,6,21,580178.52,28437.96,290089.26,24,578,0.49460000000000004,49.46,9.9,1.95,1.64,0.32,0.265,1,0,0,48.77,C,52.87,58.74,64.61,58.74,B,53.76,CONDITIONAL REVIEW,2026-06-10
SME_00156,Bright Warehousing Hub,Logistics,Small,8,25,1675827.84,184707.6,837913.92,12,613,0.4316,43.16,4.536,1.7,1.58,0.29,0.372,1,0,0,63.77,B,61.96,68.85,75.73,68.85,B,66.31,CONDITIONAL REVIEW,2026-06-10
SME_00157,Trust LightManufacturing Solutions,Manufacturing,Small,1,22,1165283.88,41786.88,582641.94,24,548,0.5486,54.86,9.9,2.31,1.33,0.17,0.241,1,0,1,43.9,C,48.14,53.49,58.84,53.49,B,48.7,FRAUD REVIEW,2026-06-10
SME_00158,Blue Delivery Care,Logistics,Small,2,14,1246356.96,149609.4,623178.48,48,645,0.3731,37.31,4.165,1.56,1.91,0.46,0.199,1,0,0,51.18,B,57.68,64.09,70.5,64.09,B,57.64,CONDITIONAL REVIEW,2026-06-10
SME_00159,Urban Clinic Ventures,Healthcare,Medium,14,4,620355.84,182454.36,310177.92,48,813,0.06659999999999999,6.66,1.7,0.43,3.0,1.0,0.544,0,1,0,90.36,A,83.51,92.79,100.0,92.79,A,91.58,APPROVE,2026-06-10
SME_00160,Alpha Diagnostics Agro,Healthcare,Medium,7,12,927218.4,143486.16,463609.2,60,673,0.32130000000000003,32.13,3.231,0.84,2.52,0.76,0.161,0,0,0,49.71,C,61.81,68.68,75.55,68.68,B,59.2,APPROVE,2026-06-10
SME_00161,Nova Fashion Textiles,Retail,Small,2,4,337818.0,56369.4,168909.0,12,506,0.6258,62.58,2.996,2.52,1.45,0.23,0.12,1,0,0,36.16,C,40.86,45.4,49.94,45.4,C,40.78,REJECT,2026-06-10
SME_00162,Rapid Garments Partners,Textile,Small,5,4,440007.72,35549.52,220003.86,12,574,0.5013000000000001,50.13,6.189,2.56,1.52,0.26,0.254,1,0,0,46.2,C,43.88,48.76,53.64,48.76,C,47.48,CONDITIONAL REVIEW,2026-06-10
SME_00163,Ever MetalWorks Studio,Manufacturing,Small,5,10,652230.12,84333.6,326115.06,60,635,0.39049999999999996,39.05,3.867,1.55,2.26,0.63,0.325,1,0,0,59.31,B,55.66,61.85,68.04,61.85,B,60.58,CONDITIONAL REVIEW,2026-06-10
SME_00164,Smart Fashion Logistics,Retail,Small,4,12,899831.04,64657.56,449915.52,48,624,0.4101,41.01,6.958,2.21,1.9,0.45,0.422,0,0,1,62.74,B,53.59,59.54,65.49,59.54,B,61.14,FRAUD REVIEW,2026-06-10
SME_00165,Rapid Restaurant Studio,Food,Small,4,16,908942.52,148569.48,454471.26,36,540,0.5630999999999999,56.31,3.059,2.79,1.44,0.22,0.324,1,1,0,49.12,C,49.87,55.41,60.95,55.41,B,52.27,CONDITIONAL REVIEW,2026-06-10
SME_00166,Trust ColdStorage Agro,AgriTech,Small,11,12,520259.76,126654.96,260129.88,36,715,0.24619999999999997,24.62,2.054,1.1,2.51,0.76,0.516,0,1,0,75.9,A,68.85,76.5,84.15,76.5,A,76.2,APPROVE,2026-06-10
SME_00167,Urban SMEFinance Care,FinTech,Medium,2,12,948059.76,177063.48,474029.88,60,599,0.4558,45.58,2.677,1.8,1.86,0.43,0.6,1,0,1,57.58,B,50.18,55.76,61.34,55.76,B,56.67,FRAUD REVIEW,2026-06-10
SME_00168,Trust AccountingTech Foods,FinTech,Medium,4,5,770566.32,151809.24,385283.16,60,779,0.12839999999999996,12.84,2.538,0.13,2.56,0.78,0.342,0,1,0,68.67,B,69.53,77.26,84.99,77.26,A,72.97,APPROVE,2026-06-10
SME_00169,Golden FarmInputs Traders,AgriTech,Micro,7,8,472557.84,36418.08,236278.92,36,534,0.5747,57.47,6.488,3.21,1.28,0.14,0.46,1,0,0,54.79,B,46.58,51.76,56.94,51.76,B,53.27,CONDITIONAL REVIEW,2026-06-10
SME_00170,Nova Accessories Care,Textile,Small,8,4,218334.24,36252.36,109167.12,60,569,0.5113,51.13,3.011,2.78,1.89,0.44,0.167,1,0,0,40.81,C,46.12,51.25,56.38,51.25,B,46.03,CONDITIONAL REVIEW,2026-06-10
SME_00171,Secure Plastic Hub,Manufacturing,Growth,13,3,482655.12,108981.36,241327.56,60,639,0.3831,38.31,2.214,1.16,2.22,0.61,0.182,0,0,1,43.1,C,56.02,62.24,68.46,62.24,B,52.67,FRAUD REVIEW,2026-06-10
SME_00172,Urban Beverage Agro,Food,Micro,13,14,1031699.16,308727.72,515849.58,24,808,0.0756,7.56,1.671,0.0,3.0,1.0,0.6,0,1,0,74.49,A,84.71,94.12,100.0,94.12,A,84.31,APPROVE,2026-06-10
SME_00173,Urban Packaging Solutions,Manufacturing,Medium,4,6,260446.56,47298.12,130223.28,36,554,0.5379,53.79,2.753,2.03,2.01,0.51,0.178,1,0,1,43.05,C,43.02,47.8,52.58,47.8,C,45.42,FRAUD REVIEW,2026-06-10
SME_00174,Smart Fabric Works,Textile,Micro,8,15,950089.44,79742.88,475044.72,60,637,0.38739999999999997,38.74,5.957,2.38,2.04,0.52,0.128,0,0,0,52.13,B,57.33,63.7,70.07,63.7,B,57.92,CONDITIONAL REVIEW,2026-06-10
SME_00175,Future Fashion Foods,Retail,Small,0,18,674835.0,41123.76,337417.5,60,573,0.5028,50.28,8.205,2.97,1.65,0.32,0.091,0,0,0,40.93,C,41.11,45.68,50.25,45.68,C,43.3,CONDITIONAL REVIEW,2026-06-10
SME_00176,Fresh Fashion Works,Retail,Small,9,6,465989.52,93257.88,232994.76,48,637,0.38780000000000003,38.78,2.498,2.04,2.17,0.59,0.29,0,0,0,64.56,B,60.12,66.8,73.48,66.8,B,65.68,CONDITIONAL REVIEW,2026-06-10
SME_00177,Rapid Beverage Foods,Food,Micro,2,13,804303.48,78941.64,402151.74,36,638,0.3859,38.59,5.094,2.41,1.98,0.49,0.085,1,0,0,48.56,C,60.35,67.06,73.77,67.06,B,57.81,CONDITIONAL REVIEW,2026-06-10
SME_00178,Vertex Dyeing Agro,Textile,Growth,1,6,435598.2,28697.52,217799.1,48,541,0.5614,56.14,7.589,2.9,1.7,0.35,0.173,1,0,1,51.06,B,46.48,51.65,56.82,51.65,B,51.36,FRAUD REVIEW,2026-06-10
SME_00179,Golden Accessories Studio,Textile,Small,10,3,215868.24,44231.64,107934.12,36,616,0.4255,42.55,2.44,2.27,2.3,0.65,0.285,0,0,0,52.41,B,52.64,58.49,64.34,58.49,B,55.45,CONDITIONAL REVIEW,2026-06-10
SME_00180,Blue HealthServices Studio,Healthcare,Growth,3,10,460551.72,117778.92,230275.86,24,739,0.20220000000000005,20.22,1.955,0.82,2.76,0.88,0.098,0,0,0,49.37,C,63.86,70.96,78.06,70.96,A,60.16,APPROVE,2026-06-10
SME_00181,Prime Accessories Traders,Textile,Small,7,7,803258.04,98504.28,401629.02,60,636,0.3899,38.99,4.077,1.31,1.84,0.42,0.139,0,1,1,38.85,C,57.1,63.44,69.78,63.44,B,51.14,FRAUD REVIEW,2026-06-10
SME_00182,Golden Garments Ventures,Textile,Medium,1,7,607073.4,66494.76,303536.7,48,581,0.48819999999999997,48.82,4.565,2.14,1.83,0.41,0.145,1,0,0,47.15,C,54.62,60.69,66.76,60.69,B,53.92,CONDITIONAL REVIEW,2026-06-10
SME_00183,Golden Bakery Hub,Food,Growth,11,30,1798740.12,484295.4,899370.06,12,754,0.17479999999999996,17.48,1.857,1.11,2.81,0.9,0.503,0,0,0,79.41,A,75.87,84.3,92.73,84.3,A,81.85,APPROVE,2026-06-10
SME_00184,Vertex AgroProcessing Foods,AgriTech,Small,11,4,219575.04,21262.44,109787.52,60,582,0.488,48.8,5.163,2.22,1.91,0.45,0.396,1,0,1,52.43,B,49.27,54.74,60.21,54.74,B,53.59,FRAUD REVIEW,2026-06-10
SME_00185,Alpha SMEFinance Works,FinTech,Micro,8,11,1660285.92,366284.04,830142.96,24,800,0.0917,9.17,2.266,0.3,2.74,0.87,0.6,0,1,0,84.8,A,74.18,82.42,90.66,82.42,A,83.61,APPROVE,2026-06-10
SME_00186,Prime FleetServices Logistics,Logistics,Medium,12,5,347119.68,32666.88,173559.84,24,643,0.3762,37.62,5.313,2.05,2.02,0.51,0.331,1,0,0,59.86,B,58.39,64.88,71.37,64.88,B,62.37,CONDITIONAL REVIEW,2026-06-10
SME_00187,Vertex AgroProcessing Hub,AgriTech,Small,6,16,382891.08,62023.32,191445.54,36,645,0.3722,37.22,3.087,1.55,2.23,0.61,0.297,1,0,0,55.51,B,60.5,67.22,73.94,67.22,B,61.36,CONDITIONAL REVIEW,2026-06-10
SME_00188,Ever Electronics Mart,Retail,Growth,3,11,475849.68,64368.72,237924.84,48,581,0.4897,48.97,3.696,2.47,1.83,0.41,0.08,1,0,0,41.17,C,52.55,58.39,64.23,58.39,B,49.78,CONDITIONAL REVIEW,2026-06-10
SME_00189,Blue Diagnostics Ventures,Healthcare,Small,2,11,1132975.68,204567.24,566487.84,36,633,0.3944,39.44,2.769,1.64,2.07,0.53,0.132,1,0,1,45.56,C,54.76,60.84,66.92,60.84,B,53.2,FRAUD REVIEW,2026-06-10
SME_00190,Fresh Plastic Works,Manufacturing,Micro,3,5,918795.84,223084.44,459397.92,60,768,0.1493,14.93,2.059,0.06,3.0,1.0,0.386,0,0,0,63.69,B,68.23,75.81,83.39,75.81,A,69.75,APPROVE,2026-06-10
SME_00191,Trust Accessories Logistics,Textile,Micro,3,6,412803.36,24779.76,206401.68,12,517,0.6056,60.56,8.329,2.55,1.0,0.0,0.282,2,0,1,34.45,C,44.48,49.42,54.36,49.42,C,41.94,FRAUD REVIEW,2026-06-10
SME_00192,Trust Plastic Solutions,Manufacturing,Medium,5,16,841670.04,122232.24,420835.02,36,736,0.20809999999999995,20.81,3.443,0.56,2.62,0.81,0.475,0,1,0,74.35,A,70.93,78.81,86.69,78.81,A,76.58,APPROVE,2026-06-10
SME_00193,Blue HomeGoods Studio,Retail,Growth,3,26,506487.12,107436.72,253243.56,48,645,0.3722,37.22,2.357,1.63,2.25,0.63,0.419,0,0,0,63.7,B,58.48,64.98,71.48,64.98,B,64.34,CONDITIONAL REVIEW,2026-06-10
SME_00194,Ever AccountingTech Works,FinTech,Micro,9,12,1030891.2,322968.84,515445.6,48,809,0.07420000000000004,7.42,1.596,0.0,3.0,1.0,0.6,0,1,0,86.07,A,76.33,84.81,93.29,84.81,A,85.44,APPROVE,2026-06-10
SME_00195,Trust Grocery Studio,Retail,Medium,2,5,616270.2,70496.28,308135.1,24,508,0.6223000000000001,62.23,4.371,2.45,1.36,0.18,0.189,1,0,0,34.28,C,43.29,48.1,52.91,48.1,C,41.19,REJECT,2026-06-10
SME_00196,Prime Packaging Hub,Manufacturing,Growth,9,11,1217187.96,168961.68,608593.98,60,596,0.4619,46.19,3.602,1.32,1.84,0.42,0.331,1,0,0,49.33,C,50.99,56.66,62.33,56.66,B,52.99,CONDITIONAL REVIEW,2026-06-10
SME_00197,Alpha Warehousing Agro,Logistics,Micro,5,39,1895439.72,33865.92,947719.86,60,583,0.4858,48.58,9.9,2.5,1.46,0.23,0.244,1,0,0,38.78,C,50.07,55.63,61.19,55.63,B,47.2,CONDITIONAL REVIEW,2026-06-10
SME_00198,Green Garments Works,Textile,Micro,10,10,657423.12,142138.92,328711.56,12,627,0.4061,40.61,2.313,1.71,2.31,0.66,0.225,0,0,1,48.07,C,55.4,61.56,67.72,61.56,B,54.81,FRAUD REVIEW,2026-06-10
SME_00199,Smart Packaging Mart,Manufacturing,Medium,7,22,1282182.0,178865.52,641091.0,12,656,0.35229999999999995,35.23,3.584,1.61,1.86,0.43,0.208,1,0,0,60.94,B,61.79,68.66,75.53,68.66,B,64.8,CONDITIONAL REVIEW,2026-06-10
SME_00200,Prime AgroProcessing Digital,AgriTech,Medium,13,6,466116.48,73293.96,233058.24,48,583,0.48550000000000004,48.55,3.18,2.02,1.67,0.33,0.31,1,0,0,51.07,B,52.78,58.64,64.5,58.64,B,54.86,CONDITIONAL REVIEW,2026-06-10
SME_00201,Ever Payments Ventures,FinTech,Micro,6,9,920626.56,104309.64,460313.28,36,563,0.5211,52.11,4.413,2.11,1.85,0.43,0.268,1,1,0,37.33,C,49.91,55.46,61.01,55.46,B,46.39,CONDITIONAL REVIEW,2026-06-10
SME_00202,Smart Garments Foods,Textile,Medium,4,13,688990.2,47610.84,344495.1,36,596,0.4617,46.17,7.236,2.22,1.83,0.41,0.106,1,0,0,50.34,B,59.79,66.43,73.07,66.43,B,58.39,CONDITIONAL REVIEW,2026-06-10
SME_00203,Secure Bakery Partners,Food,Small,9,11,520670.04,63778.08,260335.02,48,611,0.43489999999999995,43.49,4.082,1.8,1.85,0.43,0.107,1,0,0,45.51,C,60.08,66.75,73.43,66.75,B,56.13,CONDITIONAL REVIEW,2026-06-10
SME_00204,Blue Electronics Solutions,Retail,Growth,10,6,329537.4,27213.6,164768.7,12,527,0.5879,58.79,6.055,2.29,1.12,0.06,0.302,1,0,0,39.7,C,47.47,52.74,58.01,52.74,B,46.22,CONDITIONAL REVIEW,2026-06-10
SME_00205,Ever Electronics Digital,Retail,Medium,6,6,385443.72,36950.52,192721.86,36,700,0.27290000000000003,27.29,5.216,1.28,2.51,0.76,0.458,1,0,0,82.78,A,74.7,83.0,91.3,83.0,A,82.89,APPROVE,2026-06-10
SME_00206,Nova Packaging Agro,Manufacturing,Medium,8,16,861107.52,136842.0,430553.76,48,667,0.3319,33.19,3.146,1.65,2.15,0.57,0.366,0,0,0,72.8,A,61.72,68.58,75.44,68.58,B,70.69,APPROVE,2026-06-10
SME_00207,Golden HomeGoods Foods,Retail,Small,7,18,751088.16,127093.92,375544.08,36,739,0.20130000000000003,20.13,2.955,0.87,2.92,0.96,0.48,0,1,0,67.71,B,73.49,81.66,89.83,81.66,A,74.69,APPROVE,2026-06-10
SME_00208,Nova SupplyChain Agro,Logistics,Micro,4,22,1318731.6,16659.96,659365.8,60,526,0.5885,58.85,9.9,2.96,1.23,0.11,0.414,1,0,0,64.57,B,50.29,55.88,61.47,55.88,B,60.22,CONDITIONAL REVIEW,2026-06-10
SME_00209,Nova Electronics Hub,Retail,Small,5,27,689881.08,269960.52,344940.54,12,769,0.1472,14.72,1.278,0.29,3.0,1.0,0.367,0,0,0,83.58,A,77.62,86.25,94.88,86.25,A,84.91,APPROVE,2026-06-10
SME_00210,Fresh Beverage Solutions,Food,Micro,13,10,521370.72,90243.96,260685.36,48,682,0.30500000000000005,30.5,2.889,1.13,2.33,0.67,0.262,0,0,0,63.23,B,67.54,75.04,82.54,75.04,A,69.14,APPROVE,2026-06-10
SME_00211,Smart Clinic Studio,Healthcare,Medium,10,7,937136.28,222946.32,468568.14,48,682,0.30489999999999995,30.49,2.102,0.7,2.74,0.87,0.323,0,0,1,65.89,B,61.19,67.99,74.79,67.99,B,66.94,FRAUD REVIEW,2026-06-10
SME_00212,Bright Warehousing Care,Logistics,Micro,1,20,821595.36,154901.88,410797.68,36,705,0.26359999999999995,26.36,2.652,1.0,1.78,0.39,0.185,0,0,0,61.35,B,64.51,71.68,78.85,71.68,A,66.52,APPROVE,2026-06-10
SME_00213,Prime Packaging Partners,Manufacturing,Small,14,14,1353962.64,272571.0,676981.32,48,776,0.134,13.4,2.484,0.46,3.0,1.0,0.47,0,0,1,80.64,A,70.54,78.38,86.22,78.38,A,79.51,FRAUD REVIEW,2026-06-10
SME_00214,Ever Payments Logistics,FinTech,Micro,10,5,1215820.68,345129.72,607910.34,60,762,0.15990000000000004,15.99,1.761,0.34,2.95,0.97,0.364,0,0,0,74.19,A,66.77,74.19,81.61,74.19,A,74.19,APPROVE,2026-06-10
SME_00215,Alpha HealthServices Care,Healthcare,Small,1,5,351093.0,26954.4,175546.5,60,624,0.4111,41.11,6.513,1.47,1.94,0.47,0.22,1,0,0,46.73,C,50.8,56.44,62.08,56.44,B,51.58,CONDITIONAL REVIEW,2026-06-10
SME_00216,Fresh Pharmacy Care,Healthcare,Micro,11,12,2463724.8,743704.44,1231862.4,36,745,0.1906,19.06,1.656,0.74,2.98,0.99,0.176,0,1,0,53.64,B,67.29,74.77,82.25,74.77,A,64.2,APPROVE,2026-06-10
SME_00217,Prime HomeGoods Studio,Retail,Small,9,8,461883.84,57045.24,230941.92,48,560,0.5264,52.64,4.048,2.65,1.57,0.29,0.167,1,0,0,52.84,B,52.11,57.9,63.69,57.9,B,55.37,CONDITIONAL REVIEW,2026-06-10
SME_00218,Future Grocery Agro,Retail,Medium,13,9,648310.08,101394.36,324155.04,12,738,0.2036,20.36,3.197,0.68,2.49,0.75,0.376,0,0,0,74.21,A,70.49,78.32,86.15,78.32,A,76.26,APPROVE,2026-06-10
SME_00219,Trust Accessories Foods,Textile,Micro,7,17,707119.56,139875.48,353559.78,24,714,0.248,24.8,2.528,1.21,2.42,0.71,0.412,0,0,0,62.82,B,62.12,69.02,75.92,69.02,B,65.92,APPROVE,2026-06-10
SME_00220,Urban DairySupport Foods,AgriTech,Medium,8,14,751870.44,85051.44,375935.22,24,623,0.41259999999999997,41.26,4.42,1.86,1.71,0.35,0.363,1,0,0,58.45,B,59.45,66.06,72.67,66.06,B,62.26,CONDITIONAL REVIEW,2026-06-10
SME_00221,Rapid Plastic Foods,Manufacturing,Medium,5,20,1038298.32,148829.52,519149.16,12,566,0.5163,51.63,3.488,3.01,1.94,0.47,0.28,1,0,0,58.86,B,45.04,50.04,55.04,50.04,B,54.45,CONDITIONAL REVIEW,2026-06-10
SME_00222,Urban Restaurant Textiles,Food,Small,5,3,230514.24,21622.8,115257.12,24,542,0.5609,56.09,5.33,2.84,1.6,0.3,0.225,1,0,0,49.23,C,45.39,50.43,55.47,50.43,B,49.83,CONDITIONAL REVIEW,2026-06-10
SME_00223,Smart FleetServices Studio,Logistics,Medium,9,11,707629.8,62600.16,353814.9,48,517,0.6058,60.58,5.652,2.71,1.37,0.19,0.124,1,0,0,37.0,C,43.82,48.69,53.56,48.69,C,42.84,REJECT,2026-06-10
SME_00224,Blue Fabric Studio,Textile,Small,12,14,799046.4,85612.68,399523.2,12,582,0.48660000000000003,48.66,4.667,2.68,2.09,0.54,0.321,1,0,0,52.56,B,51.14,56.82,62.5,56.82,B,54.69,CONDITIONAL REVIEW,2026-06-10
SME_00225,Rapid LightManufacturing Partners,Manufacturing,Micro,13,4,630218.76,99649.92,315109.38,12,611,0.43500000000000005,43.5,3.162,1.79,2.43,0.72,0.484,1,0,0,53.37,B,51.82,57.58,63.34,57.58,B,55.47,CONDITIONAL REVIEW,2026-06-10
SME_00226,Prime Garments Logistics,Textile,Small,11,6,584483.64,11568.24,292241.82,12,562,0.5245,52.45,9.9,1.88,1.56,0.28,0.318,1,0,1,44.03,C,49.23,54.7,60.17,54.7,B,49.37,FRAUD REVIEW,2026-06-10
SME_00227,Blue Grocery Logistics,Retail,Micro,9,5,351255.96,82275.24,175627.98,36,730,0.21809999999999996,21.81,2.135,0.6,2.74,0.87,0.419,0,0,0,69.56,B,66.13,73.48,80.83,73.48,A,71.52,APPROVE,2026-06-10
SME_00228,Bright Bakery Solutions,Food,Medium,7,9,450669.48,62982.36,225334.74,48,615,0.42689999999999995,42.69,3.578,2.12,1.91,0.46,0.427,1,0,0,55.47,B,56.89,63.21,69.53,63.21,B,59.34,CONDITIONAL REVIEW,2026-06-10
SME_00229,Secure Delivery Ventures,Logistics,Growth,5,24,833499.12,115111.8,416749.56,12,581,0.4897,48.97,3.62,2.51,1.89,0.44,0.357,1,0,0,52.48,B,51.32,57.02,62.72,57.02,B,54.75,CONDITIONAL REVIEW,2026-06-10
SME_00230,Bright HomeGoods Enterprises,Retail,Medium,11,30,773209.56,38669.88,386604.78,60,622,0.4152,41.52,9.9,1.97,2.0,0.5,0.445,1,0,0,60.41,B,57.69,64.1,70.51,64.1,B,62.25,CONDITIONAL REVIEW,2026-06-10
SME_00231,Vertex Electronics Care,Retail,Small,5,6,401770.32,34264.32,200885.16,24,583,0.4859,48.59,5.863,2.1,1.81,0.4,0.286,1,0,0,44.7,C,53.64,59.6,65.56,59.6,B,52.15,CONDITIONAL REVIEW,2026-06-10
SME_00232,Urban Bakery Studio,Food,Small,4,12,771822.96,140779.56,385911.48,36,560,0.5268999999999999,52.69,2.741,2.38,1.54,0.27,0.234,1,1,0,38.92,C,47.4,52.67,57.94,52.67,B,45.8,CONDITIONAL REVIEW,2026-06-10
SME_00233,Ever Garments Mart,Textile,Growth,13,13,1136411.04,351882.72,568205.52,36,722,0.23209999999999997,23.21,1.615,1.25,2.93,0.96,0.086,0,1,0,51.36,B,64.72,71.91,79.1,71.91,A,61.63,APPROVE,2026-06-10
SME_00234,Future Warehousing Digital,Logistics,Micro,9,11,856722.36,203632.2,428361.18,48,732,0.21509999999999996,21.51,2.104,0.44,2.81,0.9,0.423,0,0,0,70.09,A,71.99,79.99,87.99,79.99,A,75.04,APPROVE,2026-06-10
SME_00235,Golden Garments Hub,Textile,Micro,5,11,808815.0,73336.56,404407.5,36,616,0.42600000000000005,42.6,5.514,1.98,1.89,0.44,0.286,1,0,0,65.11,B,57.06,63.4,69.74,63.4,B,64.25,CONDITIONAL REVIEW,2026-06-10
SME_00236,Smart Payments Foods,FinTech,Small,13,11,1297278.96,445612.32,648639.48,24,840,0.018900000000000028,1.89,1.456,0.0,3.0,1.0,0.543,0,1,0,88.74,A,83.54,92.82,100.0,92.82,A,90.78,APPROVE,2026-06-10
SME_00237,Secure Restaurant Logistics,Food,Small,14,25,569584.08,19524.48,284792.04,48,554,0.5385,53.85,9.9,2.59,1.11,0.05,0.185,1,1,1,42.3,C,54.76,60.84,66.92,60.84,B,51.57,FRAUD REVIEW,2026-06-10
SME_00238,Golden SMEFinance Studio,FinTech,Small,5,17,1287312.48,347630.52,643656.24,24,750,0.18130000000000002,18.13,1.852,0.38,3.0,1.0,0.357,0,1,0,69.9,B,69.15,76.83,84.51,76.83,A,73.37,APPROVE,2026-06-10
SME_00239,Alpha Fashion Traders,Retail,Micro,8,5,302652.12,32268.72,151326.06,24,735,0.2098,20.98,4.69,1.35,2.11,0.56,0.568,0,0,0,77.63,A,66.98,74.42,81.86,74.42,A,76.03,APPROVE,2026-06-10
SME_00240,Urban Electronics Studio,Retail,Small,7,15,466833.84,44443.44,233416.92,12,658,0.3488,34.88,5.252,1.59,1.84,0.42,0.258,0,0,0,69.42,B,62.6,69.56,76.52,69.56,B,69.49,APPROVE,2026-06-10
SME_00241,Vertex Payments Works,FinTech,Micro,10,15,1165497.96,317199.96,582748.98,48,772,0.14170000000000005,14.17,1.837,0.54,2.93,0.97,0.379,0,1,0,68.46,B,74.78,83.09,91.4,83.09,A,75.78,APPROVE,2026-06-10
SME_00242,Golden Payments Foods,FinTech,Micro,14,11,1509303.6,258008.16,754651.8,24,702,0.26890000000000003,26.89,2.925,1.3,2.42,0.71,0.471,0,0,0,64.34,B,56.63,62.92,69.21,62.92,B,63.63,APPROVE,2026-06-10
SME_00243,Ever Packaging Ventures,Manufacturing,Micro,8,18,872018.16,287426.04,436009.08,24,775,0.1361,13.61,1.517,0.37,3.0,1.0,0.6,0,1,0,84.16,A,76.0,84.44,92.88,84.44,A,84.3,APPROVE,2026-06-10
SME_00244,Smart ProcessedFood Mart,Food,Small,12,10,600897.6,141762.84,300448.8,60,775,0.13549999999999995,13.55,2.119,0.65,3.0,1.0,0.45,0,0,0,84.15,A,77.98,86.64,95.3,86.64,A,85.4,APPROVE,2026-06-10
SME_00245,Prime FleetServices Studio,Logistics,Medium,9,10,1492683.72,323682.96,746341.86,60,768,0.1491,14.91,2.306,0.36,2.79,0.89,0.416,0,0,0,78.97,A,80.33,89.26,98.19,89.26,A,84.12,APPROVE,2026-06-10
SME_00246,Ever Fabric Partners,Textile,Small,13,10,434904.84,15318.24,217452.42,12,504,0.6288,62.88,9.9,3.13,1.29,0.14,0.157,1,1,0,32.93,C,41.05,45.61,50.17,45.61,C,39.27,REJECT,2026-06-10
SME_00247,Urban FleetServices Enterprises,Logistics,Medium,6,3,314192.16,70772.52,157096.08,24,611,0.4347,43.47,2.22,1.35,2.03,0.51,0.128,0,1,0,39.34,C,50.09,55.66,61.23,55.66,B,47.5,CONDITIONAL REVIEW,2026-06-10
SME_00248,Urban Restaurant Enterprises,Food,Medium,6,9,368862.6,51108.72,184431.3,48,571,0.5074000000000001,50.74,3.609,2.77,1.72,0.36,0.343,1,0,0,49.13,C,50.34,55.93,61.52,55.93,B,52.53,CONDITIONAL REVIEW,2026-06-10
SME_00249,Blue ColdStorage Studio,AgriTech,Small,6,6,238933.08,20309.76,119466.54,60,579,0.49350000000000005,49.35,5.882,2.66,2.07,0.54,0.348,1,0,0,60.11,B,53.41,59.34,65.27,59.34,B,59.73,CONDITIONAL REVIEW,2026-06-10
SME_00250,Nova Beverage Digital,Food,Medium,14,4,375071.16,23581.08,187535.58,60,544,0.5571999999999999,55.72,7.953,2.06,1.6,0.3,0.098,1,0,0,33.81,C,45.87,50.97,56.07,50.97,B,42.39,CONDITIONAL REVIEW,2026-06-10
SME_00251,Vertex Warehousing Enterprises,Logistics,Medium,9,21,808107.24,141923.64,404053.62,36,754,0.17400000000000004,17.4,2.847,0.36,2.77,0.88,0.27,0,1,0,59.18,B,71.59,79.55,87.51,79.55,A,69.36,APPROVE,2026-06-10
SME_00252,Nova Dyeing Ventures,Textile,Small,2,12,834253.92,47141.88,417126.96,36,578,0.4941,49.41,8.848,2.49,1.43,0.22,0.281,1,1,0,57.21,B,54.79,60.88,66.97,60.88,B,59.05,CONDITIONAL REVIEW,2026-06-10
SME_00253,Bright Beverage Enterprises,Food,Micro,1,9,778222.56,28826.52,389111.28,48,482,0.6687000000000001,66.87,9.9,3.08,1.06,0.03,0.269,1,1,0,37.74,C,42.0,46.67,51.34,46.67,C,42.2,REJECT,2026-06-10
SME_00254,Bright MetalWorks Works,Manufacturing,Micro,8,6,915868.56,150774.12,457934.28,24,699,0.275,27.5,3.037,1.36,2.25,0.63,0.342,0,0,0,66.73,B,63.97,71.08,78.19,71.08,A,68.91,APPROVE,2026-06-10
SME_00255,Alpha LightManufacturing Solutions,Manufacturing,Growth,12,11,1532944.68,199320.6,766472.34,24,562,0.5238,52.38,3.845,2.09,1.71,0.36,0.315,1,0,0,46.53,C,46.19,51.32,56.45,51.32,B,48.92,CONDITIONAL REVIEW,2026-06-10
SME_00256,Ever Clinic Hub,Healthcare,Medium,7,16,742597.32,158577.84,371298.66,60,695,0.2821,28.21,2.341,1.53,2.53,0.76,0.381,0,0,0,64.12,B,59.6,66.22,72.84,66.22,B,65.17,APPROVE,2026-06-10
SME_00257,Trust SMEFinance Hub,FinTech,Growth,8,5,682284.24,161139.0,341142.12,48,754,0.1743,17.43,2.117,0.24,2.83,0.92,0.419,0,0,0,68.87,B,64.27,71.41,78.55,71.41,A,70.14,APPROVE,2026-06-10
SME_00258,Blue Fashion Enterprises,Retail,Growth,12,9,600599.4,123903.24,300299.7,60,690,0.29100000000000004,29.1,2.424,2.03,2.4,0.7,0.295,0,1,0,67.25,B,59.39,65.99,72.59,65.99,B,66.62,APPROVE,2026-06-10
SME_00259,Smart Fashion Partners,Retail,Micro,7,15,803842.08,137479.68,401921.04,12,717,0.24160000000000004,24.16,2.923,1.36,2.82,0.91,0.401,0,0,0,72.27,A,70.07,77.86,85.65,77.86,A,75.06,APPROVE,2026-06-10
SME_00260,Blue Warehousing Enterprises,Logistics,Medium,13,3,732326.16,72557.4,366163.08,60,643,0.37549999999999994,37.55,5.047,1.36,1.89,0.45,0.508,0,0,0,51.75,B,55.97,62.19,68.41,62.19,B,56.97,CONDITIONAL REVIEW,2026-06-10
SME_00261,Golden Grocery Traders,Retail,Small,9,9,747107.64,87886.44,373553.82,36,646,0.37029999999999996,37.03,4.25,2.4,2.2,0.6,0.399,0,1,0,72.41,A,57.27,63.63,69.99,63.63,B,68.02,CONDITIONAL REVIEW,2026-06-10
SME_00262,Smart AccountingTech Studio,FinTech,Medium,11,7,1337002.2,310483.08,668501.1,48,745,0.1904,19.04,2.153,0.29,3.0,1.0,0.463,0,0,0,69.25,B,64.22,71.35,78.48,71.35,A,70.3,APPROVE,2026-06-10
SME_00263,Bright ColdStorage Solutions,AgriTech,Micro,11,8,1046443.08,7995.0,523221.54,24,575,0.5005999999999999,50.06,9.9,2.26,1.36,0.18,0.404,1,1,0,53.84,B,51.38,57.09,62.8,57.09,B,55.47,CONDITIONAL REVIEW,2026-06-10
SME_00264,Trust Fashion Ventures,Retail,Small,9,7,434014.56,45724.08,217007.28,12,631,0.399,39.9,4.746,2.22,1.88,0.44,0.273,0,0,0,47.05,C,49.25,54.72,60.19,54.72,B,50.88,CONDITIONAL REVIEW,2026-06-10
SME_00265,Trust Fabric Hub,Textile,Medium,1,10,510372.96,76574.04,255186.48,60,572,0.5045999999999999,50.46,3.333,1.55,1.8,0.4,0.187,0,0,1,40.66,C,46.22,51.36,56.5,51.36,B,46.01,FRAUD REVIEW,2026-06-10
SME_00266,Green Grocery Solutions,Retail,Medium,6,29,788581.8,71221.8,394290.9,12,668,0.33109999999999995,33.11,5.536,1.5,1.88,0.44,0.327,1,0,0,57.0,B,67.49,74.99,82.49,74.99,A,66.0,APPROVE,2026-06-10
SME_00267,Prime MetalWorks Partners,Manufacturing,Small,2,7,445743.0,33140.76,222871.5,12,562,0.5235000000000001,52.35,6.725,2.37,1.68,0.34,0.14,1,0,0,42.75,C,46.89,52.1,57.31,52.1,B,47.42,CONDITIONAL REVIEW,2026-06-10
SME_00268,Ever Electronics Logistics,Retail,Small,7,11,525342.24,90370.44,262671.12,60,662,0.34230000000000005,34.23,2.907,1.66,2.47,0.73,0.264,0,0,0,58.26,B,60.98,67.75,74.53,67.75,B,63.0,APPROVE,2026-06-10
SME_00269,Future HomeGoods Textiles,Retail,Small,2,30,367341.0,37289.28,183670.5,12,664,0.33819999999999995,33.82,4.926,1.51,2.32,0.66,0.202,1,0,0,54.86,B,61.52,68.36,75.2,68.36,B,61.61,APPROVE,2026-06-10
SME_00270,Bright Grocery Solutions,Retail,Growth,7,6,322572.36,38283.24,161286.18,60,483,0.6671,66.71,4.213,3.7,1.5,0.25,0.208,1,1,0,44.48,C,40.69,45.21,49.73,45.21,C,44.84,REJECT,2026-06-10
SME_00271,Green Fashion Care,Retail,Small,5,27,713095.08,75091.32,356547.54,12,716,0.24280000000000002,24.28,4.748,1.59,2.5,0.75,0.333,0,0,0,80.23,A,70.09,77.88,85.67,77.88,A,79.06,APPROVE,2026-06-10
SME_00272,Alpha MetalWorks Partners,Manufacturing,Small,0,9,937586.16,77760.72,468793.08,60,680,0.30820000000000003,30.82,6.029,1.5,2.16,0.58,0.426,0,0,0,51.51,B,57.4,63.78,70.16,63.78,B,57.64,APPROVE,2026-06-10
SME_00273,Ever Fashion Traders,Retail,Small,2,26,1011914.04,114739.8,505957.02,36,628,0.4032,40.32,4.41,2.34,2.08,0.54,0.329,1,0,0,54.9,B,55.1,61.22,67.34,61.22,B,58.06,CONDITIONAL REVIEW,2026-06-10
SME_00274,Green Warehousing Care,Logistics,Small,7,14,664172.16,50593.44,332086.08,48,520,0.6008,60.08,6.564,3.05,1.33,0.16,0.317,2,0,0,44.81,C,46.22,51.36,56.5,51.36,B,48.09,REJECT,2026-06-10
SME_00275,Prime Pharmacy Studio,Healthcare,Small,1,11,1802266.2,334666.8,901133.1,60,693,0.2853,28.53,2.693,1.32,2.37,0.69,0.368,1,0,0,54.51,B,62.72,69.69,76.66,69.69,B,62.1,APPROVE,2026-06-10
SME_00276,Fresh AgroProcessing Ventures,AgriTech,Small,12,9,478580.16,55642.92,239290.08,60,612,0.4326,43.26,4.3,2.14,1.66,0.33,0.292,1,0,0,56.48,B,55.19,61.32,67.45,61.32,B,58.9,CONDITIONAL REVIEW,2026-06-10
SME_00277,Rapid AgroProcessing Textiles,AgriTech,Medium,11,6,379399.8,63327.12,189699.9,48,705,0.2641,26.41,2.996,1.12,2.45,0.73,0.345,0,0,0,57.67,B,61.33,68.14,74.95,68.14,B,62.91,APPROVE,2026-06-10
SME_00278,Prime Restaurant Foods,Food,Growth,10,9,402921.6,87524.88,201460.8,60,780,0.12639999999999996,12.64,2.302,0.0,2.81,0.9,0.6,0,1,0,81.5,A,75.06,83.4,91.74,83.4,A,82.45,APPROVE,2026-06-10
SME_00279,Smart Dyeing Hub,Textile,Growth,2,15,576934.68,39134.52,288467.34,12,571,0.5072,50.72,7.371,2.45,1.75,0.37,0.273,1,1,1,48.08,C,51.95,57.72,63.49,57.72,B,52.9,FRAUD REVIEW,2026-06-10
SME_00280,Nova Dyeing Hub,Textile,Small,12,9,1012545.48,32804.52,506272.74,60,527,0.5878,58.78,9.9,3.05,1.52,0.26,0.14,1,1,1,46.94,C,50.32,55.91,61.5,55.91,B,51.42,FRAUD REVIEW,2026-06-10
SME_00281,Fresh Electronics Hub,Retail,Small,9,7,472948.92,12576.84,236474.46,24,534,0.5743,57.43,9.9,2.61,1.52,0.26,0.144,1,1,1,44.83,C,45.95,51.05,56.16,51.05,B,47.94,FRAUD REVIEW,2026-06-10
SME_00282,Secure MetalWorks Works,Manufacturing,Medium,6,8,756669.6,87974.16,378334.8,48,649,0.36550000000000005,36.55,4.301,1.67,2.33,0.66,0.141,0,0,0,48.34,C,60.25,66.94,73.63,66.94,B,57.64,CONDITIONAL REVIEW,2026-06-10
SME_00283,Nova Plastic Works,Manufacturing,Medium,0,16,948197.4,233393.52,474098.7,24,656,0.35329999999999995,35.33,2.031,1.27,2.16,0.58,0.443,0,0,0,58.74,B,59.88,66.53,73.18,66.53,B,62.64,CONDITIONAL REVIEW,2026-06-10
SME_00284,Prime MetalWorks Digital,Manufacturing,Small,8,19,694216.44,30038.28,347108.22,48,609,0.43779999999999997,43.78,9.9,1.81,1.28,0.14,0.142,1,0,0,50.04,B,64.47,71.63,78.79,71.63,A,60.83,CONDITIONAL REVIEW,2026-06-10
SME_00285,Smart SupplyChain Mart,Logistics,Medium,12,6,683876.52,137515.8,341938.26,60,789,0.11060000000000003,11.06,2.487,0.58,3.0,1.0,0.318,0,0,0,66.98,B,70.12,77.91,85.7,77.91,A,72.44,APPROVE,2026-06-10
SME_00286,Alpha ProcessedFood Foods,Food,Medium,0,6,714966.0,98895.6,357483.0,24,627,0.4052,40.52,3.615,1.59,2.11,0.55,0.42,0,0,0,66.07,B,56.38,62.65,68.92,62.65,B,64.36,CONDITIONAL REVIEW,2026-06-10
SME_00287,Future Fashion Mart,Retail,Medium,1,11,631362.84,46206.48,315681.42,12,662,0.34219999999999995,34.22,6.832,1.6,1.91,0.45,0.467,0,0,0,51.96,B,56.34,62.6,68.86,62.6,B,57.28,APPROVE,2026-06-10
SME_00288,Golden AgroProcessing Ventures,AgriTech,Medium,6,23,606712.32,88082.28,303356.16,36,567,0.5138,51.38,3.444,2.81,1.88,0.44,0.376,1,1,0,47.96,C,47.74,53.04,58.34,53.04,B,50.5,CONDITIONAL REVIEW,2026-06-10
SME_00289,Secure Beverage Foods,Food,Micro,7,18,1381698.6,230081.76,690849.3,12,677,0.31499999999999995,31.5,3.003,1.98,2.16,0.58,0.436,0,0,0,61.35,B,60.71,67.46,74.21,67.46,B,64.41,APPROVE,2026-06-10
SME_00290,Future Grocery Studio,Retail,Small,7,4,174633.6,35606.52,87316.8,48,630,0.40090000000000003,40.09,2.452,1.56,2.02,0.51,0.221,1,0,1,48.86,C,54.05,60.06,66.07,60.06,B,54.46,FRAUD REVIEW,2026-06-10
SME_00291,Secure Payments Studio,FinTech,Small,6,8,774501.36,184461.96,387250.68,12,814,0.06599999999999995,6.6,2.099,0.0,3.0,1.0,0.6,0,1,0,86.36,A,75.73,84.14,92.55,84.14,A,85.25,APPROVE,2026-06-10
SME_00292,Bright Fashion Solutions,Retail,Micro,4,5,567576.0,-1351.68,283788.0,12,528,0.5846,58.46,9.9,2.17,1.26,0.13,0.05,1,0,1,31.43,C,42.85,47.61,52.37,47.61,C,39.52,FRAUD REVIEW,2026-06-10
SME_00293,Green Dyeing Ventures,Textile,Medium,1,8,617063.04,42052.8,308531.52,24,493,0.6489,64.89,7.337,2.75,1.26,0.13,0.239,1,0,1,34.42,C,40.53,45.03,49.53,45.03,C,39.73,FRAUD REVIEW,2026-06-10
SME_00294,Green Electronics Logistics,Retail,Small,0,24,536902.2,59817.36,268451.1,24,635,0.3909,39.09,4.488,1.96,2.15,0.57,0.162,1,0,0,53.88,B,58.27,64.75,71.23,64.75,B,59.31,CONDITIONAL REVIEW,2026-06-10
SME_00295,Ever LendingTech Hub,FinTech,Micro,1,4,550828.2,128720.04,275414.1,48,755,0.17290000000000005,17.29,2.14,0.0,3.0,1.0,0.346,0,1,0,78.31,A,75.37,83.74,92.11,83.74,A,81.03,APPROVE,2026-06-10
SME_00296,Trust Fabric Solutions,Textile,Medium,10,3,250175.64,31309.56,125087.82,24,582,0.488,48.8,3.995,1.56,1.79,0.4,0.451,1,0,0,60.17,B,53.08,58.98,64.88,58.98,B,59.58,CONDITIONAL REVIEW,2026-06-10
SME_00297,Rapid Accessories Studio,Textile,Medium,11,5,538616.16,59809.56,269308.08,36,596,0.46209999999999996,46.21,4.503,2.14,1.85,0.43,0.148,1,0,0,43.99,C,54.92,61.02,67.12,61.02,B,52.51,CONDITIONAL REVIEW,2026-06-10
SME_00298,Urban SMEFinance Agro,FinTech,Medium,6,11,1204628.64,330339.72,602314.32,24,778,0.13029999999999997,13.03,1.823,0.0,3.0,1.0,0.422,0,1,0,64.95,B,68.97,76.63,84.29,76.63,A,70.79,APPROVE,2026-06-10
SME_00299,Ever Payments Logistics,FinTech,Small,1,13,1132115.52,295551.72,566057.76,60,742,0.19669999999999999,19.67,1.915,0.88,2.9,0.95,0.6,0,1,0,82.38,A,67.77,75.3,82.83,75.3,A,78.84,APPROVE,2026-06-10
SME_00300,Prime Delivery Agro,Logistics,Medium,6,12,594172.8,69894.96,297086.4,48,659,0.3468,34.68,4.25,1.33,1.88,0.44,0.185,1,0,0,66.18,B,65.85,73.17,80.49,73.17,A,69.68,APPROVE,2026-06-10
SME_00301,Green Payments Hub,FinTech,Small,14,18,1948346.28,370304.16,974173.14,36,784,0.11980000000000002,11.98,2.631,0.0,3.0,1.0,0.311,0,0,0,78.72,A,71.51,79.46,87.41,79.46,A,79.09,APPROVE,2026-06-10
SME_00302,Smart Electronics Textiles,Retail,Small,4,3,161636.4,27690.12,80818.2,60,640,0.38139999999999996,38.14,2.919,2.04,2.24,0.62,0.444,0,0,0,57.46,B,57.6,64.0,70.4,64.0,B,60.73,CONDITIONAL REVIEW,2026-06-10
SME_00303,Future Bakery Hub,Food,Micro,7,18,561515.52,85095.6,280757.76,24,721,0.23519999999999996,23.52,3.299,0.75,2.33,0.67,0.356,0,0,0,67.09,B,78.58,87.31,96.04,87.31,A,77.2,APPROVE,2026-06-10
SME_00304,Ever ProcessedFood Textiles,Food,Medium,8,7,839502.84,156330.12,419751.42,60,729,0.2198,21.98,2.685,0.46,2.67,0.84,0.358,0,0,0,74.62,A,72.59,80.66,88.73,80.66,A,77.64,APPROVE,2026-06-10
SME_00305,Urban Fabric Traders,Textile,Medium,5,14,1810005.84,233127.36,905002.92,48,644,0.37429999999999997,37.43,3.882,1.06,1.97,0.49,0.511,1,0,0,73.08,A,69.45,77.17,84.89,77.17,A,75.12,CONDITIONAL REVIEW,2026-06-10
SME_00306,Prime Beverage Solutions,Food,Small,6,4,661266.96,31754.64,330633.48,36,467,0.6968,69.68,9.9,3.41,1.16,0.08,0.233,2,0,1,31.86,C,38.95,43.28,47.61,43.28,C,37.57,FRAUD REVIEW,2026-06-10
SME_00307,Ever FarmInputs Hub,AgriTech,Small,7,9,543181.32,19120.68,271590.66,48,554,0.5384,53.84,9.9,2.26,1.76,0.38,0.395,1,1,0,53.29,B,49.52,55.02,60.52,55.02,B,54.16,CONDITIONAL REVIEW,2026-06-10
SME_00308,Rapid Delivery Foods,Logistics,Medium,7,10,758837.64,96509.28,379418.82,48,638,0.38580000000000003,38.58,3.931,1.6,2.2,0.6,0.376,1,0,0,73.87,A,61.91,68.79,75.67,68.79,B,71.33,CONDITIONAL REVIEW,2026-06-10
SME_00309,Prime MetalWorks Partners,Manufacturing,Medium,10,18,1168484.04,207579.12,584242.02,12,744,0.19279999999999997,19.28,2.815,0.94,2.73,0.86,0.29,0,0,0,60.02,B,74.34,82.6,90.86,82.6,A,71.31,APPROVE,2026-06-10
SME_00310,Prime Grocery Partners,Retail,Micro,8,3,252950.4,7652.88,126475.2,36,586,0.47940000000000005,47.94,9.9,1.46,1.51,0.26,0.286,1,0,1,47.32,C,52.61,58.45,64.3,58.45,B,52.89,FRAUD REVIEW,2026-06-10
SME_00311,Nova Bakery Foods,Food,Growth,1,9,420654.24,75831.12,210327.12,12,704,0.2661,26.61,2.774,1.2,2.2,0.6,0.376,0,0,0,52.07,B,63.2,70.22,77.24,70.22,A,61.14,APPROVE,2026-06-10
SME_00312,Green ProcessedFood Mart,Food,Medium,0,5,530733.12,55394.76,265366.56,36,501,0.6347,63.47,4.79,2.85,1.0,0.0,0.235,1,0,1,34.32,C,44.87,49.85,54.84,49.85,C,42.09,FRAUD REVIEW,2026-06-10
SME_00313,Vertex Plastic Care,Manufacturing,Growth,6,12,469942.44,17882.04,234971.22,36,631,0.3973,39.73,9.9,1.56,1.89,0.44,0.315,1,0,1,65.98,B,57.39,63.77,70.15,63.77,B,64.88,FRAUD REVIEW,2026-06-10
SME_00314,Secure FarmInputs Traders,AgriTech,Growth,13,14,515485.68,64072.56,257742.84,48,586,0.4809,48.09,4.023,1.85,1.95,0.48,0.296,1,0,1,52.9,B,54.04,60.04,66.04,60.04,B,56.47,FRAUD REVIEW,2026-06-10
SME_00315,Ever AgroProcessing Digital,AgriTech,Growth,1,20,695215.08,67463.88,347607.54,36,650,0.363,36.3,5.152,2.05,1.84,0.42,0.562,0,1,0,56.05,B,57.5,63.89,70.28,63.89,B,59.97,CONDITIONAL REVIEW,2026-06-10
SME_00316,Urban ColdStorage Mart,AgriTech,Medium,1,7,222071.28,24518.88,111035.64,48,499,0.6377999999999999,63.78,4.529,3.03,1.55,0.27,0.195,1,1,1,39.24,C,40.01,44.45,48.9,44.45,C,41.84,FRAUD REVIEW,2026-06-10
SME_00317,Alpha DairySupport Solutions,AgriTech,Small,10,16,518509.8,52032.84,259254.9,60,606,0.4433,44.33,4.983,1.58,1.82,0.41,0.317,1,0,1,52.91,B,57.3,63.67,70.04,63.67,B,58.29,FRAUD REVIEW,2026-06-10
SME_00318,Green Diagnostics Agro,Healthcare,Micro,7,20,1701637.8,418566.6,850818.9,60,707,0.26060000000000005,26.06,2.033,1.1,2.6,0.8,0.244,0,0,1,58.45,B,59.01,65.57,72.13,65.57,B,62.01,FRAUD REVIEW,2026-06-10
SME_00319,Blue Plastic Textiles,Manufacturing,Small,3,3,621415.92,133834.44,310707.96,24,685,0.2995,29.95,2.322,1.29,2.52,0.76,0.287,0,0,0,53.7,B,56.68,62.98,69.28,62.98,B,58.34,APPROVE,2026-06-10
SME_00320,Future Fabric Care,Textile,Medium,3,13,469282.56,10306.44,234641.28,36,435,0.7545,75.45,9.9,3.39,1.0,0.0,0.296,2,1,0,31.04,C,38.27,42.52,46.77,42.52,C,36.78,REJECT,2026-06-10
SME_00321,Blue Fabric Foods,Textile,Small,10,16,545918.04,95792.76,272959.02,24,580,0.4901,49.01,2.849,1.81,2.16,0.58,0.13,1,0,0,38.24,C,51.03,56.7,62.37,56.7,B,47.47,CONDITIONAL REVIEW,2026-06-10
SME_00322,Golden Beverage Textiles,Food,Medium,8,8,392575.56,104325.0,196287.78,36,762,0.16059999999999997,16.06,1.882,0.69,2.92,0.96,0.385,0,0,0,71.1,A,72.82,80.91,89.0,80.91,A,76.0,APPROVE,2026-06-10
SME_00323,Ever AgroProcessing Enterprises,AgriTech,Micro,9,4,155598.72,41861.64,77799.36,36,643,0.37570000000000003,37.57,1.858,1.43,2.48,0.74,0.457,0,0,0,69.6,B,58.0,64.44,70.88,64.44,B,67.02,CONDITIONAL REVIEW,2026-06-10
SME_00324,Ever Restaurant Digital,Food,Small,4,16,418274.52,63777.48,209137.26,60,557,0.5323,53.23,3.279,2.6,1.69,0.34,0.06,1,0,0,40.44,C,50.73,56.37,62.01,56.37,B,48.41,CONDITIONAL REVIEW,2026-06-10
SME_00325,Vertex LendingTech Mart,FinTech,Small,8,4,442310.52,78872.4,221155.26,36,715,0.24529999999999996,24.53,2.804,0.93,2.6,0.8,0.549,0,0,0,60.62,B,61.31,68.12,74.93,68.12,B,64.37,APPROVE,2026-06-10
SME_00326,Green SupplyChain Care,Logistics,Small,12,8,1294399.56,129687.72,647199.78,12,645,0.3719,37.19,4.99,1.88,1.67,0.34,0.471,1,0,0,69.62,B,65.91,73.23,80.55,73.23,A,71.43,CONDITIONAL REVIEW,2026-06-10
SME_00327,Nova AccountingTech Care,FinTech,Micro,5,9,942614.64,279946.08,471307.32,24,735,0.20950000000000002,20.95,1.684,0.17,2.92,0.96,0.372,0,0,0,63.51,B,65.99,73.32,80.65,73.32,A,68.41,APPROVE,2026-06-10
SME_00328,Future ProcessedFood Care,Food,Micro,6,14,696049.44,133595.28,348024.72,60,711,0.2529,25.29,2.605,0.87,2.72,0.86,0.279,0,0,0,60.99,B,66.09,73.43,80.77,73.43,A,67.21,APPROVE,2026-06-10
SME_00329,Bright Warehousing Logistics,Logistics,Medium,2,6,374660.52,70723.08,187330.26,60,659,0.34640000000000004,34.64,2.649,1.75,2.27,0.64,0.113,0,0,0,49.69,C,58.88,65.42,71.96,65.42,B,57.55,APPROVE,2026-06-10
SME_00330,Alpha LightManufacturing Mart,Manufacturing,Small,9,6,887306.16,102009.48,443653.08,36,642,0.37749999999999995,37.75,4.349,1.35,1.76,0.38,0.35,1,0,0,59.34,B,59.29,65.88,72.47,65.88,B,62.61,CONDITIONAL REVIEW,2026-06-10
SME_00331,Prime HealthServices Agro,Healthcare,Micro,0,10,1572331.68,309103.68,786165.84,24,667,0.3319,33.19,2.543,1.42,2.44,0.72,0.278,0,0,0,54.62,B,60.62,67.36,74.1,67.36,B,60.99,APPROVE,2026-06-10
SME_00332,Green LightManufacturing Agro,Manufacturing,Micro,4,17,727395.12,55307.64,363697.56,60,477,0.6779999999999999,67.8,6.576,3.44,1.31,0.16,0.212,1,1,0,49.03,C,44.51,49.45,54.4,49.45,C,49.24,REJECT,2026-06-10
SME_00333,Future HealthServices Enterprises,Healthcare,Small,10,36,3407819.88,791457.96,1703909.94,12,746,0.18979999999999997,18.98,2.153,0.38,2.79,0.89,0.358,0,0,0,72.89,A,72.51,80.57,88.63,80.57,A,76.73,APPROVE,2026-06-10
SME_00334,Rapid Fabric Logistics,Textile,Micro,0,4,355749.6,-41216.88,177874.8,60,456,0.7172000000000001,71.72,9.9,3.15,1.0,0.0,0.171,2,1,1,27.46,D,40.55,45.06,49.57,45.06,C,36.26,FRAUD REVIEW,2026-06-10
SME_00335,Prime Electronics Digital,Retail,Medium,14,11,603194.28,75075.48,301597.14,48,568,0.5126999999999999,51.27,4.017,2.25,1.61,0.31,0.292,1,0,1,47.65,C,51.36,57.07,62.78,57.07,B,52.36,FRAUD REVIEW,2026-06-10
SME_00336,Vertex SupplyChain Hub,Logistics,Medium,6,5,584281.8,40262.16,292140.9,24,533,0.577,57.7,7.256,2.04,1.08,0.04,0.153,2,1,1,36.48,C,48.77,54.19,59.61,54.19,B,45.33,FRAUD REVIEW,2026-06-10
SME_00337,Ever Grocery Solutions,Retail,Micro,6,17,687494.52,60314.16,343747.26,12,555,0.5359,53.59,5.699,2.9,1.59,0.29,0.229,1,0,0,44.5,C,43.53,48.37,53.21,48.37,C,46.44,CONDITIONAL REVIEW,2026-06-10
SME_00338,Nova Pharmacy Enterprises,Healthcare,Small,8,5,1254884.88,359111.88,627442.44,60,737,0.2046,20.46,1.747,0.54,2.51,0.75,0.443,0,0,0,63.28,B,66.91,74.34,81.77,74.34,A,68.81,APPROVE,2026-06-10
SME_00339,Green Electronics Traders,Retail,Micro,9,6,459732.48,67013.88,229866.24,36,533,0.5769,57.69,3.43,2.41,1.64,0.32,0.341,1,0,0,45.65,C,45.52,50.58,55.64,50.58,B,48.11,CONDITIONAL REVIEW,2026-06-10
SME_00340,Golden Fabric Textiles,Textile,Small,7,6,645447.36,40621.56,322723.68,12,474,0.6832,68.32,7.945,2.85,1.06,0.03,0.138,2,1,1,30.25,C,41.14,45.71,50.28,45.71,C,37.98,FRAUD REVIEW,2026-06-10
SME_00341,Rapid Fashion Logistics,Retail,Growth,13,9,488229.72,33496.08,244114.86,60,562,0.5239,52.39,7.288,2.18,1.64,0.32,0.267,1,0,0,45.04,C,49.47,54.97,60.47,54.97,B,50.0,CONDITIONAL REVIEW,2026-06-10
SME_00342,Trust Fabric Textiles,Textile,Small,14,11,1162239.48,154544.64,581119.74,48,673,0.3217,32.17,3.76,1.65,2.22,0.61,0.475,0,0,0,76.28,A,72.74,80.82,88.9,80.82,A,78.55,APPROVE,2026-06-10
SME_00343,Green SMEFinance Foods,FinTech,Growth,3,12,767522.76,165036.96,383761.38,12,696,0.27980000000000005,27.98,2.325,1.61,2.42,0.71,0.205,0,0,0,57.58,B,61.0,67.78,74.56,67.78,B,62.68,APPROVE,2026-06-10
SME_00344,Prime FleetServices Care,Logistics,Micro,10,9,885905.4,141956.28,442952.7,48,772,0.1412,14.12,3.12,0.33,2.68,0.84,0.39,0,0,0,80.96,A,78.61,87.34,96.07,87.34,A,84.15,APPROVE,2026-06-10
SME_00345,Green LendingTech Mart,FinTech,Small,4,4,1666980.12,354603.36,833490.06,48,679,0.3116,31.16,2.35,0.66,2.29,0.65,0.306,0,0,1,66.91,B,61.34,68.16,74.98,68.16,B,67.53,FRAUD REVIEW,2026-06-10
SME_00346,Rapid Payments Hub,FinTech,Small,14,14,666953.4,227550.48,333476.7,60,817,0.060899999999999954,6.09,1.466,0.0,3.0,1.0,0.6,0,1,0,87.16,A,79.3,88.11,96.92,88.11,A,87.63,APPROVE,2026-06-10
SME_00347,Golden Dyeing Traders,Textile,Small,4,9,630234.6,104050.32,315117.3,12,576,0.4979,49.79,3.029,2.43,1.94,0.47,0.189,1,1,1,32.9,C,46.36,51.51,56.66,51.51,B,42.2,FRAUD REVIEW,2026-06-10
SME_00348,Vertex MetalWorks Agro,Manufacturing,Growth,4,18,1136906.76,182433.36,568453.38,36,671,0.32509999999999994,32.51,3.116,1.28,2.55,0.77,0.164,0,0,1,44.82,C,57.39,63.77,70.15,63.77,B,54.3,FRAUD REVIEW,2026-06-10
SME_00349,Secure SupplyChain Care,Logistics,Micro,10,6,589281.6,71663.52,294640.8,12,564,0.5206999999999999,52.07,4.111,2.21,1.77,0.38,0.385,1,0,0,48.41,C,51.94,57.71,63.48,57.71,B,53.06,CONDITIONAL REVIEW,2026-06-10
SME_00350,Secure Grocery Traders,Retail,Medium,11,3,218715.0,29482.8,109357.5,48,667,0.33209999999999995,33.21,3.709,1.41,2.37,0.68,0.35,1,0,0,59.39,B,62.99,69.99,76.99,69.99,B,64.69,APPROVE,2026-06-10
SME_00351,Vertex Delivery Logistics,Logistics,Medium,2,9,674406.0,67607.64,337203.0,48,484,0.6661,66.61,4.988,3.07,1.3,0.15,0.234,1,0,0,32.54,C,41.12,45.69,50.26,45.69,C,39.11,REJECT,2026-06-10
SME_00352,Vertex LightManufacturing Foods,Manufacturing,Small,8,20,1083350.04,163089.12,541675.02,36,654,0.3557,35.57,3.321,1.35,2.05,0.52,0.249,0,0,0,52.71,B,57.47,63.86,70.25,63.86,B,58.28,CONDITIONAL REVIEW,2026-06-10
SME_00353,Prime ProcessedFood Works,Food,Small,5,10,623923.2,119683.2,311961.6,24,661,0.34319999999999995,34.32,2.607,1.34,2.04,0.52,0.431,1,0,0,58.94,B,67.56,75.07,82.58,75.07,A,67.0,APPROVE,2026-06-10
SME_00354,Golden Warehousing Logistics,Logistics,Small,9,8,654144.0,62245.8,327072.0,36,599,0.45720000000000005,45.72,5.255,2.23,1.48,0.24,0.426,1,0,0,68.09,B,58.77,65.3,71.83,65.3,B,66.69,CONDITIONAL REVIEW,2026-06-10
SME_00355,Fresh ProcessedFood Textiles,Food,Small,8,5,835973.16,73429.92,417986.58,36,660,0.34619999999999995,34.62,5.692,1.45,1.36,0.18,0.428,1,0,0,58.06,B,63.75,70.83,77.91,70.83,A,64.44,APPROVE,2026-06-10
SME_00356,Trust Bakery Mart,Food,Medium,14,26,1038767.04,178638.12,519383.52,36,736,0.20699999999999996,20.7,2.907,1.49,2.69,0.84,0.425,0,0,0,78.38,A,75.56,83.95,92.35,83.95,A,81.16,APPROVE,2026-06-10
SME_00357,Prime Clinic Traders,Healthcare,Small,14,5,963977.16,260014.8,481988.58,48,748,0.18500000000000005,18.5,1.854,0.22,2.48,0.74,0.472,0,0,0,76.25,A,70.1,77.89,85.68,77.89,A,77.07,APPROVE,2026-06-10
SME_00358,Golden SMEFinance Foods,FinTech,Growth,9,6,783991.8,286269.96,391995.9,60,819,0.056599999999999984,5.66,1.369,0.0,3.0,1.0,0.525,0,1,0,86.54,A,80.88,89.87,98.86,89.87,A,88.21,APPROVE,2026-06-10
SME_00359,Prime ProcessedFood Digital,Food,Small,10,13,1019733.0,237240.12,509866.5,60,630,0.4003,40.03,2.149,1.76,2.14,0.57,0.378,1,0,0,57.31,B,60.6,67.33,74.06,67.33,B,62.32,CONDITIONAL REVIEW,2026-06-10
SME_00360,Ever FleetServices Enterprises,Logistics,Small,13,3,551531.04,65658.72,275765.52,36,491,0.652,65.2,4.2,3.12,1.12,0.06,0.287,1,0,1,46.58,C,36.49,40.54,44.59,40.54,C,43.56,FRAUD REVIEW,2026-06-10
SME_00361,Future Accessories Foods,Textile,Medium,3,19,974684.4,94552.08,487342.2,36,678,0.31189999999999996,31.19,5.154,1.96,1.98,0.49,0.35,0,0,0,75.45,A,72.11,80.12,88.13,80.12,A,77.78,APPROVE,2026-06-10
SME_00362,Trust Fashion Enterprises,Retail,Small,11,13,441995.88,115852.08,220997.94,36,699,0.27480000000000004,27.48,1.908,0.84,2.63,0.81,0.277,0,0,0,63.48,B,65.01,72.23,79.45,72.23,A,67.86,APPROVE,2026-06-10
SME_00363,Golden HomeGoods Digital,Retail,Growth,11,15,526266.48,105657.24,263133.24,12,760,0.16410000000000002,16.41,2.49,0.45,2.53,0.76,0.24,0,0,0,68.53,B,77.03,85.59,94.15,85.59,A,77.06,APPROVE,2026-06-10
SME_00364,Alpha Electronics Agro,Retail,Micro,2,13,868626.84,55421.88,434313.42,48,489,0.6571,65.71,7.836,3.36,1.25,0.12,0.081,1,1,0,32.69,C,37.71,41.9,46.09,41.9,C,37.3,REJECT,2026-06-10
SME_00365,Prime FleetServices Logistics,Logistics,Growth,13,8,611386.2,81709.08,305693.1,60,590,0.47230000000000005,47.23,3.741,2.13,1.78,0.39,0.275,1,0,0,53.87,B,55.98,62.2,68.42,62.2,B,58.03,CONDITIONAL REVIEW,2026-06-10
SME_00366,Smart Bakery Mart,Food,Medium,10,5,619280.64,101622.84,309640.32,36,671,0.3246,32.46,3.047,1.82,2.38,0.69,0.494,0,0,1,69.92,B,55.31,61.45,67.6,61.45,B,65.69,FRAUD REVIEW,2026-06-10
SME_00367,Urban SMEFinance Partners,FinTech,Medium,5,8,702992.76,220796.52,351496.38,24,767,0.15139999999999998,15.14,1.592,0.0,2.8,0.9,0.541,0,1,0,83.02,A,71.78,79.76,87.74,79.76,A,81.39,APPROVE,2026-06-10
SME_00368,Rapid Delivery Foods,Logistics,Small,7,5,744000.36,146058.36,372000.18,12,733,0.21340000000000003,21.34,2.547,0.62,2.66,0.83,0.35,0,0,0,67.98,B,68.72,76.36,84.0,76.36,A,72.17,APPROVE,2026-06-10
SME_00369,Golden FarmInputs Traders,AgriTech,Medium,7,12,365829.72,76194.0,182914.86,24,671,0.3256,32.56,2.401,1.4,2.42,0.71,0.24,0,0,0,58.88,B,62.08,68.98,75.88,68.98,B,63.93,APPROVE,2026-06-10
SME_00370,Rapid Dyeing Works,Textile,Small,13,15,663264.36,119292.84,331632.18,12,670,0.32709999999999995,32.71,2.78,1.72,2.26,0.63,0.31,0,0,0,56.79,B,62.27,69.19,76.11,69.19,B,62.99,APPROVE,2026-06-10
SME_00371,Fresh HealthServices Agro,Healthcare,Medium,14,22,1323663.72,409601.16,661831.86,60,808,0.07689999999999997,7.69,1.616,0.0,3.0,1.0,0.6,0,1,0,88.12,A,82.46,91.62,100.0,91.62,A,89.87,APPROVE,2026-06-10
SME_00372,Alpha LightManufacturing Studio,Manufacturing,Micro,12,11,816918.48,105073.68,408459.24,24,606,0.44410000000000005,44.41,3.887,1.76,2.0,0.5,0.435,1,0,0,60.61,B,58.4,64.89,71.38,64.89,B,62.75,CONDITIONAL REVIEW,2026-06-10
SME_00373,Smart ColdStorage Agro,AgriTech,Small,9,16,643631.52,29944.2,321815.76,60,542,0.5606,56.06,9.9,3.31,1.44,0.22,0.289,1,0,0,45.25,C,51.97,57.74,63.51,57.74,B,51.5,CONDITIONAL REVIEW,2026-06-10
SME_00374,Future ColdStorage Mart,AgriTech,Small,2,8,334910.04,48141.72,167455.02,60,429,0.7654,76.54,3.478,3.89,1.07,0.04,0.139,1,0,1,25.0,D,30.97,34.41,37.85,34.41,C,29.7,FRAUD REVIEW,2026-06-10
SME_00375,Golden Fashion Solutions,Retail,Small,13,7,332407.8,44197.2,166203.9,12,616,0.42579999999999996,42.58,3.761,1.98,2.1,0.55,0.3,0,0,1,61.57,B,56.76,63.07,69.38,63.07,B,62.32,FRAUD REVIEW,2026-06-10
SME_00376,Golden Grocery Enterprises,Retail,Small,2,12,460470.36,86452.56,230235.18,60,589,0.4737,47.37,2.663,1.83,1.68,0.34,0.253,1,0,0,45.43,C,55.47,61.63,67.79,61.63,B,53.53,CONDITIONAL REVIEW,2026-06-10
SME_00377,Rapid Dyeing Logistics,Textile,Medium,2,7,353204.52,33407.04,176602.26,12,559,0.5287999999999999,52.88,5.286,2.14,1.65,0.32,0.244,1,0,0,46.14,C,53.54,59.49,65.44,59.49,B,52.81,CONDITIONAL REVIEW,2026-06-10
SME_00378,Green Beverage Partners,Food,Micro,1,11,680658.96,86997.84,340329.48,48,615,0.42769999999999997,42.77,3.912,2.08,2.06,0.53,0.114,1,0,1,41.64,C,51.66,57.4,63.14,57.4,B,49.52,FRAUD REVIEW,2026-06-10
SME_00379,Green ColdStorage Partners,AgriTech,Medium,14,5,463095.48,99864.48,231547.74,12,713,0.24939999999999996,24.94,2.319,1.35,2.27,0.63,0.56,0,0,0,81.28,A,71.95,79.94,87.93,79.94,A,80.61,APPROVE,2026-06-10
SME_00380,Smart HealthServices Traders,Healthcare,Micro,7,5,639309.48,122188.44,319654.74,24,727,0.22309999999999997,22.31,2.616,0.77,2.25,0.62,0.092,0,1,0,54.44,B,65.01,72.23,79.45,72.23,A,63.34,APPROVE,2026-06-10
SME_00381,Ever ProcessedFood Ventures,Food,Medium,3,13,690935.76,89293.44,345467.88,36,630,0.3994,39.94,3.869,1.44,2.16,0.58,0.281,0,0,0,46.47,C,50.36,55.95,61.55,55.95,B,51.21,CONDITIONAL REVIEW,2026-06-10
SME_00382,Secure Fabric Textiles,Textile,Medium,1,15,1278192.24,82717.8,639096.12,12,428,0.768,76.8,7.726,3.96,1.21,0.1,0.094,2,1,0,23.69,D,32.0,35.56,39.12,35.56,C,29.62,REJECT,2026-06-10
SME_00383,Urban AccountingTech Solutions,FinTech,Small,6,5,666929.16,187678.68,333464.58,36,723,0.23060000000000003,23.06,1.777,0.84,2.41,0.7,0.183,0,1,0,56.18,B,62.8,69.78,76.76,69.78,B,62.98,APPROVE,2026-06-10
SME_00384,Vertex Beverage Enterprises,Food,Medium,10,13,535597.92,99215.4,267798.96,24,693,0.2851,28.51,2.699,1.72,2.56,0.78,0.355,0,0,0,61.58,B,63.44,70.49,77.54,70.49,A,66.03,APPROVE,2026-06-10
SME_00385,Blue DairySupport Studio,AgriTech,Growth,14,7,505175.04,144973.08,252587.52,60,753,0.17569999999999997,17.57,1.742,0.69,3.0,1.0,0.244,0,0,0,65.07,B,71.89,79.88,87.87,79.88,A,72.47,APPROVE,2026-06-10
SME_00386,Golden Fabric Foods,Textile,Medium,8,9,435533.04,64167.96,217766.52,36,601,0.45320000000000005,45.32,3.394,1.8,1.79,0.4,0.29,0,0,0,46.7,C,54.41,60.46,66.51,60.46,B,53.58,CONDITIONAL REVIEW,2026-06-10
SME_00387,Alpha Pharmacy Enterprises,Healthcare,Small,9,21,1302897.12,141760.8,651448.56,24,645,0.3729,37.29,4.595,1.7,2.46,0.73,0.34,0,0,0,58.32,B,57.03,63.37,69.71,63.37,B,60.84,CONDITIONAL REVIEW,2026-06-10
SME_00388,Trust Accessories Hub,Textile,Small,12,15,734887.2,131179.32,367443.6,24,585,0.48119999999999996,48.12,2.801,2.19,1.83,0.41,0.271,1,0,0,57.61,B,57.57,63.97,70.37,63.97,B,60.79,CONDITIONAL REVIEW,2026-06-10
SME_00389,Secure Fashion Hub,Retail,Medium,13,15,525794.04,79504.68,262897.02,36,637,0.38739999999999997,38.74,3.307,1.81,1.95,0.47,0.356,1,0,0,52.21,B,55.71,61.9,68.09,61.9,B,57.05,CONDITIONAL REVIEW,2026-06-10
SME_00390,Urban Dyeing Solutions,Textile,Small,4,28,925117.8,106816.2,462558.9,60,569,0.5105999999999999,51.06,4.33,2.02,1.53,0.26,0.342,1,0,1,58.45,B,54.76,60.84,66.92,60.84,B,59.65,FRAUD REVIEW,2026-06-10
SME_00391,Smart FleetServices Traders,Logistics,Medium,14,6,953194.68,45611.16,476597.34,48,623,0.4132,41.32,9.9,1.55,1.96,0.48,0.219,1,0,0,48.79,C,51.8,57.55,63.3,57.55,B,53.17,CONDITIONAL REVIEW,2026-06-10
SME_00392,Alpha Electronics Care,Retail,Small,8,5,517818.48,60042.84,258909.24,24,554,0.5381,53.81,4.312,2.77,1.74,0.37,0.309,1,0,0,50.83,B,48.54,53.93,59.32,53.93,B,52.38,CONDITIONAL REVIEW,2026-06-10
SME_00393,Trust SupplyChain Enterprises,Logistics,Medium,13,6,1000451.52,176882.76,500225.76,36,700,0.27270000000000005,27.27,2.828,0.99,2.41,0.7,0.284,0,0,0,67.51,B,67.09,74.54,81.99,74.54,A,71.03,APPROVE,2026-06-10
SME_00394,Urban Pharmacy Partners,Healthcare,Micro,2,8,844416.12,189177.72,422208.06,24,680,0.3084,30.84,2.232,1.54,2.64,0.82,0.399,0,0,0,61.0,B,61.61,68.45,75.3,68.45,B,64.72,APPROVE,2026-06-10
SME_00395,Vertex HomeGoods Ventures,Retail,Micro,1,3,167165.16,18876.6,83582.58,36,615,0.42769999999999997,42.77,4.428,1.95,1.73,0.37,0.176,1,0,0,42.48,C,55.83,62.03,68.23,62.03,B,52.25,CONDITIONAL REVIEW,2026-06-10
SME_00396,Prime Beverage Enterprises,Food,Growth,13,8,269169.6,50175.0,134584.8,60,696,0.2802,28.02,2.682,0.89,3.0,1.0,0.284,0,0,0,56.79,B,60.33,67.03,73.73,67.03,B,61.91,APPROVE,2026-06-10
SME_00397,Future SMEFinance Traders,FinTech,Medium,10,7,1155809.28,281140.44,577904.64,48,701,0.2714,27.14,2.056,0.83,2.78,0.89,0.429,0,0,1,69.32,B,65.01,72.23,79.45,72.23,A,70.78,FRAUD REVIEW,2026-06-10
SME_00398,Ever Plastic Hub,Manufacturing,Growth,3,14,431477.4,23415.96,215738.7,24,581,0.48919999999999997,48.92,9.213,2.18,1.74,0.37,0.404,1,0,0,58.73,B,56.24,62.49,68.74,62.49,B,60.61,CONDITIONAL REVIEW,2026-06-10
SME_00399,Rapid Beverage Solutions,Food,Growth,13,11,371163.12,58916.04,185581.56,24,648,0.3681,36.81,3.15,1.41,2.13,0.56,0.396,0,0,0,61.5,B,61.04,67.82,74.6,67.82,B,64.66,CONDITIONAL REVIEW,2026-06-10
SME_00400,Alpha Restaurant Traders,Food,Small,1,6,370936.92,50406.72,185468.46,48,685,0.29969999999999997,29.97,3.679,1.22,1.97,0.48,0.233,1,0,0,52.67,B,65.06,72.29,79.52,72.29,A,62.48,APPROVE,2026-06-10
SME_00401,Smart LightManufacturing Mart,Manufacturing,Small,10,13,1129771.08,228131.28,564885.54,60,703,0.26780000000000004,26.78,2.476,1.06,2.17,0.58,0.394,0,0,0,63.07,B,63.67,70.74,77.81,70.74,A,66.91,APPROVE,2026-06-10
SME_00402,Rapid Dyeing Care,Textile,Micro,3,14,650178.48,37249.08,325089.24,24,529,0.5840000000000001,58.4,8.727,3.35,1.34,0.17,0.138,1,1,1,40.15,C,48.61,54.01,59.41,54.01,B,47.08,FRAUD REVIEW,2026-06-10
SME_00403,Smart LendingTech Traders,FinTech,Small,1,6,1195178.76,217116.72,597589.38,48,650,0.36329999999999996,36.33,2.752,1.46,2.34,0.67,0.366,0,0,1,62.28,B,57.56,63.95,70.35,63.95,B,63.12,FRAUD REVIEW,2026-06-10
SME_00404,Bright Fashion Digital,Retail,Micro,12,7,522776.04,60189.84,261388.02,24,686,0.2986,29.86,4.343,1.23,2.39,0.7,0.282,0,0,0,55.14,B,65.3,72.55,79.81,72.55,A,63.84,APPROVE,2026-06-10
SME_00405,Rapid Fabric Solutions,Textile,Growth,12,3,301460.4,17670.84,150730.2,48,513,0.6119,61.19,8.53,2.61,1.23,0.12,0.371,1,0,1,42.75,C,48.56,53.95,59.35,53.95,B,48.35,FRAUD REVIEW,2026-06-10
SME_00406,Trust Dyeing Studio,Textile,Micro,2,5,672306.96,17562.0,336153.48,60,455,0.7183999999999999,71.84,9.9,3.07,1.0,0.0,0.14,1,1,0,32.29,C,38.85,43.17,47.49,43.17,C,37.73,REJECT,2026-06-10
SME_00407,Vertex Plastic Hub,Manufacturing,Micro,1,6,948167.52,169409.88,474083.76,36,658,0.349,34.9,2.798,1.38,2.06,0.53,0.282,0,0,0,54.19,B,55.9,62.11,68.32,62.11,B,58.15,APPROVE,2026-06-10
SME_00408,Bright AccountingTech Studio,FinTech,Micro,9,9,1479831.12,462525.36,739915.56,36,804,0.08320000000000005,8.32,1.6,0.1,3.0,1.0,0.515,0,0,0,83.55,A,73.52,81.69,89.86,81.69,A,82.62,APPROVE,2026-06-10
SME_00409,Prime Electronics Agro,Retail,Micro,0,5,221945.4,35099.04,110972.7,12,666,0.3338,33.38,3.162,1.3,1.89,0.45,0.197,1,0,0,43.77,C,57.65,64.06,70.47,64.06,B,53.92,APPROVE,2026-06-10
SME_00410,Trust Garments Textiles,Textile,Micro,11,7,523916.04,70352.64,261958.02,12,728,0.22160000000000002,22.16,3.723,0.22,2.44,0.72,0.338,0,0,0,71.55,A,72.38,80.42,88.46,80.42,A,75.98,APPROVE,2026-06-10
SME_00411,Prime Delivery Partners,Logistics,Medium,13,4,307356.96,68357.4,153678.48,12,629,0.40169999999999995,40.17,2.248,1.28,2.42,0.71,0.445,0,0,1,48.28,C,54.91,61.01,67.11,61.01,B,54.64,FRAUD REVIEW,2026-06-10
SME_00412,Smart Warehousing Partners,Logistics,Small,11,10,849606.72,143112.6,424803.36,24,670,0.3264,32.64,2.968,1.24,2.15,0.57,0.116,0,1,0,46.92,C,61.45,68.28,75.11,68.28,B,57.6,APPROVE,2026-06-10
SME_00413,Rapid HomeGoods Ventures,Retail,Small,3,12,354717.24,51819.24,177358.62,24,730,0.2177,21.77,3.423,1.14,2.51,0.76,0.383,0,1,0,70.19,A,71.75,79.72,87.69,79.72,A,74.95,APPROVE,2026-06-10
SME_00414,Vertex Garments Solutions,Textile,Growth,3,11,592776.84,65696.28,296388.42,60,637,0.3879,38.79,4.511,2.15,1.96,0.48,0.354,0,0,0,65.0,B,59.55,66.17,72.79,66.17,B,65.59,CONDITIONAL REVIEW,2026-06-10
SME_00415,Golden HomeGoods Ventures,Retail,Small,10,9,581320.2,121038.0,290660.1,60,673,0.3227,32.27,2.401,1.01,1.83,0.41,0.422,0,0,0,56.69,B,66.76,74.18,81.6,74.18,A,65.44,APPROVE,2026-06-10
SME_00416,Smart Packaging Solutions,Manufacturing,Medium,1,4,214568.88,55547.16,107284.44,24,715,0.24539999999999995,24.54,1.931,1.35,2.84,0.92,0.351,0,0,0,73.99,A,65.18,72.42,79.66,72.42,A,73.2,APPROVE,2026-06-10
SME_00417,Vertex Electronics Traders,Retail,Small,8,6,237716.04,32127.6,118858.02,60,487,0.6607000000000001,66.07,3.7,3.35,1.36,0.18,0.358,1,1,1,42.37,C,38.92,43.24,47.56,43.24,C,42.8,FRAUD REVIEW,2026-06-10
SME_00418,Future SMEFinance Digital,FinTech,Micro,7,7,788038.08,221027.16,394019.04,60,782,0.123,12.3,1.783,0.0,3.0,1.0,0.327,0,1,0,80.57,A,76.0,84.44,92.88,84.44,A,82.5,APPROVE,2026-06-10
SME_00419,Secure Packaging Works,Manufacturing,Small,11,7,748772.16,200099.88,374386.08,12,768,0.14890000000000003,14.89,1.871,0.63,2.62,0.81,0.479,0,0,0,64.66,B,71.81,79.79,87.77,79.79,A,72.22,APPROVE,2026-06-10
SME_00420,Green Accessories Solutions,Textile,Growth,3,9,517264.08,81638.4,258632.04,24,639,0.38280000000000003,38.28,3.168,2.03,2.2,0.6,0.18,0,0,1,50.63,B,53.54,59.49,65.44,59.49,B,55.06,FRAUD REVIEW,2026-06-10
SME_00421,Alpha Warehousing Foods,Logistics,Small,11,21,1156463.28,253769.64,578231.64,48,662,0.34209999999999996,34.21,2.279,1.69,2.63,0.82,0.306,0,0,0,60.71,B,59.26,65.84,72.42,65.84,B,63.28,APPROVE,2026-06-10
SME_00422,Prime Electronics Hub,Retail,Micro,10,15,492509.28,78355.92,246254.64,36,616,0.42569999999999997,42.57,3.143,1.72,1.79,0.39,0.235,1,0,0,54.15,B,61.95,68.83,75.71,68.83,B,61.49,CONDITIONAL REVIEW,2026-06-10
SME_00423,Fresh Fashion Care,Retail,Small,3,5,202433.64,49680.36,101216.82,36,726,0.22560000000000002,22.56,2.037,0.48,2.47,0.74,0.302,0,0,0,73.84,A,70.34,78.15,85.97,78.15,A,76.0,APPROVE,2026-06-10
SME_00424,Secure Fashion Partners,Retail,Medium,5,14,487092.6,-6921.48,243546.3,48,457,0.7153,71.53,9.9,4.0,1.0,0.0,0.22,1,1,1,31.46,C,36.63,40.7,44.77,40.7,C,36.08,FRAUD REVIEW,2026-06-10
SME_00425,Fresh SupplyChain Ventures,Logistics,Medium,1,13,707572.92,34230.48,353786.46,36,517,0.6048,60.48,9.9,3.06,1.73,0.36,0.257,1,1,0,35.59,C,43.07,47.86,52.65,47.86,C,41.73,REJECT,2026-06-10
SME_00426,Golden AccountingTech Mart,FinTech,Small,7,6,767897.04,161697.36,383948.52,60,728,0.22199999999999998,22.2,2.374,0.83,2.71,0.86,0.266,0,0,0,67.84,B,62.92,69.91,76.9,69.91,B,68.88,APPROVE,2026-06-10
SME_00427,Vertex Plastic Textiles,Manufacturing,Growth,4,15,983249.04,151979.88,491624.52,24,596,0.4625,46.25,3.235,2.07,1.91,0.46,0.346,1,0,0,48.11,C,51.37,57.08,62.79,57.08,B,52.59,CONDITIONAL REVIEW,2026-06-10
SME_00428,Blue SMEFinance Studio,FinTech,Medium,2,8,1034068.8,351062.76,517034.4,12,760,0.16369999999999996,16.37,1.473,0.78,2.69,0.85,0.284,0,1,0,78.9,A,68.66,76.29,83.92,76.29,A,77.59,APPROVE,2026-06-10
SME_00429,Future Fashion Agro,Retail,Medium,8,4,376266.84,62213.16,188133.42,48,565,0.5178,51.78,3.024,2.17,1.83,0.41,0.496,1,1,0,64.4,B,50.47,56.08,61.69,56.08,B,60.24,CONDITIONAL REVIEW,2026-06-10
SME_00430,Golden AccountingTech Digital,FinTech,Micro,8,12,983448.72,255493.08,491724.36,60,737,0.20509999999999995,20.51,1.925,0.03,2.72,0.86,0.311,0,1,0,58.04,B,64.71,71.9,79.09,71.9,A,64.97,APPROVE,2026-06-10
SME_00431,Urban Garments Foods,Textile,Micro,1,10,356383.32,18496.56,178191.66,12,511,0.6164000000000001,61.64,9.634,2.72,1.11,0.06,0.147,1,1,1,33.43,C,41.36,45.96,50.56,45.96,C,39.7,FRAUD REVIEW,2026-06-10
SME_00432,Alpha SMEFinance Mart,FinTech,Growth,3,8,1354662.0,332389.8,677331.0,48,793,0.10319999999999996,10.32,2.038,0.0,2.76,0.88,0.339,0,0,0,66.23,B,73.01,81.12,89.23,81.12,A,73.68,APPROVE,2026-06-10
SME_00433,Bright Diagnostics Textiles,Healthcare,Small,1,9,975197.4,153599.88,487598.7,12,642,0.379,37.9,3.174,1.32,2.2,0.6,0.228,0,0,0,54.59,B,59.78,66.42,73.06,66.42,B,60.51,CONDITIONAL REVIEW,2026-06-10
SME_00434,Prime SMEFinance Digital,FinTech,Small,10,6,675653.88,131034.6,337826.94,60,762,0.16010000000000002,16.01,2.578,0.69,2.82,0.91,0.528,0,0,0,70.17,A,67.96,75.51,83.06,75.51,A,72.84,APPROVE,2026-06-10
SME_00435,Golden Grocery Logistics,Retail,Small,5,13,574814.28,82093.8,287407.14,60,612,0.4326,43.26,3.501,1.44,1.89,0.45,0.305,0,1,1,39.57,C,55.65,61.83,68.01,61.83,B,50.7,FRAUD REVIEW,2026-06-10
SME_00436,Blue Packaging Mart,Manufacturing,Micro,1,9,1058466.96,276068.52,529233.48,48,787,0.11370000000000002,11.37,1.917,0.0,2.97,0.99,0.546,0,1,0,78.05,A,80.47,89.41,98.35,89.41,A,83.73,APPROVE,2026-06-10
SME_00437,Fresh HomeGoods Mart,Retail,Medium,3,10,797275.2,-36383.76,398637.6,60,447,0.7328,73.28,9.9,3.3,1.0,0.0,0.189,2,1,1,22.37,D,37.03,41.15,45.27,41.15,C,31.76,FRAUD REVIEW,2026-06-10
SME_00438,Prime Beverage Ventures,Food,Micro,14,11,862894.56,78742.56,431447.28,12,592,0.4686,46.86,5.479,2.32,1.58,0.29,0.523,1,1,0,62.02,B,59.43,66.03,72.63,66.03,B,64.03,CONDITIONAL REVIEW,2026-06-10
SME_00439,Prime Diagnostics Solutions,Healthcare,Medium,4,5,856743.6,149064.12,428371.8,12,631,0.398,39.8,2.874,1.9,2.2,0.6,0.22,0,1,0,46.96,C,53.96,59.96,65.96,59.96,B,53.46,CONDITIONAL REVIEW,2026-06-10
SME_00440,Urban SupplyChain Agro,Logistics,Small,10,5,366588.72,19927.32,183294.36,12,588,0.4757,47.57,9.198,2.44,1.81,0.4,0.198,1,0,0,42.53,C,47.0,52.22,57.44,52.22,B,47.38,CONDITIONAL REVIEW,2026-06-10
SME_00441,Smart Accessories Enterprises,Textile,Micro,7,3,286337.4,25872.36,143168.7,36,596,0.46120000000000005,46.12,5.534,2.07,1.8,0.4,0.215,1,0,0,46.28,C,53.91,59.9,65.89,59.9,B,53.09,CONDITIONAL REVIEW,2026-06-10
SME_00442,Rapid Grocery Mart,Retail,Micro,3,13,437087.04,69117.24,218543.52,36,658,0.34930000000000005,34.93,3.162,1.92,2.44,0.72,0.258,0,0,0,56.84,B,63.59,70.66,77.73,70.66,A,63.75,APPROVE,2026-06-10
SME_00443,Ever Diagnostics Ventures,Healthcare,Medium,4,4,575725.44,113949.12,287862.72,60,639,0.3831,38.31,2.526,2.03,1.94,0.47,0.475,0,0,0,59.84,B,54.85,60.94,67.03,60.94,B,60.39,CONDITIONAL REVIEW,2026-06-10
SME_00444,Trust MetalWorks Traders,Manufacturing,Micro,0,10,1245040.68,133111.56,622520.34,48,623,0.41190000000000004,41.19,4.677,1.75,1.91,0.46,0.272,1,0,0,52.59,B,51.29,56.99,62.69,56.99,B,54.79,CONDITIONAL REVIEW,2026-06-10
SME_00445,Vertex Packaging Hub,Manufacturing,Micro,11,11,1124266.8,180320.28,562133.4,12,705,0.26380000000000003,26.38,3.117,1.28,2.08,0.54,0.359,0,0,0,77.0,A,68.13,75.7,83.27,75.7,A,76.35,APPROVE,2026-06-10
SME_00446,Fresh Diagnostics Ventures,Healthcare,Medium,5,13,796378.44,172944.24,398189.22,60,747,0.1866,18.66,2.302,0.54,2.36,0.68,0.56,0,1,0,80.84,A,73.86,82.07,90.28,82.07,A,81.45,APPROVE,2026-06-10
SME_00447,Rapid Dyeing Logistics,Textile,Small,7,4,261043.8,15362.52,130521.9,36,526,0.5900000000000001,59.0,8.496,2.02,1.52,0.26,0.057,1,0,1,35.92,C,45.04,50.04,55.04,50.04,B,42.98,FRAUD REVIEW,2026-06-10
SME_00448,Urban SupplyChain Care,Logistics,Small,2,9,1342535.16,107662.44,671267.58,36,626,0.4075,40.75,6.235,1.49,1.7,0.35,0.474,1,1,1,73.16,A,59.94,66.6,73.26,66.6,B,69.88,FRAUD REVIEW,2026-06-10
SME_00449,Nova Fashion Agro,Retail,Micro,12,25,1019590.56,163267.2,509795.28,60,732,0.21509999999999996,21.51,3.122,1.24,2.28,0.64,0.37,0,0,0,75.96,A,72.65,80.72,88.79,80.72,A,78.34,APPROVE,2026-06-10
SME_00450,Golden FleetServices Textiles,Logistics,Medium,3,25,1237318.32,154644.6,618659.16,60,674,0.31999999999999995,32.0,4.001,1.5,2.04,0.52,0.439,0,0,0,63.72,B,63.47,70.52,77.57,70.52,A,67.12,APPROVE,2026-06-10
SME_00451,Smart Electronics Textiles,Retail,Small,8,16,582813.84,68174.16,291406.92,60,693,0.2863,28.63,4.274,1.4,2.3,0.65,0.479,0,0,0,74.06,A,72.05,80.06,88.07,80.06,A,77.06,APPROVE,2026-06-10
SME_00452,Urban Dyeing Care,Textile,Micro,13,11,872858.4,42524.28,436429.2,36,492,0.6513,65.13,9.9,2.98,1.5,0.25,0.133,1,1,0,31.0,C,37.43,41.59,45.75,41.59,C,36.3,REJECT,2026-06-10
SME_00453,Future Pharmacy Solutions,Healthcare,Small,10,5,492363.6,111305.52,246181.8,12,639,0.3841,38.41,2.212,1.31,2.02,0.51,0.302,0,0,1,50.82,B,50.35,55.94,61.53,55.94,B,53.38,FRAUD REVIEW,2026-06-10
SME_00454,Future MetalWorks Logistics,Manufacturing,Micro,9,14,1186886.04,146549.76,593443.02,12,728,0.22250000000000003,22.25,4.049,0.64,2.33,0.67,0.392,0,0,1,59.18,B,66.33,73.7,81.07,73.7,A,66.44,FRAUD REVIEW,2026-06-10
SME_00455,Blue Fashion Digital,Retail,Small,13,8,373619.52,72002.4,186809.76,12,650,0.3631,36.31,2.594,1.74,2.22,0.61,0.441,0,0,0,73.11,A,63.62,70.69,77.76,70.69,A,71.9,CONDITIONAL REVIEW,2026-06-10
SME_00456,Nova Plastic Partners,Manufacturing,Micro,3,13,802112.4,159808.32,401056.2,24,733,0.21309999999999996,21.31,2.51,1.03,2.54,0.77,0.366,0,0,0,78.59,A,68.16,75.73,83.3,75.73,A,77.16,APPROVE,2026-06-10
SME_00457,Urban Fabric Hub,Textile,Micro,14,6,493946.16,82865.28,246973.08,48,613,0.43110000000000004,43.11,2.98,1.7,1.77,0.39,0.141,1,0,0,55.26,B,60.16,66.84,73.52,66.84,B,61.05,CONDITIONAL REVIEW,2026-06-10
SME_00458,Fresh Restaurant Hub,Food,Small,8,8,202133.28,42391.92,101066.64,36,715,0.246,24.6,2.384,1.02,2.57,0.78,0.6,0,1,0,80.26,A,70.17,77.97,85.77,77.97,A,79.12,APPROVE,2026-06-10
SME_00459,Blue SMEFinance Care,FinTech,Medium,6,10,941902.2,219837.84,470951.1,36,678,0.3135,31.35,2.142,1.09,2.6,0.8,0.122,0,0,0,48.01,C,60.75,67.5,74.25,67.5,B,57.75,APPROVE,2026-06-10
SME_00460,Fresh Warehousing Enterprises,Logistics,Micro,4,10,529237.32,41214.0,264618.66,12,568,0.5126,51.26,6.421,2.24,1.7,0.35,0.302,1,0,0,51.03,B,55.83,62.03,68.23,62.03,B,56.53,CONDITIONAL REVIEW,2026-06-10
SME_00461,Secure Warehousing Mart,Logistics,Micro,11,12,943861.32,107214.0,471930.66,12,591,0.4706,47.06,4.402,1.95,1.8,0.4,0.543,1,0,0,62.12,B,56.69,62.99,69.29,62.99,B,62.55,CONDITIONAL REVIEW,2026-06-10
SME_00462,Nova Fashion Textiles,Retail,Growth,14,6,426145.8,92656.8,213072.9,12,645,0.3729,37.29,2.3,0.82,2.33,0.66,0.268,0,0,0,51.04,B,60.6,67.33,74.06,67.33,B,59.19,CONDITIONAL REVIEW,2026-06-10
SME_00463,Fresh Accessories Textiles,Textile,Growth,10,4,746240.28,64445.28,373120.14,24,532,0.5778,57.78,5.79,2.53,1.55,0.28,0.116,1,0,0,37.27,C,43.83,48.7,53.57,48.7,C,42.98,CONDITIONAL REVIEW,2026-06-10
SME_00464,Golden Packaging Care,Manufacturing,Medium,0,24,1225935.24,163726.56,612967.62,24,729,0.22019999999999995,22.02,3.744,0.35,2.27,0.63,0.266,1,0,0,75.4,A,74.0,82.22,90.44,82.22,A,78.81,APPROVE,2026-06-10
SME_00465,Smart FleetServices Agro,Logistics,Micro,7,40,1648615.92,473874.96,824307.96,36,769,0.1471,14.71,1.74,1.15,2.97,0.98,0.499,0,0,0,66.78,B,76.03,84.48,92.93,84.48,A,75.63,APPROVE,2026-06-10
SME_00466,Secure HealthServices Solutions,Healthcare,Small,11,12,1372019.76,325132.56,686009.88,48,714,0.24760000000000004,24.76,2.11,1.15,2.31,0.65,0.183,0,0,0,57.8,B,67.33,74.81,82.29,74.81,A,66.31,APPROVE,2026-06-10
SME_00467,Vertex SupplyChain Studio,Logistics,Micro,6,4,617382.96,114560.16,308691.48,12,775,0.1362,13.62,2.695,0.32,2.87,0.93,0.357,0,0,0,78.58,A,76.35,84.83,93.31,84.83,A,81.7,APPROVE,2026-06-10
SME_00468,Vertex Garments Hub,Textile,Micro,11,6,683694.96,119194.2,341847.48,12,715,0.24460000000000004,24.46,2.868,1.52,2.75,0.87,0.465,0,0,0,80.43,A,70.1,77.89,85.68,77.89,A,79.16,APPROVE,2026-06-10
SME_00469,Urban Electronics Partners,Retail,Small,10,12,631782.96,111092.16,315891.48,60,682,0.3062,30.62,2.844,1.0,2.18,0.59,0.302,1,0,0,57.51,B,61.95,68.83,75.71,68.83,B,63.17,APPROVE,2026-06-10
SME_00470,Smart Beverage Textiles,Food,Small,1,20,901854.12,17729.76,450927.06,36,539,0.5648,56.48,9.9,2.49,1.17,0.09,0.252,1,0,1,39.73,C,48.81,54.23,59.65,54.23,B,46.98,FRAUD REVIEW,2026-06-10
SME_00471,Rapid DairySupport Logistics,AgriTech,Small,8,4,104644.8,20577.72,52322.4,48,706,0.26239999999999997,26.24,2.543,0.8,2.47,0.73,0.219,0,0,0,62.06,B,73.65,81.83,90.01,81.83,A,71.94,APPROVE,2026-06-10
SME_00472,Secure Bakery Agro,Food,Small,2,8,995071.68,61201.08,497535.84,12,428,0.7681,76.81,8.13,3.64,1.34,0.17,0.089,2,1,1,24.82,D,32.13,35.7,39.27,35.7,C,30.26,FRAUD REVIEW,2026-06-10
SME_00473,Prime HomeGoods Agro,Retail,Small,7,10,846771.36,184270.32,423385.68,12,718,0.24019999999999997,24.02,2.298,1.94,2.42,0.71,0.522,0,0,0,69.19,B,66.18,73.53,80.88,73.53,A,71.36,APPROVE,2026-06-10
SME_00474,Ever HomeGoods Enterprises,Retail,Small,6,15,609882.12,121915.92,304941.06,36,723,0.23060000000000003,23.06,2.501,0.73,2.28,0.64,0.272,0,0,0,51.5,B,68.54,76.16,83.78,76.16,A,63.83,APPROVE,2026-06-10
SME_00475,Blue LightManufacturing Digital,Manufacturing,Medium,12,7,474604.2,32219.16,237302.1,24,565,0.5173,51.73,7.365,1.58,1.69,0.35,0.132,1,1,1,39.14,C,48.86,54.29,59.72,54.29,B,46.72,FRAUD REVIEW,2026-06-10
SME_00476,Trust MetalWorks Partners,Manufacturing,Medium,13,4,827105.16,192906.72,413552.58,36,631,0.398,39.8,2.144,1.75,2.13,0.57,0.165,1,0,0,46.49,C,54.49,60.55,66.61,60.55,B,53.52,CONDITIONAL REVIEW,2026-06-10
SME_00477,Green ProcessedFood Digital,Food,Small,7,13,535447.8,91648.8,267723.9,24,622,0.41500000000000004,41.5,2.921,2.04,1.98,0.49,0.287,1,0,0,56.01,B,58.25,64.72,71.19,64.72,B,60.36,CONDITIONAL REVIEW,2026-06-10
SME_00478,Smart SupplyChain Care,Logistics,Small,8,18,1262668.2,258651.72,631334.1,60,641,0.37970000000000004,37.97,2.441,1.79,2.07,0.54,0.15,0,1,0,46.39,C,58.52,65.02,71.52,65.02,B,55.7,CONDITIONAL REVIEW,2026-06-10
SME_00479,Secure SupplyChain Hub,Logistics,Micro,9,9,539935.8,64562.4,269967.9,60,695,0.2814,28.14,4.182,1.19,2.25,0.63,0.456,0,0,0,64.14,B,63.7,70.78,77.86,70.78,A,67.46,APPROVE,2026-06-10
SME_00480,Secure Restaurant Traders,Food,Micro,10,12,1755523.92,244734.84,877761.96,12,564,0.5199,51.99,3.587,2.25,1.82,0.41,0.497,1,1,0,65.63,B,54.33,60.37,66.41,60.37,B,63.0,CONDITIONAL REVIEW,2026-06-10
SME_00481,Smart DairySupport Logistics,AgriTech,Medium,9,7,222069.12,21997.44,111034.56,24,536,0.5716,57.16,5.048,2.26,1.21,0.11,0.318,1,0,0,40.02,C,47.88,53.2,58.52,53.2,B,46.61,CONDITIONAL REVIEW,2026-06-10
SME_00482,Fresh Plastic Partners,Manufacturing,Micro,11,5,637467.24,160798.08,318733.62,36,639,0.38449999999999995,38.45,1.982,1.63,1.97,0.49,0.212,1,0,0,54.65,B,58.36,64.84,71.32,64.84,B,59.75,CONDITIONAL REVIEW,2026-06-10
SME_00483,Green FleetServices Works,Logistics,Small,14,17,561465.72,102953.64,280732.86,24,676,0.31599999999999995,31.6,2.727,0.93,2.49,0.75,0.202,1,0,0,56.15,B,65.85,73.17,80.49,73.17,A,64.66,APPROVE,2026-06-10
SME_00484,Bright DairySupport Hub,AgriTech,Small,12,11,521815.68,85000.44,260907.84,12,721,0.23399999999999999,23.4,3.069,0.69,2.45,0.72,0.515,0,0,0,80.44,A,71.04,78.93,86.82,78.93,A,79.69,APPROVE,2026-06-10
SME_00485,Nova HomeGoods Traders,Retail,Micro,2,12,400686.84,52197.0,200343.42,60,673,0.32199999999999995,32.2,3.838,1.13,2.3,0.65,0.252,0,0,0,50.82,B,63.52,70.58,77.64,70.58,A,60.7,APPROVE,2026-06-10
SME_00486,Prime Bakery Traders,Food,Micro,7,22,1370586.0,197871.96,685293.0,48,588,0.4768,47.68,3.463,1.71,2.18,0.59,0.347,1,0,0,45.73,C,48.32,53.69,59.06,53.69,B,49.71,CONDITIONAL REVIEW,2026-06-10
SME_00487,Vertex Beverage Mart,Food,Small,7,5,343684.92,88417.32,171842.46,24,651,0.36140000000000005,36.14,1.944,1.11,2.33,0.66,0.259,0,0,0,51.03,B,54.95,61.05,67.16,61.05,B,56.04,CONDITIONAL REVIEW,2026-06-10
SME_00488,Ever MetalWorks Traders,Manufacturing,Growth,7,6,954821.4,181454.28,477410.7,60,644,0.3739,37.39,2.631,1.77,2.59,0.79,0.241,1,0,1,52.28,B,56.87,63.19,69.51,63.19,B,57.73,FRAUD REVIEW,2026-06-10
SME_00489,Green SupplyChain Enterprises,Logistics,Small,8,10,603732.48,16868.76,301866.24,36,503,0.6317999999999999,63.18,9.9,3.08,1.3,0.15,0.26,1,1,1,43.36,C,48.42,53.8,59.18,53.8,B,48.58,FRAUD REVIEW,2026-06-10
SME_00490,Secure Restaurant Mart,Food,Small,10,6,444826.56,62409.6,222413.28,12,554,0.5386,53.86,3.564,2.56,1.5,0.25,0.228,1,1,0,40.31,C,51.7,57.44,63.18,57.44,B,48.88,CONDITIONAL REVIEW,2026-06-10
SME_00491,Fresh HealthServices Partners,Healthcare,Micro,6,14,1076483.76,173428.68,538241.88,60,719,0.23760000000000003,23.76,3.104,1.1,1.95,0.47,0.464,0,0,0,74.8,A,68.89,76.55,84.2,76.55,A,75.67,APPROVE,2026-06-10
SME_00492,Vertex Warehousing Works,Logistics,Small,4,8,767615.76,114792.0,383807.88,24,726,0.2259,22.59,3.344,0.49,2.35,0.67,0.491,0,0,0,59.47,B,71.39,79.32,87.25,79.32,A,69.39,APPROVE,2026-06-10
SME_00493,Ever Delivery Solutions,Logistics,Micro,7,5,588666.12,97185.48,294333.06,12,646,0.37029999999999996,37.03,3.029,0.97,2.16,0.58,0.512,1,0,0,64.06,B,66.0,73.33,80.66,73.33,A,68.69,CONDITIONAL REVIEW,2026-06-10
SME_00494,Trust DairySupport Enterprises,AgriTech,Small,12,9,631837.92,36044.52,315918.96,60,531,0.5797,57.97,8.765,2.42,1.51,0.26,0.419,1,0,1,46.77,C,46.01,51.12,56.23,51.12,B,48.95,FRAUD REVIEW,2026-06-10
SME_00495,Green Payments Textiles,FinTech,Medium,5,10,1193832.6,210928.8,596916.3,12,665,0.3355,33.55,2.83,1.49,2.05,0.53,0.31,0,0,1,59.32,B,55.92,62.13,68.34,62.13,B,60.73,FRAUD REVIEW,2026-06-10
SME_00496,Rapid Bakery Hub,Food,Small,0,16,841852.8,116070.12,420926.4,60,719,0.23870000000000002,23.87,3.626,0.84,2.32,0.66,0.384,0,0,0,76.63,A,68.81,76.46,84.11,76.46,A,76.54,APPROVE,2026-06-10
SME_00497,Nova Beverage Agro,Food,Small,14,11,544603.32,20486.28,272301.66,12,624,0.41159999999999997,41.16,9.9,1.56,1.8,0.4,0.505,1,1,1,52.14,B,55.51,61.68,67.85,61.68,B,56.91,FRAUD REVIEW,2026-06-10
SME_00498,Urban Warehousing Partners,Logistics,Micro,3,12,958800.24,186332.04,479400.12,12,650,0.3638,36.38,2.573,1.81,2.2,0.6,0.304,0,0,1,54.11,B,58.05,64.5,70.95,64.5,B,59.3,FRAUD REVIEW,2026-06-10
SME_00499,Prime DairySupport Works,AgriTech,Micro,9,11,862323.12,59769.84,431161.56,12,599,0.45609999999999995,45.61,7.214,2.01,1.64,0.32,0.392,1,0,0,64.27,B,57.56,63.95,70.35,63.95,B,64.11,CONDITIONAL REVIEW,2026-06-10
SME_00500,Trust Restaurant Solutions,Food,Small,12,8,352713.72,49209.36,176356.86,12,674,0.31930000000000003,31.93,3.584,1.31,2.29,0.65,0.199,0,0,0,58.88,B,57.88,64.31,70.74,64.31,B,61.59,APPROVE,2026-06-10
SME_00501,Prime Clinic Works,Healthcare,Growth,4,6,797688.72,217617.84,398844.36,48,717,0.24119999999999997,24.12,1.833,1.14,2.45,0.73,0.54,0,0,0,55.67,B,57.79,64.21,70.63,64.21,B,59.94,APPROVE,2026-06-10
SME_00502,Golden Dyeing Enterprises,Textile,Micro,5,11,963815.04,128003.04,481907.52,12,563,0.521,52.1,3.765,1.91,1.79,0.4,0.362,1,0,0,68.11,B,57.38,63.76,70.14,63.76,B,65.94,CONDITIONAL REVIEW,2026-06-10
SME_00503,Vertex Accessories Hub,Textile,Small,4,7,849056.52,86920.2,424528.26,60,500,0.6361,63.61,4.884,2.63,1.32,0.16,0.131,2,0,0,34.69,C,47.21,52.45,57.7,52.45,B,43.57,REJECT,2026-06-10
SME_00504,Secure ProcessedFood Mart,Food,Medium,2,25,1020916.08,108314.88,510458.04,36,572,0.5054000000000001,50.54,4.713,2.51,1.79,0.4,0.251,1,0,0,52.6,B,50.86,56.51,62.16,56.51,B,54.55,CONDITIONAL REVIEW,2026-06-10
SME_00505,Rapid Restaurant Studio,Food,Micro,2,20,814539.12,133085.28,407269.56,36,609,0.4377,43.77,3.06,2.01,1.96,0.48,0.343,1,0,0,52.86,B,56.58,62.87,69.16,62.87,B,57.86,CONDITIONAL REVIEW,2026-06-10
SME_00506,Smart SMEFinance Solutions,FinTech,Micro,3,13,1288339.2,286838.04,644169.6,48,671,0.3258,32.58,2.246,1.76,2.35,0.67,0.205,0,0,0,55.51,B,55.76,61.95,68.15,61.95,B,58.73,APPROVE,2026-06-10
SME_00507,Trust ColdStorage Studio,AgriTech,Small,7,11,361262.04,45257.4,180631.02,12,698,0.2763,27.63,3.991,1.37,2.57,0.78,0.442,0,0,0,76.49,A,68.07,75.63,83.19,75.63,A,76.06,APPROVE,2026-06-10
SME_00508,Future LendingTech Mart,FinTech,Medium,8,9,917585.52,318388.8,458792.76,48,721,0.2339,23.39,1.441,0.85,2.94,0.97,0.6,0,1,1,61.21,B,61.7,68.56,75.42,68.56,B,64.89,FRAUD REVIEW,2026-06-10
SME_00509,Smart Beverage Traders,Food,Small,0,4,177939.96,17957.16,88969.98,48,517,0.6063000000000001,60.63,4.955,2.6,1.13,0.06,0.187,1,1,0,31.66,C,44.31,49.23,54.15,49.23,C,40.45,REJECT,2026-06-10
SME_00510,Secure Grocery Traders,Retail,Medium,12,8,818257.32,185616.12,409128.66,48,794,0.10109999999999997,10.11,2.204,0.06,3.0,1.0,0.417,0,0,0,70.03,A,75.74,84.16,92.58,84.16,A,77.09,APPROVE,2026-06-10
SME_00511,Secure HomeGoods Ventures,Retail,Medium,10,10,606244.92,46164.72,303122.46,48,612,0.4324,43.24,6.566,1.51,1.34,0.17,0.218,0,0,1,47.93,C,54.8,60.89,66.98,60.89,B,54.41,FRAUD REVIEW,2026-06-10
SME_00512,Trust LendingTech Hub,FinTech,Medium,1,10,677006.04,156601.44,338503.02,48,691,0.28990000000000005,28.99,2.162,1.39,2.53,0.76,0.16,0,0,0,57.56,B,63.02,70.02,77.02,70.02,A,63.79,APPROVE,2026-06-10
SME_00513,Rapid Fashion Mart,Retail,Growth,12,12,656676.72,87639.0,328338.36,36,622,0.4142,41.42,3.746,1.83,2.29,0.65,0.309,1,0,0,58.61,B,58.44,64.93,71.42,64.93,B,61.77,CONDITIONAL REVIEW,2026-06-10
SME_00514,Urban Packaging Logistics,Manufacturing,Medium,0,16,1330026.96,111834.6,665013.48,24,662,0.34099999999999997,34.1,5.946,0.68,2.03,0.51,0.32,0,0,0,50.57,B,59.68,66.31,72.94,66.31,B,58.44,APPROVE,2026-06-10
SME_00515,Secure AgroProcessing Solutions,AgriTech,Medium,8,6,498806.88,42098.52,249403.44,48,569,0.511,51.1,5.924,2.83,1.0,0.0,0.407,1,0,0,44.66,C,46.3,51.44,56.58,51.44,B,48.05,CONDITIONAL REVIEW,2026-06-10
SME_00516,Vertex LightManufacturing Foods,Manufacturing,Medium,7,6,455833.56,100044.96,227916.78,24,663,0.3406,34.06,2.278,1.75,2.19,0.59,0.258,0,0,0,60.44,B,57.06,63.4,69.74,63.4,B,61.92,APPROVE,2026-06-10
SME_00517,Smart ColdStorage Studio,AgriTech,Medium,7,22,201264.0,21039.12,100632.0,48,620,0.4184,41.84,4.783,2.14,1.7,0.35,0.214,0,0,0,50.08,B,46.71,51.9,57.09,51.9,B,50.99,CONDITIONAL REVIEW,2026-06-10
SME_00518,Alpha Diagnostics Traders,Healthcare,Medium,14,14,1524518.52,289334.04,762259.26,36,780,0.12660000000000005,12.66,2.635,0.0,3.0,1.0,0.336,0,1,0,64.69,B,74.21,82.46,90.71,82.46,A,73.57,APPROVE,2026-06-10
SME_00519,Vertex Fashion Partners,Retail,Growth,13,7,358803.0,60484.44,179401.5,36,619,0.42010000000000003,42.01,2.966,2.1,2.1,0.55,0.458,1,0,0,65.62,B,59.24,65.82,72.4,65.82,B,65.72,CONDITIONAL REVIEW,2026-06-10
SME_00520,Blue Payments Studio,FinTech,Small,4,8,1185494.88,328376.04,592747.44,60,776,0.1341,13.41,1.805,0.0,3.0,1.0,0.525,0,1,0,80.07,A,71.98,79.98,87.98,79.98,A,80.03,APPROVE,2026-06-10
SME_00521,Golden Garments Logistics,Textile,Small,8,8,853682.88,5002.92,426841.44,24,513,0.6124,61.24,9.9,3.22,1.0,0.0,0.232,1,1,0,42.66,C,44.41,49.34,54.27,49.34,C,46.0,REJECT,2026-06-10
SME_00522,Smart FarmInputs Hub,AgriTech,Small,14,9,692584.56,111755.16,346292.28,36,679,0.3115,31.15,3.099,1.36,2.59,0.79,0.213,0,0,0,57.64,B,61.18,67.98,74.78,67.98,B,62.81,APPROVE,2026-06-10
SME_00523,Rapid Electronics Partners,Retail,Medium,11,12,1060209.12,205441.2,530104.56,36,575,0.5008,50.08,2.58,2.43,1.79,0.39,0.283,1,0,0,55.28,B,51.89,57.66,63.43,57.66,B,56.47,CONDITIONAL REVIEW,2026-06-10
SME_00524,Rapid Delivery Works,Logistics,Small,13,41,2423379.6,330129.0,1211689.8,12,639,0.383,38.3,3.67,1.94,2.51,0.75,0.412,0,0,0,64.85,B,59.27,65.86,72.45,65.86,B,65.35,CONDITIONAL REVIEW,2026-06-10
SME_00525,Green Electronics Hub,Retail,Medium,6,10,949494.96,143721.36,474747.48,24,556,0.5353,53.53,3.303,2.22,1.8,0.4,0.238,1,0,0,44.02,C,46.2,51.33,56.46,51.33,B,47.67,CONDITIONAL REVIEW,2026-06-10
SME_00526,Nova FarmInputs Works,AgriTech,Medium,4,13,783303.36,168249.12,391651.68,12,667,0.33209999999999995,33.21,2.328,1.73,2.4,0.7,0.446,1,0,0,68.76,B,64.67,71.86,79.05,71.86,A,70.31,APPROVE,2026-06-10
SME_00527,Prime Fabric Solutions,Textile,Growth,7,3,491311.08,87597.48,245655.54,60,546,0.5528,55.28,2.804,2.95,1.66,0.33,0.128,1,1,0,43.6,C,52.38,58.2,64.02,58.2,B,50.9,CONDITIONAL REVIEW,2026-06-10
SME_00528,Green Accessories Textiles,Textile,Micro,12,7,604982.4,32228.52,302491.2,48,594,0.4657,46.57,9.386,2.16,1.92,0.46,0.232,1,0,0,52.41,B,56.49,62.77,69.05,62.77,B,57.59,CONDITIONAL REVIEW,2026-06-10
SME_00529,Fresh Payments Works,FinTech,Medium,13,19,1135793.88,420244.08,567896.94,36,768,0.14880000000000004,14.88,1.351,0.0,3.0,1.0,0.429,0,0,0,82.23,A,72.18,80.2,88.22,80.2,A,81.22,APPROVE,2026-06-10
SME_00530,Blue FarmInputs Foods,AgriTech,Medium,10,11,1136905.8,119381.28,568452.9,12,586,0.4809,48.09,4.762,2.24,2.11,0.56,0.333,1,0,0,52.91,B,53.24,59.16,65.08,59.16,B,56.03,CONDITIONAL REVIEW,2026-06-10
SME_00531,Green HealthServices Ventures,Healthcare,Growth,10,3,504552.6,102014.88,252276.3,48,686,0.29810000000000003,29.81,2.473,1.17,2.69,0.85,0.099,0,1,1,50.13,B,59.55,66.17,72.79,66.17,B,58.15,FRAUD REVIEW,2026-06-10
SME_00532,Bright Pharmacy Solutions,Healthcare,Growth,7,14,1909265.88,428381.04,954632.94,12,749,0.18320000000000003,18.32,2.228,1.19,2.76,0.88,0.399,0,0,0,71.12,A,70.65,78.5,86.35,78.5,A,74.81,APPROVE,2026-06-10
SME_00533,Urban ColdStorage Agro,AgriTech,Small,5,29,513864.6,29935.92,256932.3,24,511,0.616,61.6,8.583,2.95,1.5,0.25,0.221,1,0,0,38.23,C,42.41,47.12,51.83,47.12,C,42.67,REJECT,2026-06-10
SME_00534,Golden Warehousing Solutions,Logistics,Small,6,3,510140.88,32165.16,255070.44,60,504,0.6296999999999999,62.97,7.93,1.75,1.51,0.26,0.337,1,0,0,37.42,C,43.62,48.47,53.32,48.47,C,42.95,REJECT,2026-06-10
SME_00535,Blue Fashion Textiles,Retail,Micro,7,22,309670.44,26876.64,154835.22,36,575,0.5005999999999999,50.06,5.761,2.12,1.66,0.33,0.257,1,1,0,43.39,C,48.68,54.09,59.5,54.09,B,48.74,CONDITIONAL REVIEW,2026-06-10
SME_00536,Smart Plastic Care,Manufacturing,Growth,12,3,387440.88,60990.84,193720.44,36,582,0.4867,48.67,3.176,2.03,1.71,0.35,0.319,1,0,0,45.73,C,52.47,58.3,64.13,58.3,B,52.02,CONDITIONAL REVIEW,2026-06-10
SME_00537,Fresh ProcessedFood Traders,Food,Micro,8,16,745949.16,137683.2,372974.58,36,592,0.4689,46.89,2.709,2.03,1.66,0.33,0.238,1,0,0,45.11,C,48.38,53.75,59.13,53.75,B,49.43,CONDITIONAL REVIEW,2026-06-10
SME_00538,Prime Fashion Care,Retail,Medium,11,9,598493.88,36215.64,299246.94,48,472,0.6880999999999999,68.81,8.263,3.5,1.52,0.26,0.19,2,0,0,38.75,C,43.87,48.74,53.61,48.74,C,43.75,REJECT,2026-06-10
SME_00539,Fresh Fashion Works,Retail,Medium,0,3,258733.2,28554.72,129366.6,12,555,0.5363,53.63,4.53,1.99,1.33,0.16,0.367,1,0,0,44.27,C,49.39,54.88,60.37,54.88,B,49.58,CONDITIONAL REVIEW,2026-06-10
SME_00540,Bright LendingTech Ventures,FinTech,Small,11,12,962750.04,165704.52,481375.02,36,619,0.41990000000000005,41.99,2.905,2.12,2.23,0.62,0.248,1,0,0,56.44,B,48.95,54.39,59.83,54.39,B,55.41,CONDITIONAL REVIEW,2026-06-10
SME_00541,Secure Accessories Hub,Textile,Micro,7,18,1105526.16,-20906.52,552763.08,60,486,0.6623,66.23,9.9,3.14,1.0,0.0,0.221,1,1,0,29.81,D,40.11,44.57,49.03,44.57,C,37.19,REJECT,2026-06-10
SME_00542,Trust Beverage Care,Food,Micro,14,11,1153471.92,282862.56,576735.96,60,801,0.08850000000000002,8.85,2.039,0.02,2.79,0.89,0.482,0,1,0,67.78,B,78.92,87.69,96.46,87.69,A,77.73,APPROVE,2026-06-10
SME_00543,Rapid AccountingTech Agro,FinTech,Medium,7,13,2972506.2,1094709.24,1486253.1,48,813,0.06669999999999998,6.67,1.358,0.0,3.0,1.0,0.298,0,0,0,73.34,A,77.94,86.6,95.26,86.6,A,79.97,APPROVE,2026-06-10
SME_00544,Nova Garments Hub,Textile,Small,7,7,701848.56,117364.44,350924.28,60,535,0.5731999999999999,57.32,2.99,3.1,1.98,0.49,0.4,1,1,0,56.38,B,49.65,55.17,60.69,55.17,B,55.78,CONDITIONAL REVIEW,2026-06-10
SME_00545,Rapid Electronics Works,Retail,Micro,2,3,170598.6,18631.44,85299.3,48,479,0.6748000000000001,67.48,4.578,3.12,1.26,0.13,0.321,1,1,1,36.68,C,34.26,38.07,41.88,38.07,C,37.38,FRAUD REVIEW,2026-06-10
SME_00546,Secure Bakery Enterprises,Food,Medium,12,14,538066.44,102634.92,269033.22,24,656,0.35229999999999995,35.23,2.621,1.43,2.24,0.62,0.417,0,0,0,73.44,A,62.92,69.91,76.9,69.91,B,71.67,CONDITIONAL REVIEW,2026-06-10
SME_00547,Smart ColdStorage Agro,AgriTech,Micro,10,26,1301295.72,184117.68,650647.86,48,626,0.40680000000000005,40.68,3.534,2.4,2.15,0.57,0.227,1,0,0,48.49,C,56.41,62.68,68.95,62.68,B,55.59,CONDITIONAL REVIEW,2026-06-10
SME_00548,Ever Fashion Traders,Retail,Medium,13,18,928999.68,189767.4,464499.84,24,738,0.20389999999999997,20.39,2.448,0.37,2.82,0.91,0.154,0,0,0,54.21,B,75.08,83.42,91.76,83.42,A,68.81,APPROVE,2026-06-10
SME_00549,Smart Clinic Solutions,Healthcare,Small,1,3,363085.68,82609.92,181542.84,36,739,0.2015,20.15,2.198,0.42,2.51,0.75,0.293,0,0,0,57.9,B,63.5,70.56,77.62,70.56,A,64.23,APPROVE,2026-06-10
SME_00550,Future ProcessedFood Logistics,Food,Micro,3,4,174401.16,8812.68,87200.58,36,622,0.41400000000000003,41.4,9.895,1.72,1.94,0.47,0.373,1,0,1,50.33,B,56.12,62.36,68.6,62.36,B,56.34,FRAUD REVIEW,2026-06-10
SME_00551,Green Beverage Works,Food,Micro,13,5,330256.68,73901.52,165128.34,48,760,0.16349999999999998,16.35,2.234,0.06,2.98,0.99,0.27,0,1,0,61.85,B,70.86,78.73,86.6,78.73,A,70.29,APPROVE,2026-06-10
SME_00552,Green Grocery Textiles,Retail,Small,1,3,223358.16,4151.88,111679.08,48,569,0.5105999999999999,51.06,9.9,2.59,1.74,0.37,0.052,1,1,0,40.28,C,49.47,54.97,60.47,54.97,B,47.62,CONDITIONAL REVIEW,2026-06-10
SME_00553,Future LightManufacturing Hub,Manufacturing,Small,7,9,917870.88,104417.52,458935.44,60,679,0.31089999999999995,31.09,4.395,1.52,2.18,0.59,0.241,0,0,0,50.29,B,61.03,67.81,74.59,67.81,B,59.05,APPROVE,2026-06-10
SME_00554,Smart Dyeing Traders,Textile,Medium,6,11,344047.2,7226.28,172023.6,24,544,0.5564,55.64,9.9,2.72,1.0,0.0,0.083,1,1,0,42.27,C,54.89,60.99,67.09,60.99,B,51.63,CONDITIONAL REVIEW,2026-06-10
SME_00555,Ever Fashion Partners,Retail,Small,14,4,394367.88,78052.56,197183.94,60,675,0.31789999999999996,31.79,2.526,1.05,2.08,0.54,0.288,0,0,0,52.98,B,56.74,63.04,69.34,63.04,B,58.01,APPROVE,2026-06-10
SME_00556,Vertex Packaging Logistics,Manufacturing,Small,12,14,651052.56,195679.44,325526.28,12,742,0.1965,19.65,1.664,0.86,3.0,1.0,0.317,0,0,0,65.91,B,69.39,77.1,84.81,77.1,A,71.5,APPROVE,2026-06-10
SME_00557,Urban Packaging Solutions,Manufacturing,Micro,13,13,1915184.4,245804.04,957592.2,36,591,0.47030000000000005,47.03,3.896,2.17,1.47,0.23,0.211,1,0,1,37.4,C,49.9,55.44,60.98,55.44,B,46.42,FRAUD REVIEW,2026-06-10
SME_00558,Nova Bakery Logistics,Food,Micro,4,6,491304.96,46317.6,245652.48,24,515,0.6082000000000001,60.82,5.304,3.02,1.0,0.0,0.183,2,1,0,39.67,C,41.74,46.38,51.02,46.38,C,43.03,REJECT,2026-06-10
SME_00559,Urban SupplyChain Partners,Logistics,Growth,9,8,654588.6,154465.68,327294.3,48,724,0.22840000000000005,22.84,2.119,1.38,2.49,0.75,0.384,0,0,0,79.03,A,64.11,71.23,78.35,71.23,A,75.13,APPROVE,2026-06-10
SME_00560,Golden ProcessedFood Partners,Food,Micro,10,3,403164.72,48822.36,201582.36,36,529,0.5843,58.43,4.129,2.53,1.44,0.22,0.311,1,0,1,42.77,C,42.87,47.63,52.39,47.63,C,45.2,FRAUD REVIEW,2026-06-10
SME_00561,Blue HomeGoods Works,Retail,Growth,14,7,571226.52,42691.68,285613.26,60,551,0.5442,54.42,6.69,2.51,1.47,0.23,0.235,1,0,0,54.7,B,53.11,59.01,64.91,59.01,B,56.86,CONDITIONAL REVIEW,2026-06-10
SME_00562,Blue Plastic Digital,Manufacturing,Small,0,9,1149134.16,232227.6,574567.08,36,639,0.38439999999999996,38.44,2.474,1.52,1.92,0.46,0.429,0,0,0,55.71,B,54.74,60.82,66.9,60.82,B,58.27,CONDITIONAL REVIEW,2026-06-10
SME_00563,Fresh SMEFinance Foods,FinTech,Micro,14,10,1319101.8,432119.28,659550.9,24,724,0.22840000000000005,22.84,1.526,0.72,2.95,0.97,0.294,0,1,0,65.87,B,63.08,70.09,77.1,70.09,A,67.98,APPROVE,2026-06-10
SME_00564,Rapid Warehousing Studio,Logistics,Micro,5,11,827737.08,161734.44,413868.54,36,625,0.4082,40.82,2.559,1.83,2.0,0.5,0.29,1,0,1,40.23,C,52.01,57.79,63.57,57.79,B,49.01,FRAUD REVIEW,2026-06-10
SME_00565,Nova FleetServices Solutions,Logistics,Micro,2,10,624216.12,100065.12,312108.06,48,662,0.34119999999999995,34.12,3.119,1.69,1.92,0.46,0.452,0,0,0,56.78,B,53.52,59.47,65.42,59.47,B,58.12,APPROVE,2026-06-10
SME_00566,Green SupplyChain Textiles,Logistics,Medium,9,8,804079.44,218846.28,402039.72,48,738,0.2036,20.36,1.837,0.7,3.0,1.0,0.211,0,0,0,54.28,B,66.97,74.41,81.85,74.41,A,64.34,APPROVE,2026-06-10
SME_00567,Alpha HealthServices Logistics,Healthcare,Small,11,11,2156659.32,603648.48,1078329.66,24,804,0.08289999999999997,8.29,1.786,0.0,3.0,1.0,0.368,0,1,0,76.53,A,77.24,85.82,94.4,85.82,A,81.17,APPROVE,2026-06-10
SME_00568,Ever HomeGoods Mart,Retail,Small,2,16,442205.88,47192.28,221102.94,48,621,0.41590000000000005,41.59,4.685,1.88,1.69,0.34,0.103,1,0,0,44.64,C,56.82,63.13,69.44,63.13,B,53.89,CONDITIONAL REVIEW,2026-06-10
SME_00569,Trust ColdStorage Agro,AgriTech,Medium,1,9,487577.4,47353.2,243788.7,48,598,0.4586,45.86,5.148,2.09,1.73,0.36,0.438,1,1,0,75.77,A,62.52,69.47,76.42,69.47,B,72.62,CONDITIONAL REVIEW,2026-06-10
SME_00570,Secure ProcessedFood Solutions,Food,Small,13,11,535624.92,85563.12,267812.46,36,586,0.48050000000000004,48.05,3.13,1.99,2.05,0.53,0.178,1,0,0,42.52,C,53.33,59.26,65.19,59.26,B,50.89,CONDITIONAL REVIEW,2026-06-10
SME_00571,Blue FarmInputs Enterprises,AgriTech,Growth,14,8,211964.16,47027.4,105982.08,48,646,0.3718,37.18,2.254,1.96,2.44,0.72,0.431,1,0,0,61.77,B,61.3,68.11,74.92,68.11,B,64.94,CONDITIONAL REVIEW,2026-06-10
SME_00572,Rapid Payments Studio,FinTech,Growth,2,6,777573.72,324479.4,388786.86,48,802,0.08640000000000003,8.64,1.198,0.0,3.0,1.0,0.429,0,1,0,77.14,A,76.3,84.78,93.26,84.78,A,80.96,APPROVE,2026-06-10
SME_00573,Green ProcessedFood Traders,Food,Medium,13,12,866622.96,95768.16,433311.48,48,649,0.36560000000000004,36.56,4.525,1.61,2.09,0.54,0.372,1,0,0,59.33,B,61.24,68.05,74.86,68.05,B,63.69,CONDITIONAL REVIEW,2026-06-10
SME_00574,Alpha HealthServices Ventures,Healthcare,Medium,13,6,804013.92,125174.4,402006.96,60,704,0.2661,26.61,3.212,0.64,2.33,0.67,0.079,0,1,0,52.69,B,60.54,67.27,74.0,67.27,B,59.98,APPROVE,2026-06-10
SME_00575,Ever Fabric Agro,Textile,Medium,14,11,489269.64,64929.0,244634.82,60,681,0.3073,30.73,3.768,1.46,2.43,0.71,0.273,0,0,0,62.69,B,65.21,72.46,79.71,72.46,A,67.57,APPROVE,2026-06-10
SME_00576,Urban Beverage Enterprises,Food,Small,3,9,578325.48,5436.36,289162.74,48,475,0.6819,68.19,9.9,3.61,1.22,0.11,0.174,2,1,0,30.72,C,39.31,43.68,48.05,43.68,C,37.2,REJECT,2026-06-10
SME_00577,Ever Accessories Enterprises,Textile,Medium,8,8,712260.6,-7318.08,356130.3,24,528,0.5855,58.55,9.9,2.63,1.25,0.12,0.237,1,1,0,59.79,B,53.33,59.26,65.19,59.26,B,59.52,CONDITIONAL REVIEW,2026-06-10
SME_00578,Fresh FleetServices Traders,Logistics,Micro,14,7,642510.12,70806.84,321255.06,60,616,0.4256,42.56,4.537,2.07,1.86,0.43,0.289,1,0,0,66.55,B,60.07,66.74,73.41,66.74,B,66.64,CONDITIONAL REVIEW,2026-06-10
SME_00579,Vertex Garments Care,Textile,Medium,13,7,392527.68,16051.92,196263.84,48,620,0.41859999999999997,41.86,9.9,1.68,1.89,0.44,0.124,0,0,0,41.62,C,57.22,63.58,69.94,63.58,B,52.6,CONDITIONAL REVIEW,2026-06-10
SME_00580,Urban DairySupport Enterprises,AgriTech,Growth,9,3,202836.0,43257.24,101418.0,24,755,0.17300000000000004,17.3,2.345,0.23,2.54,0.77,0.6,0,0,0,79.07,A,73.68,81.87,90.06,81.87,A,80.47,APPROVE,2026-06-10
SME_00581,Smart ProcessedFood Works,Food,Micro,3,11,718522.2,40330.32,359261.1,12,587,0.47750000000000004,47.75,8.908,2.04,1.43,0.21,0.131,1,0,0,43.35,C,54.82,60.91,67.0,60.91,B,52.13,CONDITIONAL REVIEW,2026-06-10
SME_00582,Trust Restaurant Works,Food,Medium,1,10,602503.56,65056.32,301251.78,12,612,0.43210000000000004,43.21,4.631,2.22,1.92,0.46,0.183,1,0,0,53.77,B,54.88,60.98,67.08,60.98,B,57.38,CONDITIONAL REVIEW,2026-06-10
SME_00583,Golden HomeGoods Ventures,Retail,Growth,4,15,396955.8,72334.08,198477.9,24,510,0.6174999999999999,61.75,2.744,2.45,1.58,0.29,0.109,1,0,1,33.63,C,38.96,43.29,47.62,43.29,C,38.46,FRAUD REVIEW,2026-06-10
SME_00584,Nova FarmInputs Foods,AgriTech,Micro,1,7,312421.8,31615.44,156210.9,36,521,0.599,59.9,4.941,2.72,1.0,0.0,0.436,1,1,1,38.26,C,44.2,49.11,54.02,49.11,C,43.69,FRAUD REVIEW,2026-06-10
SME_00585,Secure Dyeing Studio,Textile,Small,3,28,1256838.96,248744.04,628419.48,60,643,0.37649999999999995,37.65,2.526,1.42,2.24,0.62,0.078,1,0,0,42.7,C,59.04,65.6,72.16,65.6,B,54.15,CONDITIONAL REVIEW,2026-06-10
SME_00586,Bright FleetServices Traders,Logistics,Growth,1,7,368624.76,78181.44,184312.38,60,543,0.5576,55.76,2.357,2.31,1.86,0.43,0.341,1,0,0,44.84,C,47.48,52.75,58.03,52.75,B,48.8,CONDITIONAL REVIEW,2026-06-10
SME_00587,Green MetalWorks Partners,Manufacturing,Growth,11,5,722946.36,107108.76,361473.18,48,697,0.27759999999999996,27.76,3.375,0.99,2.14,0.57,0.332,0,0,0,75.92,A,66.14,73.49,80.84,73.49,A,74.7,APPROVE,2026-06-10
SME_00588,Smart ColdStorage Digital,AgriTech,Micro,9,5,466264.68,25385.52,233132.34,48,629,0.4023,40.23,9.184,1.4,1.86,0.43,0.291,1,0,0,53.48,B,60.31,67.01,73.71,67.01,B,60.25,CONDITIONAL REVIEW,2026-06-10
SME_00589,Smart MetalWorks Works,Manufacturing,Small,8,3,259773.12,45360.24,129886.56,24,653,0.3588,35.88,2.863,1.33,2.35,0.68,0.228,0,0,1,49.94,C,56.67,62.97,69.27,62.97,B,56.45,FRAUD REVIEW,2026-06-10
SME_00590,Future Fashion Studio,Retail,Medium,12,23,1231188.0,115854.12,615594.0,24,637,0.3872,38.72,5.314,2.51,2.29,0.65,0.499,1,1,0,74.79,A,64.94,72.16,79.38,72.16,A,73.47,CONDITIONAL REVIEW,2026-06-10
SME_00591,Smart Fabric Agro,Textile,Micro,6,21,1587197.64,142921.44,793598.82,36,667,0.33299999999999996,33.3,5.553,2.0,2.31,0.65,0.41,0,0,0,61.31,B,61.72,68.58,75.44,68.58,B,64.94,APPROVE,2026-06-10
SME_00592,Nova Bakery Solutions,Food,Small,6,13,668152.92,37240.32,334076.46,24,506,0.6249,62.49,8.971,3.4,1.44,0.22,0.262,2,1,1,49.6,C,48.31,53.68,59.05,53.68,B,51.64,FRAUD REVIEW,2026-06-10
SME_00593,Future Plastic Care,Manufacturing,Micro,3,5,486793.56,103844.4,243396.78,36,762,0.16059999999999997,16.06,2.344,0.26,2.63,0.82,0.157,0,1,0,58.76,B,76.06,84.51,92.96,84.51,A,71.64,APPROVE,2026-06-10
SME_00594,Urban SupplyChain Ventures,Logistics,Micro,6,27,1696782.36,381872.52,848391.18,48,720,0.236,23.6,2.222,0.79,2.7,0.85,0.294,0,0,0,55.17,B,65.76,73.07,80.38,73.07,A,64.12,APPROVE,2026-06-10
SME_00595,Green HomeGoods Enterprises,Retail,Small,3,7,333282.12,18737.52,166641.06,24,508,0.6212,62.12,8.893,2.5,1.1,0.05,0.282,1,0,1,33.96,C,39.04,43.38,47.72,43.38,C,38.67,FRAUD REVIEW,2026-06-10
SME_00596,Bright Plastic Traders,Manufacturing,Medium,9,8,343246.56,31647.6,171623.28,48,584,0.4831,48.31,5.423,2.31,1.55,0.27,0.139,1,0,1,35.99,C,48.18,53.53,58.88,53.53,B,44.76,FRAUD REVIEW,2026-06-10
SME_00597,Ever HealthServices Textiles,Healthcare,Medium,14,21,1533880.68,299953.08,766940.34,60,670,0.32709999999999995,32.71,2.557,1.46,2.29,0.64,0.18,0,0,1,50.62,B,51.51,57.23,62.95,57.23,B,53.92,FRAUD REVIEW,2026-06-10
SME_00598,Vertex SupplyChain Ventures,Logistics,Medium,8,13,1136199.72,69217.92,568099.86,48,563,0.5216000000000001,52.16,8.207,2.65,1.65,0.32,0.45,1,0,0,69.53,B,52.49,58.32,64.15,58.32,B,63.92,CONDITIONAL REVIEW,2026-06-10
SME_00599,Golden Accessories Digital,Textile,Small,4,34,1409440.32,157132.68,704720.16,48,646,0.37070000000000003,37.07,4.485,1.67,2.09,0.55,0.314,0,0,0,68.4,B,64.76,71.96,79.16,71.96,A,70.18,CONDITIONAL REVIEW,2026-06-10
SME_00600,Green Delivery Foods,Logistics,Micro,10,10,657914.88,150564.72,328957.44,12,672,0.32410000000000005,32.41,2.185,1.27,2.21,0.61,0.516,1,0,0,67.56,B,60.12,66.8,73.48,66.8,B,67.18,APPROVE,2026-06-10
SME_00601,Secure Bakery Hub,Food,Micro,12,7,507634.92,75212.52,253817.46,48,656,0.3519,35.19,3.375,1.36,2.44,0.72,0.187,0,0,0,56.37,B,60.82,67.58,74.34,67.58,B,61.97,CONDITIONAL REVIEW,2026-06-10
SME_00602,Vertex Pharmacy Agro,Healthcare,Micro,7,6,1100244.0,354794.16,550122.0,48,730,0.2187,21.87,1.551,0.69,2.93,0.97,0.151,0,0,1,53.16,B,63.59,70.65,77.72,70.65,A,61.91,FRAUD REVIEW,2026-06-10
SME_00603,Vertex Fabric Agro,Textile,Small,4,3,282900.12,19626.36,141450.06,60,534,0.5749,57.49,7.207,2.47,1.47,0.23,0.186,1,0,0,45.06,C,45.68,50.75,55.83,50.75,B,47.91,CONDITIONAL REVIEW,2026-06-10
SME_00604,Trust HealthServices Traders,Healthcare,Micro,10,8,545996.4,57390.84,272998.2,12,574,0.5014000000000001,50.14,4.757,2.08,1.59,0.3,0.222,1,1,0,38.07,C,42.88,47.65,52.41,47.65,C,42.86,CONDITIONAL REVIEW,2026-06-10
SME_00605,Trust Fabric Digital,Textile,Micro,3,18,1200979.8,174572.16,600489.9,48,581,0.4898,48.98,3.44,2.42,1.94,0.47,0.086,1,0,0,47.86,C,52.8,58.67,64.54,58.67,B,53.27,CONDITIONAL REVIEW,2026-06-10
SME_00606,Future LendingTech Foods,FinTech,Micro,14,13,1356535.68,397815.48,678267.84,60,757,0.16979999999999995,16.98,1.705,0.4,3.0,1.0,0.408,0,0,0,70.41,A,69.44,77.16,84.88,77.16,A,73.78,APPROVE,2026-06-10
SME_00607,Trust Dyeing Textiles,Textile,Medium,5,9,923935.56,17199.6,461967.78,24,608,0.4403,44.03,9.9,2.18,1.79,0.39,0.518,1,0,0,72.48,A,57.61,64.01,70.41,64.01,B,68.25,CONDITIONAL REVIEW,2026-06-10
SME_00608,Smart HomeGoods Ventures,Retail,Small,5,5,187795.8,47898.72,93897.9,24,772,0.1411,14.11,1.96,0.67,3.0,1.0,0.443,0,0,0,63.53,B,73.15,81.28,89.41,81.28,A,72.41,APPROVE,2026-06-10
SME_00609,Nova Pharmacy Textiles,Healthcare,Growth,11,10,1009766.28,317180.88,504883.14,36,762,0.1594,15.94,1.592,0.56,2.76,0.88,0.463,0,1,0,63.87,B,68.28,75.87,83.46,75.87,A,69.87,APPROVE,2026-06-10
SME_00610,Trust Beverage Mart,Food,Medium,0,17,770577.12,40207.56,385288.56,48,612,0.43189999999999995,43.19,9.582,2.39,1.65,0.32,0.258,1,0,0,49.56,C,59.71,66.34,72.97,66.34,B,57.95,CONDITIONAL REVIEW,2026-06-10
SME_00611,Green ProcessedFood Hub,Food,Small,3,12,579420.48,65521.44,289710.24,24,506,0.626,62.6,4.422,2.61,1.61,0.31,0.207,1,0,1,40.18,C,45.72,50.8,55.88,50.8,B,45.49,FRAUD REVIEW,2026-06-10
SME_00612,Golden FleetServices Logistics,Logistics,Micro,2,10,454847.76,67150.68,227423.88,36,545,0.5553,55.53,3.387,2.59,1.69,0.34,0.145,1,0,0,39.7,C,49.37,54.86,60.35,54.86,B,47.28,CONDITIONAL REVIEW,2026-06-10
SME_00613,Rapid Accessories Agro,Textile,Small,6,6,209651.76,18898.32,104825.88,60,561,0.5246,52.46,5.547,1.93,1.51,0.25,0.16,1,1,0,35.08,C,49.53,55.03,60.53,55.03,B,45.05,CONDITIONAL REVIEW,2026-06-10
SME_00614,Trust Dyeing Traders,Textile,Micro,8,15,1408135.2,157304.4,704067.6,36,508,0.6227,62.27,4.476,3.02,1.24,0.12,0.15,1,0,0,31.29,C,44.62,49.58,54.54,49.58,C,40.44,REJECT,2026-06-10
SME_00615,Urban MetalWorks Logistics,Manufacturing,Small,3,3,361492.8,36614.64,180746.4,36,586,0.47919999999999996,47.92,4.936,1.92,1.7,0.35,0.185,1,0,1,52.96,B,54.38,60.42,66.46,60.42,B,56.69,FRAUD REVIEW,2026-06-10
SME_00616,Vertex Pharmacy Hub,Healthcare,Small,5,11,1453704.48,401176.2,726852.24,12,725,0.2278,22.78,1.812,0.9,3.0,1.0,0.446,0,0,0,62.42,B,64.1,71.22,78.34,71.22,A,66.82,APPROVE,2026-06-10
SME_00617,Green Diagnostics Partners,Healthcare,Small,11,42,2810665.32,462103.92,1405332.66,12,675,0.31889999999999996,31.89,3.041,1.16,2.39,0.7,0.212,0,0,0,49.19,C,61.38,68.2,75.02,68.2,B,58.7,APPROVE,2026-06-10
SME_00618,Golden AgroProcessing Solutions,AgriTech,Micro,14,4,340779.12,65404.8,170389.56,60,726,0.22550000000000003,22.55,2.605,1.28,2.73,0.87,0.367,0,0,0,64.56,B,64.86,72.07,79.28,72.07,A,68.31,APPROVE,2026-06-10
SME_00619,Vertex Electronics Traders,Retail,Medium,0,8,321344.4,101681.4,160672.2,48,670,0.32720000000000005,32.72,1.58,1.41,2.4,0.7,0.221,0,0,0,58.38,B,57.83,64.25,70.68,64.25,B,61.31,APPROVE,2026-06-10
SME_00620,Prime Grocery Mart,Retail,Medium,9,9,607659.96,56412.84,303829.98,12,599,0.4556,45.56,5.386,2.39,1.65,0.33,0.15,1,0,0,59.74,B,56.47,62.74,69.01,62.74,B,61.24,CONDITIONAL REVIEW,2026-06-10
SME_00621,Rapid Payments Studio,FinTech,Medium,0,7,1243270.56,255334.8,621635.28,12,639,0.3833,38.33,2.435,1.11,1.97,0.48,0.208,1,1,0,54.08,B,57.45,63.83,70.21,63.83,B,58.95,CONDITIONAL REVIEW,2026-06-10
SME_00622,Trust Restaurant Ventures,Food,Small,8,17,853862.64,89875.56,426931.32,24,702,0.26849999999999996,26.85,4.75,1.33,2.33,0.66,0.521,0,0,0,74.75,A,67.82,75.36,82.9,75.36,A,75.06,APPROVE,2026-06-10
SME_00623,Green Fabric Enterprises,Textile,Small,13,12,1617738.0,235714.32,808869.0,60,684,0.30179999999999996,30.18,3.432,1.95,1.86,0.43,0.237,0,0,0,53.51,B,59.56,66.18,72.8,66.18,B,59.84,APPROVE,2026-06-10
SME_00624,Blue Restaurant Textiles,Food,Micro,12,10,422183.88,61233.12,211091.94,60,740,0.20079999999999998,20.08,3.447,0.56,2.51,0.76,0.337,0,0,0,69.39,B,72.33,80.37,88.41,80.37,A,74.88,APPROVE,2026-06-10
SME_00625,Trust Accessories Traders,Textile,Medium,3,15,418675.56,69390.6,209337.78,24,588,0.4756,47.56,3.017,2.52,2.33,0.67,0.148,1,0,0,51.14,B,56.43,62.7,68.97,62.7,B,56.92,CONDITIONAL REVIEW,2026-06-10
SME_00626,Trust ProcessedFood Traders,Food,Small,4,9,805906.68,140382.0,402953.34,12,573,0.5045,50.45,2.87,2.82,2.05,0.52,0.38,1,1,0,59.58,B,49.36,54.84,60.32,54.84,B,57.21,CONDITIONAL REVIEW,2026-06-10
SME_00627,Rapid LendingTech Hub,FinTech,Micro,11,61,2036255.4,410793.12,1018127.7,36,732,0.21389999999999998,21.39,2.478,1.27,2.39,0.69,0.514,0,0,0,82.33,A,72.04,80.04,88.04,80.04,A,81.19,APPROVE,2026-06-10
SME_00628,Bright Fashion Care,Retail,Small,12,10,1175606.76,141958.8,587803.38,48,589,0.4747,47.47,4.141,2.52,1.74,0.37,0.354,1,0,0,55.93,B,48.62,54.02,59.42,54.02,B,54.98,CONDITIONAL REVIEW,2026-06-10
SME_00629,Alpha Restaurant Partners,Food,Growth,4,10,898317.24,88395.48,449158.62,60,673,0.3225,32.25,5.081,1.64,2.47,0.74,0.267,1,0,0,60.82,B,65.71,73.01,80.31,73.01,A,66.92,APPROVE,2026-06-10
SME_00630,Green LendingTech Works,FinTech,Small,0,3,690525.6,163957.32,345262.8,24,757,0.16949999999999998,16.95,2.106,0.51,2.77,0.88,0.437,0,0,0,68.01,B,68.78,76.42,84.06,76.42,A,72.22,APPROVE,2026-06-10
SME_00631,Rapid Fabric Digital,Textile,Small,6,7,796844.04,143105.52,398422.02,48,619,0.42069999999999996,42.07,2.784,1.96,2.18,0.59,0.315,1,0,0,54.2,B,55.35,61.5,67.65,61.5,B,57.85,CONDITIONAL REVIEW,2026-06-10
SME_00632,Bright LendingTech Textiles,FinTech,Small,9,18,1144524.12,437509.32,572262.06,48,812,0.06830000000000003,6.83,1.308,0.0,3.0,1.0,0.6,0,1,0,87.79,A,82.62,91.8,100.0,91.8,A,89.8,APPROVE,2026-06-10
SME_00633,Bright Electronics Mart,Retail,Small,6,4,150262.56,20677.44,75131.28,48,693,0.2855,28.55,3.633,0.87,2.15,0.57,0.465,0,0,0,59.72,B,66.99,74.43,81.87,74.43,A,67.08,APPROVE,2026-06-10
SME_00634,Bright ColdStorage Care,AgriTech,Small,14,3,362813.04,44150.16,181406.52,48,576,0.49850000000000005,49.85,4.109,1.82,1.74,0.37,0.402,1,0,0,61.73,B,55.44,61.6,67.76,61.6,B,61.66,CONDITIONAL REVIEW,2026-06-10
SME_00635,Future Fashion Ventures,Retail,Small,12,9,303367.32,35254.92,151683.66,36,577,0.4968,49.68,4.302,2.24,1.41,0.21,0.199,1,0,0,40.05,C,48.46,53.84,59.22,53.84,B,46.95,CONDITIONAL REVIEW,2026-06-10
SME_00636,Rapid Electronics Agro,Retail,Small,11,21,1297149.12,204044.16,648574.56,48,735,0.20850000000000002,20.85,3.179,1.27,2.88,0.94,0.344,0,0,0,65.28,B,68.95,76.61,84.27,76.61,A,70.94,APPROVE,2026-06-10
SME_00637,Prime FleetServices Partners,Logistics,Medium,0,9,789337.08,147431.16,394668.54,60,661,0.34419999999999995,34.42,2.677,1.44,2.16,0.58,0.405,0,0,0,54.3,B,57.02,63.36,69.7,63.36,B,58.83,APPROVE,2026-06-10
SME_00638,Secure Clinic Digital,Healthcare,Micro,12,7,931311.6,297293.28,465655.8,60,709,0.25549999999999995,25.55,1.566,0.69,2.88,0.94,0.518,0,0,0,72.81,A,66.16,73.51,80.86,73.51,A,73.16,APPROVE,2026-06-10
SME_00639,Vertex Payments Partners,FinTech,Medium,11,3,610307.28,153854.76,305153.64,36,694,0.2834,28.34,1.983,1.05,2.37,0.69,0.337,0,0,0,52.95,B,58.17,64.63,71.09,64.63,B,58.79,APPROVE,2026-06-10
SME_00640,Alpha Dyeing Enterprises,Textile,Small,6,12,832444.32,87695.52,416222.16,12,630,0.40049999999999997,40.05,4.746,1.7,1.61,0.3,0.139,1,1,0,46.67,C,59.28,65.87,72.46,65.87,B,56.27,CONDITIONAL REVIEW,2026-06-10
SME_00641,Bright Diagnostics Textiles,Healthcare,Medium,9,13,1063229.52,174795.24,531614.76,48,682,0.30610000000000004,30.61,3.041,0.66,2.28,0.64,0.154,0,0,0,51.28,B,64.28,71.42,78.56,71.42,A,61.35,APPROVE,2026-06-10
SME_00642,Smart SMEFinance Partners,FinTech,Medium,12,3,950652.36,359264.64,475326.18,60,794,0.10260000000000002,10.26,1.323,0.0,3.0,1.0,0.433,0,1,0,63.47,B,73.12,81.25,89.38,81.25,A,72.36,APPROVE,2026-06-10
SME_00643,Smart Fashion Mart,Retail,Medium,13,18,1182585.36,97459.68,591292.68,48,586,0.47950000000000004,47.95,6.067,2.08,1.91,0.45,0.134,1,0,1,35.88,C,51.22,56.91,62.6,56.91,B,46.39,FRAUD REVIEW,2026-06-10
SME_00644,Secure LightManufacturing Hub,Manufacturing,Small,8,14,1231027.2,291739.68,615513.6,24,783,0.12129999999999996,12.13,2.11,0.49,3.0,1.0,0.385,0,0,0,83.47,A,75.47,83.86,92.25,83.86,A,83.66,APPROVE,2026-06-10
SME_00645,Nova FleetServices Logistics,Logistics,Growth,1,18,746040.24,108232.32,373020.12,48,651,0.3619,36.19,3.446,1.5,2.26,0.63,0.357,1,0,0,68.22,B,62.77,69.75,76.73,69.75,B,68.98,CONDITIONAL REVIEW,2026-06-10
SME_00646,Blue Accessories Traders,Textile,Small,9,13,1351520.4,195822.96,675760.2,48,655,0.35509999999999997,35.51,3.451,1.78,2.04,0.52,0.051,1,0,0,47.25,C,59.89,66.55,73.2,66.55,B,56.9,CONDITIONAL REVIEW,2026-06-10
SME_00647,Ever HomeGoods Digital,Retail,Medium,10,13,289934.88,69673.8,144967.44,60,709,0.2559,25.59,2.081,1.07,2.37,0.69,0.286,0,1,0,53.39,B,63.55,70.61,77.67,70.61,A,62.0,APPROVE,2026-06-10
SME_00648,Golden Beverage Care,Food,Medium,1,12,698056.44,92539.44,349028.22,24,650,0.3638,36.38,3.772,1.37,1.86,0.43,0.247,0,0,0,61.56,B,55.15,61.28,67.41,61.28,B,61.42,CONDITIONAL REVIEW,2026-06-10
SME_00649,Alpha FleetServices Hub,Logistics,Micro,12,15,1380009.84,219618.84,690004.92,48,742,0.19579999999999997,19.58,3.142,1.15,2.74,0.87,0.321,0,0,0,64.69,B,71.12,79.02,86.92,79.02,A,71.85,APPROVE,2026-06-10
SME_00650,Trust Electronics Mart,Retail,Small,3,3,143011.56,19456.32,71505.78,24,680,0.3086,30.86,3.675,1.09,2.39,0.69,0.362,0,0,0,62.48,B,58.35,64.83,71.31,64.83,B,63.66,APPROVE,2026-06-10
SME_00651,Urban AgroProcessing Agro,AgriTech,Small,13,4,382727.52,55867.8,191363.76,12,658,0.3497,34.97,3.425,1.72,2.25,0.62,0.435,1,0,0,61.92,B,59.18,65.75,72.33,65.75,B,63.84,APPROVE,2026-06-10
SME_00652,Fresh Dyeing Studio,Textile,Micro,8,6,506019.84,63647.28,253009.92,24,595,0.46430000000000005,46.43,3.975,1.82,2.01,0.5,0.326,1,0,0,49.84,C,52.59,58.43,64.27,58.43,B,54.14,CONDITIONAL REVIEW,2026-06-10
SME_00653,Smart SupplyChain Works,Logistics,Small,5,8,589752.84,134130.36,294876.42,36,618,0.4212,42.12,2.198,2.3,2.46,0.73,0.223,0,0,0,47.01,C,50.56,56.18,61.8,56.18,B,51.59,CONDITIONAL REVIEW,2026-06-10
SME_00654,Bright LightManufacturing Care,Manufacturing,Small,1,11,1214262.96,266202.48,607131.48,24,785,0.1189,11.89,2.281,0.5,2.54,0.77,0.214,0,1,0,71.84,A,74.62,82.91,91.2,82.91,A,77.38,APPROVE,2026-06-10
SME_00655,Golden Garments Enterprises,Textile,Small,0,11,432042.72,38913.48,216021.36,60,477,0.6775,67.75,5.551,3.63,1.0,0.0,0.296,1,1,1,34.49,C,39.55,43.94,48.33,43.94,C,39.22,FRAUD REVIEW,2026-06-10
SME_00656,Alpha DairySupport Enterprises,AgriTech,Micro,11,18,819326.4,101017.08,409663.2,12,669,0.3284,32.84,4.055,2.09,2.23,0.62,0.384,1,0,0,69.72,B,60.69,67.43,74.17,67.43,B,68.58,APPROVE,2026-06-10
SME_00657,Green Accessories Solutions,Textile,Medium,5,18,451652.28,-26619.12,225826.14,24,425,0.7726999999999999,77.27,9.9,3.69,1.0,0.0,0.184,2,1,1,25.38,D,35.65,39.61,43.57,39.61,C,32.49,FRAUD REVIEW,2026-06-10
SME_00658,Trust LightManufacturing Care,Manufacturing,Small,12,5,756327.72,181761.84,378163.86,36,650,0.36350000000000005,36.35,2.081,1.45,2.62,0.81,0.434,0,0,0,61.03,B,53.64,59.6,65.56,59.6,B,60.31,CONDITIONAL REVIEW,2026-06-10
SME_00659,Blue Delivery Digital,Logistics,Medium,3,10,729624.48,124744.8,364812.24,24,729,0.22060000000000002,22.06,2.924,0.95,2.58,0.79,0.203,0,0,0,60.21,B,73.94,82.16,90.38,82.16,A,71.19,APPROVE,2026-06-10
SME_00660,Fresh FarmInputs Care,AgriTech,Micro,13,5,285039.24,39758.88,142519.62,24,692,0.28680000000000005,28.68,3.585,1.79,2.25,0.63,0.377,0,0,0,77.65,A,72.34,80.38,88.42,80.38,A,79.02,APPROVE,2026-06-10
SME_00661,Golden Plastic Works,Manufacturing,Small,14,8,1003287.0,136055.88,501643.5,60,661,0.34309999999999996,34.31,3.687,1.75,2.22,0.61,0.162,0,0,0,43.91,C,53.27,59.19,65.11,59.19,B,51.55,APPROVE,2026-06-10
SME_00662,Nova Dyeing Enterprises,Textile,Micro,1,11,588198.24,116619.24,294099.12,48,605,0.44520000000000004,44.52,2.522,1.84,2.1,0.55,0.224,1,0,0,46.39,C,56.56,62.84,69.12,62.84,B,54.62,CONDITIONAL REVIEW,2026-06-10
SME_00663,Golden LightManufacturing Solutions,Manufacturing,Medium,9,3,567535.08,138745.8,283767.54,48,578,0.4937,49.37,2.045,2.04,2.38,0.69,0.19,1,0,1,38.93,C,43.51,48.34,53.17,48.34,C,43.64,FRAUD REVIEW,2026-06-10
SME_00664,Urban Electronics Traders,Retail,Small,14,38,1237611.6,225949.2,618805.8,60,743,0.19530000000000003,19.53,2.739,1.1,2.62,0.81,0.167,0,0,0,68.88,B,75.11,83.45,91.8,83.45,A,76.16,APPROVE,2026-06-10
SME_00665,Urban AgroProcessing Foods,AgriTech,Growth,5,13,532443.24,143052.48,266221.62,36,624,0.41000000000000003,41.0,1.861,1.88,2.26,0.63,0.103,1,1,0,46.32,C,57.64,64.04,70.44,64.04,B,55.18,CONDITIONAL REVIEW,2026-06-10
SME_00666,Alpha HealthServices Foods,Healthcare,Small,1,6,685815.96,124390.32,342907.98,36,642,0.37739999999999996,37.74,2.757,1.65,2.22,0.61,0.274,0,0,0,52.88,B,54.32,60.36,66.4,60.36,B,56.62,CONDITIONAL REVIEW,2026-06-10
SME_00667,Blue AccountingTech Partners,FinTech,Small,13,29,1739940.84,438633.36,869970.42,48,793,0.10409999999999997,10.41,1.983,0.1,2.8,0.9,0.44,0,0,0,89.13,A,81.77,90.85,99.94,90.85,A,89.99,APPROVE,2026-06-10
SME_00668,Golden Accessories Hub,Textile,Micro,7,7,563385.96,-2051.52,281692.98,48,544,0.556,55.6,9.9,2.76,1.19,0.09,0.45,1,0,0,60.57,B,50.0,55.56,61.12,55.56,B,58.06,CONDITIONAL REVIEW,2026-06-10
SME_00669,Bright Packaging Traders,Manufacturing,Small,0,10,838561.92,144236.52,419280.96,12,575,0.5,50.0,2.907,2.27,2.09,0.55,0.243,1,0,0,43.88,C,43.09,47.88,52.67,47.88,C,45.88,CONDITIONAL REVIEW,2026-06-10
SME_00670,Future DairySupport Agro,AgriTech,Small,12,7,399825.24,51751.68,199912.62,36,585,0.48150000000000004,48.15,3.863,2.33,2.0,0.5,0.307,1,0,0,57.35,B,49.09,54.54,59.99,54.54,B,55.95,CONDITIONAL REVIEW,2026-06-10
SME_00671,Blue Grocery Partners,Retail,Small,10,24,1182255.6,146505.36,591127.8,60,655,0.35519999999999996,35.52,4.035,1.17,2.21,0.6,0.284,0,0,0,70.53,A,64.96,72.18,79.4,72.18,A,71.36,CONDITIONAL REVIEW,2026-06-10
SME_00672,Green SupplyChain Works,Logistics,Micro,1,8,655543.92,138640.08,327771.96,48,648,0.3667,36.67,2.364,1.55,2.22,0.61,0.226,1,0,0,60.17,B,57.29,63.66,70.03,63.66,B,61.91,CONDITIONAL REVIEW,2026-06-10
SME_00673,Golden Dyeing Partners,Textile,Micro,4,10,701188.08,54920.16,350594.04,24,650,0.36329999999999996,36.33,6.384,1.25,2.06,0.53,0.202,0,0,0,50.57,B,64.09,71.21,78.33,71.21,A,60.89,CONDITIONAL REVIEW,2026-06-10
SME_00674,Green Clinic Enterprises,Healthcare,Micro,0,19,701683.44,126288.84,350841.72,60,718,0.23960000000000004,23.96,2.778,1.18,2.62,0.81,0.263,0,0,0,69.64,B,65.46,72.73,80.0,72.73,A,71.19,APPROVE,2026-06-10
SME_00675,Smart Delivery Works,Logistics,Growth,14,13,1451351.64,234994.32,725675.82,36,567,0.5152,51.52,3.088,2.56,1.94,0.47,0.28,1,0,1,44.43,C,46.44,51.6,56.76,51.6,B,48.02,FRAUD REVIEW,2026-06-10
SME_00676,Blue FarmInputs Solutions,AgriTech,Small,0,9,275007.48,32310.6,137503.74,12,641,0.38070000000000004,38.07,4.256,1.87,1.92,0.46,0.469,1,0,0,61.97,B,62.05,68.94,75.83,68.94,B,65.45,CONDITIONAL REVIEW,2026-06-10
SME_00677,Urban Fabric Hub,Textile,Micro,12,18,670410.48,2627.4,335205.24,60,431,0.7626,76.26,9.9,3.72,1.0,0.0,0.181,1,1,0,30.25,C,35.22,39.13,43.04,39.13,C,34.69,REJECT,2026-06-10
SME_00678,Golden ProcessedFood Ventures,Food,Growth,7,41,1899732.24,156660.72,949866.12,60,603,0.44930000000000003,44.93,6.063,1.95,2.03,0.51,0.138,1,0,0,44.93,C,55.33,61.48,67.63,61.48,B,53.2,CONDITIONAL REVIEW,2026-06-10
SME_00679,Golden Fashion Enterprises,Retail,Micro,8,11,725812.56,77738.76,362906.28,36,581,0.48929999999999996,48.93,4.668,2.33,1.7,0.35,0.305,1,0,0,52.37,B,54.41,60.46,66.51,60.46,B,56.41,CONDITIONAL REVIEW,2026-06-10
SME_00680,Vertex FarmInputs Logistics,AgriTech,Small,12,10,666967.08,107370.72,333483.54,36,658,0.34950000000000003,34.95,3.106,1.48,2.32,0.66,0.299,0,0,0,54.06,B,57.64,64.04,70.44,64.04,B,59.05,APPROVE,2026-06-10
SME_00681,Rapid Electronics Studio,Retail,Medium,13,10,650972.16,158209.92,325486.08,24,722,0.2319,23.19,2.057,0.72,2.45,0.72,0.363,0,0,0,64.61,B,67.68,75.2,82.72,75.2,A,69.91,APPROVE,2026-06-10
SME_00682,Golden Plastic Partners,Manufacturing,Growth,2,20,977694.36,208951.8,488847.18,48,674,0.31989999999999996,31.99,2.34,1.38,2.48,0.74,0.053,0,1,0,51.04,B,62.12,69.02,75.92,69.02,B,60.03,APPROVE,2026-06-10
SME_00683,Bright Fashion Ventures,Retail,Medium,0,6,275406.96,23147.52,137703.48,60,583,0.48460000000000003,48.46,5.949,2.19,1.42,0.21,0.276,1,0,0,44.81,C,54.49,60.54,66.59,60.54,B,52.67,CONDITIONAL REVIEW,2026-06-10
SME_00684,Rapid Restaurant Partners,Food,Small,2,8,617655.6,100534.56,308827.8,36,604,0.4477,44.77,3.072,2.26,2.0,0.5,0.395,1,0,0,64.38,B,56.49,62.77,69.05,62.77,B,63.58,CONDITIONAL REVIEW,2026-06-10
SME_00685,Blue Delivery Solutions,Logistics,Growth,10,4,745602.84,79547.16,372801.42,60,678,0.31320000000000003,31.32,4.687,1.59,2.13,0.56,0.415,0,0,0,72.03,A,66.14,73.49,80.84,73.49,A,72.76,APPROVE,2026-06-10
SME_00686,Golden DairySupport Care,AgriTech,Micro,8,4,239367.84,18518.76,119683.92,60,525,0.5913999999999999,59.14,6.463,2.2,1.54,0.27,0.418,1,0,0,50.07,B,39.98,44.42,48.86,44.42,C,47.25,CONDITIONAL REVIEW,2026-06-10
SME_00687,Prime Beverage Textiles,Food,Growth,1,7,885011.88,158860.32,442505.94,12,649,0.36519999999999997,36.52,2.786,1.88,1.94,0.47,0.359,1,0,0,61.57,B,64.48,71.64,78.8,71.64,A,66.61,CONDITIONAL REVIEW,2026-06-10
SME_00688,Secure Accessories Hub,Textile,Medium,3,9,537309.12,-2855.16,268654.56,24,464,0.702,70.2,9.9,3.4,1.0,0.0,0.112,2,1,1,25.6,D,38.98,43.31,47.64,43.31,C,34.45,FRAUD REVIEW,2026-06-10
SME_00689,Smart Pharmacy Textiles,Healthcare,Growth,8,26,910126.92,252995.16,455063.46,60,739,0.20199999999999996,20.2,1.799,1.09,2.76,0.88,0.094,0,1,1,54.81,B,65.36,72.62,79.88,72.62,A,63.72,FRAUD REVIEW,2026-06-10
SME_00690,Urban Bakery Textiles,Food,Micro,11,12,394665.24,94066.68,197332.62,48,663,0.3409,34.09,2.098,1.52,2.13,0.57,0.558,1,1,0,58.03,B,57.16,63.51,69.86,63.51,B,60.77,APPROVE,2026-06-10
SME_00691,Blue Plastic Solutions,Manufacturing,Micro,5,5,296049.96,65264.28,148024.98,12,691,0.28869999999999996,28.87,2.268,1.4,2.55,0.78,0.243,0,0,0,58.27,B,60.89,67.66,74.43,67.66,B,62.97,APPROVE,2026-06-10
SME_00692,Smart Dyeing Agro,Textile,Medium,14,6,533325.0,94005.24,266662.5,24,659,0.34719999999999995,34.72,2.837,1.1,2.02,0.51,0.298,0,0,1,60.34,B,58.43,64.92,71.41,64.92,B,62.63,FRAUD REVIEW,2026-06-10
SME_00693,Nova MetalWorks Hub,Manufacturing,Small,14,21,1278801.96,233550.48,639400.98,48,688,0.29510000000000003,29.51,2.738,1.35,2.69,0.84,0.355,0,0,1,61.29,B,60.08,66.76,73.44,66.76,B,64.03,FRAUD REVIEW,2026-06-10
SME_00694,Vertex DairySupport Logistics,AgriTech,Small,11,18,773226.96,43447.92,386613.48,60,485,0.6634,66.34,8.898,3.21,1.4,0.2,0.22,1,0,1,38.8,C,36.72,40.8,44.88,40.8,C,39.8,FRAUD REVIEW,2026-06-10
SME_00695,Vertex Garments Agro,Textile,Growth,7,9,619424.88,58989.96,309712.44,12,590,0.47319999999999995,47.32,5.25,2.46,1.52,0.26,0.156,1,0,0,46.19,C,53.05,58.94,64.83,58.94,B,52.56,CONDITIONAL REVIEW,2026-06-10
SME_00696,Ever Restaurant Hub,Food,Small,13,7,763059.84,151394.64,381529.92,48,600,0.4545,45.45,2.52,2.28,2.31,0.66,0.186,1,0,0,47.79,C,51.87,57.63,63.39,57.63,B,52.71,CONDITIONAL REVIEW,2026-06-10
SME_00697,Bright Pharmacy Digital,Healthcare,Small,11,18,1479323.64,372452.04,739661.82,36,715,0.245,24.5,1.986,0.68,2.78,0.89,0.382,0,0,1,74.07,A,60.39,67.1,73.81,67.1,B,70.58,FRAUD REVIEW,2026-06-10
SME_00698,Nova Warehousing Enterprises,Logistics,Small,8,5,574144.44,30580.56,287072.22,24,589,0.47519999999999996,47.52,9.387,2.57,1.69,0.35,0.394,0,0,1,49.33,C,46.45,51.61,56.77,51.61,B,50.47,FRAUD REVIEW,2026-06-10
SME_00699,Prime SupplyChain Works,Logistics,Micro,6,11,666077.4,219989.88,333038.7,48,773,0.1402,14.02,1.514,1.2,3.0,1.0,0.283,0,0,0,70.03,A,74.4,82.67,90.94,82.67,A,76.35,APPROVE,2026-06-10
SME_00700,Green LightManufacturing Works,Manufacturing,Micro,12,35,2809827.12,660676.92,1404913.56,12,716,0.24360000000000004,24.36,2.126,0.36,2.96,0.98,0.407,0,0,0,58.64,B,68.55,76.17,83.79,76.17,A,67.41,APPROVE,2026-06-10
SME_00701,Trust Plastic Digital,Manufacturing,Micro,8,10,509096.4,125885.64,254548.2,36,683,0.30289999999999995,30.29,2.022,1.05,2.43,0.72,0.274,0,0,0,50.86,B,56.6,62.89,69.18,62.89,B,56.88,APPROVE,2026-06-10
SME_00702,Prime FarmInputs Textiles,AgriTech,Medium,3,6,315349.92,27574.44,157674.96,36,541,0.5617,56.17,5.718,2.04,1.53,0.27,0.388,1,0,0,46.78,C,51.52,57.24,62.96,57.24,B,52.01,CONDITIONAL REVIEW,2026-06-10
SME_00703,Prime Grocery Logistics,Retail,Medium,14,12,672709.44,110511.48,336354.72,60,653,0.35840000000000005,35.84,3.044,2.09,2.13,0.56,0.357,1,0,0,67.71,B,63.06,70.07,77.08,70.07,A,68.89,CONDITIONAL REVIEW,2026-06-10
SME_00704,Fresh Fabric Textiles,Textile,Small,1,7,615250.56,54493.8,307625.28,36,595,0.4629,46.29,5.645,1.57,1.61,0.31,0.118,1,0,1,34.89,C,54.28,60.31,66.34,60.31,B,47.6,FRAUD REVIEW,2026-06-10
SME_00705,Smart LightManufacturing Studio,Manufacturing,Small,10,4,507828.12,61522.08,253914.06,24,642,0.37870000000000004,37.87,4.127,1.23,1.62,0.31,0.294,0,0,0,55.98,B,65.06,72.29,79.52,72.29,A,64.14,CONDITIONAL REVIEW,2026-06-10
SME_00706,Trust Bakery Digital,Food,Medium,10,14,817591.44,118165.56,408795.72,12,570,0.5084,50.84,3.46,2.23,1.62,0.31,0.283,1,0,0,47.03,C,54.43,60.48,66.53,60.48,B,53.75,CONDITIONAL REVIEW,2026-06-10
SME_00707,Blue AccountingTech Traders,FinTech,Medium,8,18,1422675.36,410839.68,711337.68,36,748,0.18469999999999998,18.47,1.731,0.0,3.0,1.0,0.288,0,1,0,77.18,A,73.23,81.37,89.51,81.37,A,79.28,APPROVE,2026-06-10
SME_00708,Green LendingTech Foods,FinTech,Growth,1,7,1241116.08,271703.28,620558.04,12,703,0.268,26.8,2.284,0.95,2.64,0.82,0.09,0,1,0,45.99,C,58.28,64.76,71.24,64.76,B,55.38,APPROVE,2026-06-10
SME_00709,Nova ProcessedFood Studio,Food,Small,7,7,500686.92,16802.64,250343.46,24,544,0.5556,55.56,9.9,2.3,1.17,0.09,0.354,1,1,0,43.86,C,46.73,51.92,57.11,51.92,B,47.89,CONDITIONAL REVIEW,2026-06-10
SME_00710,Urban Beverage Traders,Food,Medium,13,5,916433.16,-4287.12,458216.58,24,644,0.3748,37.48,9.9,1.44,1.69,0.35,0.135,1,0,1,44.56,C,59.1,65.67,72.24,65.67,B,55.12,FRAUD REVIEW,2026-06-10
SME_00711,Ever Garments Textiles,Textile,Small,3,8,595397.88,53114.16,297698.94,36,589,0.4747,47.47,5.605,2.04,1.75,0.37,0.167,1,0,0,49.55,C,56.37,62.63,68.89,62.63,B,56.09,CONDITIONAL REVIEW,2026-06-10
SME_00712,Trust SupplyChain Enterprises,Logistics,Small,10,6,638312.52,106582.92,319156.26,24,552,0.5422,54.22,2.994,2.34,1.4,0.2,0.406,1,0,0,51.35,B,43.94,48.82,53.7,48.82,C,50.09,CONDITIONAL REVIEW,2026-06-10
SME_00713,Prime LendingTech Mart,FinTech,Medium,12,5,840765.24,229054.8,420382.62,12,794,0.10109999999999997,10.11,1.835,0.0,3.0,1.0,0.503,0,1,0,72.17,A,74.02,82.24,90.46,82.24,A,77.2,APPROVE,2026-06-10
SME_00714,Blue Accessories Traders,Textile,Small,14,28,1457249.52,277569.48,728624.76,24,766,0.15339999999999998,15.34,2.625,0.8,2.46,0.73,0.371,0,0,0,72.65,A,75.89,84.32,92.75,84.32,A,78.48,APPROVE,2026-06-10
SME_00715,Future LendingTech Logistics,FinTech,Small,7,12,981404.16,175505.04,490702.08,12,641,0.38,38.0,2.796,1.52,2.42,0.71,0.144,1,0,0,44.34,C,54.78,60.87,66.96,60.87,B,52.61,CONDITIONAL REVIEW,2026-06-10
SME_00716,Green Packaging Care,Manufacturing,Small,5,13,952306.08,108802.08,476153.04,12,621,0.4172,41.72,4.376,1.75,1.95,0.47,0.164,1,1,0,38.32,C,51.25,56.94,62.63,56.94,B,47.63,CONDITIONAL REVIEW,2026-06-10
SME_00717,Smart Beverage Agro,Food,Small,10,15,790503.72,237759.6,395251.86,36,731,0.21609999999999996,21.61,1.662,1.04,2.76,0.88,0.586,0,1,0,67.36,B,79.54,88.38,97.22,88.38,A,77.87,APPROVE,2026-06-10
SME_00718,Ever Fashion Care,Retail,Small,7,14,688860.72,67815.84,344430.36,12,560,0.5268999999999999,52.69,5.079,2.55,1.91,0.46,0.342,1,0,0,47.81,C,43.09,47.88,52.67,47.88,C,47.84,CONDITIONAL REVIEW,2026-06-10
SME_00719,Rapid Delivery Studio,Logistics,Medium,9,7,770768.76,128426.88,385384.38,12,591,0.47030000000000005,47.03,3.001,2.69,2.29,0.65,0.409,0,0,0,55.25,B,46.68,51.87,57.06,51.87,B,53.56,CONDITIONAL REVIEW,2026-06-10
SME_00720,Future Accessories Studio,Textile,Small,11,11,878918.64,82969.32,439459.32,12,575,0.4998,49.98,5.297,2.29,1.8,0.4,0.108,1,0,0,45.23,C,59.46,66.07,72.68,66.07,B,55.65,CONDITIONAL REVIEW,2026-06-10
SME_00721,Ever ProcessedFood Logistics,Food,Micro,10,8,649348.32,43299.36,324674.16,60,649,0.36619999999999997,36.62,7.498,1.28,1.91,0.45,0.46,0,0,1,47.69,C,56.53,62.81,69.09,62.81,B,55.25,FRAUD REVIEW,2026-06-10
SME_00722,Smart ProcessedFood Textiles,Food,Medium,4,12,1134831.0,142025.52,567415.5,48,518,0.6036,60.36,3.995,2.73,1.79,0.4,0.25,1,0,1,40.69,C,45.93,51.03,56.13,51.03,B,45.86,FRAUD REVIEW,2026-06-10
SME_00723,Nova Fashion Partners,Retail,Small,11,11,697921.2,117421.08,348960.6,36,684,0.3025,30.25,2.972,1.42,2.36,0.68,0.501,0,0,0,64.23,B,65.29,72.54,79.79,72.54,A,68.39,APPROVE,2026-06-10
SME_00724,Ever Garments Hub,Textile,Growth,8,7,1478587.68,139314.6,739293.84,12,592,0.46840000000000004,46.84,5.307,1.78,1.96,0.48,0.279,1,0,1,54.38,B,53.16,59.07,64.98,59.07,B,56.73,FRAUD REVIEW,2026-06-10
SME_00725,Golden Electronics Traders,Retail,Micro,13,4,320479.8,69230.76,160239.9,36,716,0.24329999999999996,24.33,2.315,0.95,2.61,0.81,0.511,0,0,0,60.85,B,66.07,73.41,80.75,73.41,A,67.13,APPROVE,2026-06-10
SME_00726,Ever Fashion Agro,Retail,Small,10,10,720277.44,160067.52,360138.72,12,571,0.5077,50.77,2.25,2.73,1.81,0.41,0.219,1,1,1,43.59,C,47.48,52.75,58.03,52.75,B,48.17,FRAUD REVIEW,2026-06-10
SME_00727,Rapid MetalWorks Solutions,Manufacturing,Small,13,8,709636.08,81583.08,354818.04,24,708,0.25849999999999995,25.85,4.349,0.44,2.24,0.62,0.228,0,0,0,67.73,B,69.91,77.68,85.45,77.68,A,72.71,APPROVE,2026-06-10
SME_00728,Fresh Fashion Digital,Retail,Medium,14,3,439307.64,56483.76,219653.82,24,592,0.4685,46.85,3.889,1.89,1.83,0.41,0.211,1,0,1,41.39,C,48.58,53.98,59.38,53.98,B,47.69,FRAUD REVIEW,2026-06-10
SME_00729,Fresh Restaurant Mart,Food,Micro,14,12,611738.88,90919.56,305869.44,60,568,0.512,51.2,3.364,2.65,1.87,0.44,0.118,1,0,1,39.84,C,48.49,53.88,59.27,53.88,B,46.86,FRAUD REVIEW,2026-06-10
SME_00730,Urban Beverage Foods,Food,Growth,11,16,1022640.6,143449.32,511320.3,12,643,0.376,37.6,3.564,1.72,1.81,0.4,0.409,1,0,0,70.15,A,63.7,70.78,77.86,70.78,A,70.47,CONDITIONAL REVIEW,2026-06-10
SME_00731,Smart DairySupport Logistics,AgriTech,Small,9,41,758037.96,116374.68,379018.98,60,599,0.45630000000000004,45.63,3.257,2.1,2.24,0.62,0.238,1,0,1,56.92,B,54.52,60.58,66.64,60.58,B,58.75,FRAUD REVIEW,2026-06-10
SME_00732,Future Grocery Textiles,Retail,Small,2,7,439788.12,87168.48,219894.06,24,626,0.40690000000000004,40.69,2.523,2.17,1.92,0.46,0.293,0,0,0,47.03,C,51.26,56.96,62.66,56.96,B,52.0,CONDITIONAL REVIEW,2026-06-10
SME_00733,Blue Electronics Works,Retail,Small,6,7,355225.2,14939.64,177612.6,48,472,0.6879,68.79,9.9,3.47,1.25,0.13,0.112,2,1,0,28.76,D,38.2,42.44,46.68,42.44,C,35.6,REJECT,2026-06-10
SME_00734,Fresh DairySupport Digital,AgriTech,Micro,7,5,229690.2,40330.08,114845.1,48,584,0.48350000000000004,48.35,2.848,2.47,2.29,0.64,0.547,1,0,0,58.63,B,49.28,54.76,60.24,54.76,B,56.7,CONDITIONAL REVIEW,2026-06-10
SME_00735,Blue HomeGoods Partners,Retail,Small,11,10,487005.84,59008.2,243502.92,24,589,0.4747,47.47,4.127,1.91,2.0,0.5,0.252,1,0,0,50.5,B,54.4,60.44,66.48,60.44,B,55.47,CONDITIONAL REVIEW,2026-06-10
SME_00736,Nova Clinic Digital,Healthcare,Micro,9,10,1725955.92,462631.8,862977.96,48,830,0.03710000000000002,3.71,1.865,0.0,3.0,1.0,0.312,0,1,0,68.8,B,76.29,84.77,93.25,84.77,A,76.78,APPROVE,2026-06-10
SME_00737,Future Packaging Agro,Manufacturing,Small,6,6,736674.48,32434.2,368337.24,36,640,0.38239999999999996,38.24,9.9,1.72,1.98,0.49,0.101,1,0,0,45.22,C,60.22,66.91,73.6,66.91,B,56.06,CONDITIONAL REVIEW,2026-06-10
SME_00738,Green MetalWorks Foods,Manufacturing,Medium,2,8,457063.68,106035.6,228531.84,24,749,0.18379999999999996,18.38,2.155,1.62,2.85,0.92,0.482,0,1,0,68.07,B,68.16,75.73,83.3,75.73,A,71.9,APPROVE,2026-06-10
SME_00739,Ever DairySupport Enterprises,AgriTech,Small,10,3,318015.0,37096.68,159007.5,12,539,0.5657,56.57,4.286,2.25,1.37,0.19,0.347,1,0,0,43.89,C,48.7,54.11,59.52,54.11,B,49.0,CONDITIONAL REVIEW,2026-06-10
SME_00740,Vertex ProcessedFood Ventures,Food,Micro,6,16,574170.48,134478.48,287085.24,24,658,0.3496,34.96,2.135,1.48,2.68,0.84,0.401,0,0,0,71.27,A,62.82,69.8,76.78,69.8,B,70.53,APPROVE,2026-06-10
SME_00741,Golden Grocery Studio,Retail,Micro,1,6,396838.8,-3656.88,198419.4,36,605,0.44610000000000005,44.61,9.9,1.44,1.34,0.17,0.287,1,1,1,35.45,C,52.75,58.61,64.47,58.61,B,47.03,FRAUD REVIEW,2026-06-10
SME_00742,Trust Fashion Textiles,Retail,Micro,4,9,518326.44,14100.24,259163.22,12,519,0.6026,60.26,9.9,2.34,1.11,0.05,0.156,1,0,0,35.37,C,47.49,52.77,58.05,52.77,B,44.07,REJECT,2026-06-10
SME_00743,Golden Fabric Textiles,Textile,Micro,13,4,529755.96,46659.48,264877.98,60,454,0.7206,72.06,5.677,3.29,1.22,0.11,0.106,2,1,1,31.09,C,38.98,43.31,47.64,43.31,C,37.2,FRAUD REVIEW,2026-06-10
SME_00744,Bright Grocery Traders,Retail,Small,2,6,653312.52,1656.36,326656.26,24,562,0.5245,52.45,9.9,2.51,1.37,0.19,0.12,1,1,1,36.63,C,47.9,53.22,58.54,53.22,B,44.92,FRAUD REVIEW,2026-06-10
SME_00745,Fresh Beverage Enterprises,Food,Micro,6,8,391885.08,14617.2,195942.54,24,586,0.47909999999999997,47.91,9.9,2.13,1.62,0.31,0.248,1,0,1,42.63,C,53.86,59.84,65.82,59.84,B,51.23,FRAUD REVIEW,2026-06-10
SME_00746,Urban Beverage Ventures,Food,Growth,7,9,718760.64,174261.12,359380.32,12,717,0.242,24.2,2.062,0.9,2.79,0.89,0.172,0,0,0,57.52,B,72.51,80.57,88.63,80.57,A,69.05,APPROVE,2026-06-10
SME_00747,Future ColdStorage Works,AgriTech,Micro,1,12,619142.4,44409.6,309571.2,12,503,0.6302,63.02,6.971,2.38,1.13,0.06,0.352,1,0,1,43.28,C,43.67,48.52,53.37,48.52,C,45.9,FRAUD REVIEW,2026-06-10
SME_00748,Golden Beverage Hub,Food,Micro,2,21,595153.32,20112.0,297576.66,60,440,0.7455,74.55,9.9,3.45,1.28,0.14,0.132,2,1,0,28.66,D,38.92,43.24,47.56,43.24,C,35.95,REJECT,2026-06-10
SME_00749,Secure Payments Works,FinTech,Medium,14,14,1213012.56,472942.68,606506.28,60,802,0.08720000000000006,8.72,1.282,0.0,3.0,1.0,0.6,0,1,0,89.12,A,82.05,91.17,100.0,91.17,A,90.15,APPROVE,2026-06-10
SME_00750,Secure SMEFinance Foods,FinTech,Small,9,16,1373514.96,400952.4,686757.48,48,760,0.1644,16.44,1.713,0.0,3.0,1.0,0.459,0,1,0,67.64,B,68.18,75.76,83.34,75.76,A,71.7,APPROVE,2026-06-10
SME_00751,Golden LightManufacturing Traders,Manufacturing,Small,3,21,1262057.88,36977.28,631028.94,36,512,0.6142000000000001,61.42,9.9,2.72,1.14,0.07,0.228,1,1,0,53.25,B,49.02,54.47,59.92,54.47,B,53.86,REJECT,2026-06-10
SME_00752,Smart ColdStorage Care,AgriTech,Growth,2,13,261292.44,44296.08,130646.22,12,563,0.5212,52.12,2.949,2.49,1.78,0.39,0.25,1,0,0,45.04,C,50.03,55.59,61.15,55.59,B,50.31,CONDITIONAL REVIEW,2026-06-10
SME_00753,Alpha MetalWorks Digital,Manufacturing,Growth,6,9,955918.8,201631.8,477959.4,12,730,0.21889999999999998,21.89,2.37,0.7,2.52,0.76,0.186,0,0,0,54.55,B,66.29,73.66,81.03,73.66,A,64.1,APPROVE,2026-06-10
SME_00754,Bright ProcessedFood Partners,Food,Medium,10,17,552344.52,59953.56,276172.26,24,699,0.27370000000000005,27.37,4.606,1.42,2.54,0.77,0.321,0,0,0,63.05,B,61.98,68.87,75.76,68.87,B,65.96,APPROVE,2026-06-10
SME_00755,Future Clinic Enterprises,Healthcare,Micro,11,17,2283603.96,618166.2,1141801.98,48,789,0.11170000000000002,11.17,1.847,0.0,3.0,1.0,0.417,0,1,0,70.39,A,73.46,81.62,89.78,81.62,A,76.0,APPROVE,2026-06-10
SME_00756,Nova Packaging Partners,Manufacturing,Small,3,13,1116897.48,189672.0,558448.74,60,667,0.3335,33.35,2.944,1.29,2.16,0.58,0.374,0,0,0,63.94,B,63.06,70.07,77.08,70.07,A,67.0,APPROVE,2026-06-10
SME_00757,Fresh AgroProcessing Hub,AgriTech,Growth,11,4,505298.28,56253.0,252649.14,36,584,0.484,48.4,4.491,2.57,1.79,0.4,0.341,0,0,0,52.86,B,47.06,52.29,57.52,52.29,B,52.58,CONDITIONAL REVIEW,2026-06-10
SME_00758,Prime Accessories Works,Textile,Growth,13,5,731959.8,70177.8,365979.9,24,624,0.4105,41.05,5.215,2.04,1.78,0.39,0.6,1,0,0,76.06,A,59.84,66.49,73.14,66.49,B,71.28,CONDITIONAL REVIEW,2026-06-10
SME_00759,Ever HomeGoods Foods,Retail,Micro,3,8,352262.28,63944.88,176131.14,12,544,0.5563,55.63,2.754,2.61,1.79,0.39,0.333,1,0,1,42.11,C,40.88,45.42,49.96,45.42,C,43.77,FRAUD REVIEW,2026-06-10
SME_00760,Nova Bakery Ventures,Food,Small,0,14,450815.76,11987.64,225407.88,12,499,0.6386000000000001,63.86,9.9,3.31,1.51,0.26,0.127,1,1,0,35.48,C,44.92,49.91,54.9,49.91,C,42.69,REJECT,2026-06-10
SME_00761,Secure Diagnostics Mart,Healthcare,Small,14,9,1235484.12,293053.2,617742.06,36,755,0.17320000000000002,17.32,2.108,0.25,2.71,0.86,0.393,0,0,0,78.08,A,71.69,79.66,87.63,79.66,A,78.87,APPROVE,2026-06-10
SME_00762,Nova Grocery Hub,Retail,Micro,8,18,634005.0,61326.12,317002.5,24,624,0.41169999999999995,41.17,5.169,1.92,2.41,0.7,0.465,1,0,0,55.42,B,57.72,64.13,70.54,64.13,B,59.77,CONDITIONAL REVIEW,2026-06-10
SME_00763,Golden HomeGoods Partners,Retail,Medium,11,20,1191300.48,142134.96,595650.24,24,571,0.5071,50.71,4.191,2.73,1.79,0.39,0.35,1,0,0,44.18,C,44.83,49.81,54.79,49.81,C,47.0,CONDITIONAL REVIEW,2026-06-10
SME_00764,Fresh HomeGoods Logistics,Retail,Micro,5,19,475146.24,58368.12,237573.12,24,598,0.45799999999999996,45.8,4.07,2.05,1.93,0.46,0.275,1,0,0,56.64,B,57.66,64.07,70.48,64.07,B,60.35,CONDITIONAL REVIEW,2026-06-10
SME_00765,Trust Garments Hub,Textile,Small,4,19,1687445.16,291285.96,843722.58,48,617,0.4235,42.35,2.897,2.08,2.11,0.56,0.181,1,0,0,50.27,B,57.73,64.14,70.55,64.14,B,57.2,CONDITIONAL REVIEW,2026-06-10
SME_00766,Rapid Electronics Works,Retail,Micro,3,5,456777.72,24558.12,228388.86,12,504,0.6298,62.98,9.3,2.9,1.43,0.22,0.189,1,0,1,35.82,C,43.94,48.82,53.7,48.82,C,42.32,FRAUD REVIEW,2026-06-10
SME_00767,Smart MetalWorks Agro,Manufacturing,Small,3,12,895592.52,124019.76,447796.26,48,598,0.45840000000000003,45.84,3.611,2.6,1.77,0.38,0.417,1,0,0,65.47,B,52.05,57.83,63.61,57.83,B,61.65,CONDITIONAL REVIEW,2026-06-10
SME_00768,Nova Electronics Ventures,Retail,Micro,7,6,777224.04,146764.08,388612.02,48,661,0.3439,34.39,2.648,0.89,2.14,0.57,0.232,0,0,0,69.26,B,66.56,73.96,81.36,73.96,A,71.61,APPROVE,2026-06-10
SME_00769,Nova Grocery Foods,Retail,Small,2,3,139738.92,32321.64,69869.46,60,688,0.29469999999999996,29.47,2.162,1.75,2.36,0.68,0.147,0,0,0,54.07,B,58.79,65.32,71.85,65.32,B,59.69,APPROVE,2026-06-10
SME_00770,Blue SupplyChain Studio,Logistics,Micro,12,8,847578.0,53649.24,423789.0,36,527,0.5866,58.66,7.899,2.94,1.45,0.23,0.069,1,0,0,33.4,C,39.75,44.17,48.59,44.17,C,38.78,CONDITIONAL REVIEW,2026-06-10
SME_00771,Smart Packaging Mart,Manufacturing,Growth,7,20,789636.12,162620.64,394818.06,60,697,0.27869999999999995,27.87,2.428,1.61,2.33,0.67,0.439,0,0,0,78.2,A,72.59,80.66,88.73,80.66,A,79.43,APPROVE,2026-06-10
SME_00772,Nova Bakery Traders,Food,Micro,13,12,1574582.52,287559.12,787291.26,12,631,0.3983,39.83,2.738,1.87,2.25,0.62,0.075,1,0,0,45.21,C,58.33,64.81,71.29,64.81,B,55.01,CONDITIONAL REVIEW,2026-06-10
SME_00773,Prime Delivery Partners,Logistics,Small,7,30,745097.4,121983.48,372548.7,48,742,0.19579999999999997,19.58,3.054,1.11,2.65,0.83,0.464,0,0,0,78.73,A,72.52,80.58,88.64,80.58,A,79.66,APPROVE,2026-06-10
SME_00774,Rapid AccountingTech Studio,FinTech,Micro,4,10,653966.52,124730.28,326983.26,48,695,0.28190000000000004,28.19,2.622,0.89,2.64,0.82,0.334,0,0,0,70.11,A,67.16,74.62,82.08,74.62,A,72.37,APPROVE,2026-06-10
SME_00775,Alpha Electronics Textiles,Retail,Micro,7,39,715234.08,87220.56,357617.04,12,710,0.25460000000000005,25.46,4.1,1.3,1.98,0.49,0.457,1,0,0,80.74,A,74.48,82.75,91.03,82.75,A,81.75,APPROVE,2026-06-10
SME_00776,Green Dyeing Agro,Textile,Micro,2,10,935720.28,205669.32,467860.14,36,740,0.19920000000000004,19.92,2.275,0.4,2.5,0.75,0.338,0,0,0,69.58,B,75.48,83.87,92.26,83.87,A,76.72,APPROVE,2026-06-10
SME_00777,Urban Delivery Agro,Logistics,Micro,12,9,1238171.4,185544.12,619085.7,60,730,0.2177,21.77,3.337,0.76,2.2,0.6,0.41,0,0,0,79.5,A,79.29,88.1,96.91,88.1,A,83.8,APPROVE,2026-06-10
SME_00778,Vertex HomeGoods Mart,Retail,Micro,10,4,307947.84,40212.72,153973.92,24,607,0.4417,44.17,3.829,2.78,2.24,0.62,0.279,1,0,0,55.06,B,56.68,62.98,69.28,62.98,B,59.02,CONDITIONAL REVIEW,2026-06-10
SME_00779,Ever Payments Hub,FinTech,Small,2,18,1791566.04,177883.08,895783.02,24,703,0.26749999999999996,26.75,5.036,1.54,2.06,0.53,0.284,0,0,0,55.15,B,61.14,67.93,74.72,67.93,B,61.54,APPROVE,2026-06-10
SME_00780,Urban Fabric Logistics,Textile,Medium,8,7,545599.56,22900.56,272799.78,36,575,0.4999,49.99,9.9,2.42,1.38,0.19,0.165,1,1,0,40.68,C,50.49,56.1,61.71,56.1,B,48.39,CONDITIONAL REVIEW,2026-06-10
SME_00781,Secure LightManufacturing Mart,Manufacturing,Micro,8,6,750584.64,68532.84,375292.32,60,609,0.43799999999999994,43.8,5.476,1.83,1.81,0.41,0.292,1,0,0,49.89,C,55.42,61.58,67.74,61.58,B,55.73,CONDITIONAL REVIEW,2026-06-10
SME_00782,Vertex Accessories Textiles,Textile,Small,3,19,1539100.2,209289.72,769550.1,12,598,0.45899999999999996,45.9,3.677,2.06,1.59,0.3,0.392,1,0,0,53.65,B,56.3,62.56,68.82,62.56,B,58.11,CONDITIONAL REVIEW,2026-06-10
SME_00783,Urban Bakery Partners,Food,Small,2,18,633255.24,74246.64,316627.62,36,537,0.5692999999999999,56.93,4.265,2.59,1.31,0.15,0.203,1,0,1,41.27,C,47.55,52.83,58.11,52.83,B,47.05,FRAUD REVIEW,2026-06-10
SME_00784,Secure Warehousing Ventures,Logistics,Micro,11,18,863183.4,94624.32,431591.7,48,609,0.4386,43.86,4.561,1.77,2.27,0.63,0.152,0,1,0,46.76,C,46.78,51.98,57.18,51.98,B,49.37,CONDITIONAL REVIEW,2026-06-10
SME_00785,Rapid Accessories Ventures,Textile,Small,4,7,632091.0,11269.56,316045.5,24,550,0.5457000000000001,54.57,9.9,2.4,1.31,0.15,0.351,1,0,1,57.37,B,50.09,55.65,61.22,55.65,B,56.51,FRAUD REVIEW,2026-06-10
SME_00786,Future ColdStorage Agro,AgriTech,Micro,8,9,527513.52,39349.08,263756.76,24,624,0.4111,41.11,6.703,1.59,1.88,0.44,0.224,0,0,0,56.57,B,60.45,67.17,73.89,67.17,B,61.87,CONDITIONAL REVIEW,2026-06-10
SME_00787,Alpha LendingTech Studio,FinTech,Micro,4,9,985764.36,250628.76,492882.18,60,726,0.22519999999999996,22.52,1.967,0.49,2.89,0.94,0.16,0,1,1,54.71,B,61.8,68.67,75.54,68.67,B,61.69,FRAUD REVIEW,2026-06-10
SME_00788,Urban DairySupport Textiles,AgriTech,Small,9,14,749175.84,71969.4,374587.92,60,587,0.4788,47.88,5.205,2.1,1.85,0.42,0.421,1,0,0,59.11,B,53.35,59.28,65.21,59.28,B,59.2,CONDITIONAL REVIEW,2026-06-10
SME_00789,Ever SMEFinance Hub,FinTech,Growth,1,23,1333910.04,268509.0,666955.02,60,761,0.16110000000000002,16.11,2.484,0.86,2.56,0.78,0.513,0,0,0,70.34,A,72.14,80.16,88.18,80.16,A,75.25,APPROVE,2026-06-10
SME_00790,Ever SupplyChain Mart,Logistics,Growth,5,11,892327.44,65776.56,446163.72,48,507,0.6233,62.33,6.783,2.89,1.39,0.2,0.153,1,0,1,38.09,C,39.49,43.88,48.27,43.88,C,40.98,FRAUD REVIEW,2026-06-10
SME_00791,Prime Plastic Textiles,Manufacturing,Growth,8,30,1560901.44,209672.52,780450.72,24,643,0.3769,37.69,3.722,1.68,2.11,0.55,0.242,1,0,0,55.81,B,62.37,69.3,76.23,69.3,B,62.55,CONDITIONAL REVIEW,2026-06-10
SME_00792,Blue Beverage Hub,Food,Small,6,15,861567.24,9477.36,430783.62,36,455,0.7176,71.76,9.9,3.37,1.18,0.09,0.236,2,1,0,30.06,C,38.7,43.0,47.3,43.0,C,36.53,REJECT,2026-06-10
SME_00793,Urban FarmInputs Enterprises,AgriTech,Micro,9,8,734799.0,173620.32,367399.5,36,750,0.1825,18.25,2.116,1.45,2.89,0.94,0.382,0,0,0,77.78,A,69.44,77.15,84.87,77.15,A,77.47,APPROVE,2026-06-10
SME_00794,Prime HomeGoods Enterprises,Retail,Small,3,15,595969.08,123861.12,297984.54,36,678,0.31320000000000003,31.32,2.406,1.05,2.22,0.61,0.263,1,0,0,58.12,B,69.25,76.94,84.63,76.94,A,67.53,APPROVE,2026-06-10
SME_00795,Secure Electronics Foods,Retail,Micro,6,25,685692.6,152165.04,342846.3,36,764,0.15580000000000005,15.58,2.253,0.35,2.71,0.86,0.138,0,0,0,56.23,B,76.94,85.49,94.04,85.49,A,70.86,APPROVE,2026-06-10
SME_00796,Rapid FarmInputs Solutions,AgriTech,Micro,11,30,935175.36,180801.96,467587.68,36,639,0.3843,38.43,2.586,2.12,2.13,0.57,0.324,0,0,0,69.32,B,59.18,65.76,72.34,65.76,B,67.54,CONDITIONAL REVIEW,2026-06-10
SME_00797,Green Fashion Digital,Retail,Micro,5,18,853683.6,106417.56,426841.8,60,600,0.45430000000000004,45.43,4.011,1.76,1.77,0.39,0.154,0,0,0,39.47,C,51.77,57.52,63.27,57.52,B,48.5,CONDITIONAL REVIEW,2026-06-10
SME_00798,Secure Grocery Hub,Retail,Small,2,9,533164.08,98229.84,266582.04,48,683,0.3045,30.45,2.714,0.86,2.38,0.69,0.112,0,1,1,45.45,C,59.69,66.32,72.95,66.32,B,55.88,FRAUD REVIEW,2026-06-10
SME_00799,Fresh HealthServices Care,Healthcare,Small,12,8,1250684.64,158747.88,625342.32,48,595,0.46430000000000005,46.43,3.939,1.97,2.1,0.55,0.35,1,0,0,48.2,C,54.1,60.11,66.12,60.11,B,54.16,CONDITIONAL REVIEW,2026-06-10
SME_00800,Prime Pharmacy Studio,Healthcare,Micro,11,13,776697.36,134080.8,388348.68,24,743,0.19510000000000005,19.51,2.896,0.56,2.71,0.86,0.516,0,1,0,68.76,B,66.27,73.63,80.99,73.63,A,71.19,APPROVE,2026-06-10
